query,positive,negative,positive_source,negative_source
Was it a project that focused on helping communities be more prepared for emergencies?,"December, 2016 ANNUAL PROGRESS REPORT 
 
ii | P a g e  
 
  
  
Project beneficiaries, Tharu communities, doing well with Fishery, 
Maadi, Chitwan 
December, 2016 ANNUAL PROGRESS REPORT 
 
iii | P a g e  
 
  
 PROJECT PROFILE 
About the Project Geographic coverage of the project 
Project Title: Comprehensive Disaster Risk 
Management Programme (CDRMP) 
 
Award ID :00061320","The project's effort towards making communities disaster resilient is continued. Over 17,000 families from 
Sindhu-khola sub-watershed of Sindhupalchowk and Riu-khola sub-watershed of Maadi Chitwan have been 
benefited through project activities. The outcomes of the project intervention since 2012/013 are visible -",10b495d541bde688ebfea7ce2d15dbd8f163ec818657ead3663acb6511bd9560.pdf,10b495d541bde688ebfea7ce2d15dbd8f163ec818657ead3663acb6511bd9560.pdf
How does the coverage area for this... project relate to its goal of reducing conflict and risk?,"Award ID :00061320 
 
Web link: www.np.undp.org/cdrmp/  
National level coverage (Yes/No): Yes 
Number of Regions covered: 5 
Number of Districts Covered: 55 
Number of Municipalities Covered: 37 
Number of VDCs Covered: 92 
Strategic Results 
UNDP Strategic Plan Outcome 5: Countries are able to reduce the likelihood of conflict and lower the risk of","UNDP : United Nations Development Programme 
UNISDR : United Nations' 
International Strategy for Disaster Reduction 
UNVs : United Nations Volunteers 
USD : United States Dollar (Currency) 
VDC : Village Development Committee 
WCDRR : World Conference on Disaster Risk Reduction 
 
  
December, 2016 ANNUAL PROGRESS REPORT 
 
ix | P a g e  
 
  
LIST OF TABLES 
  
 
LIST OF FIGURES",10b495d541bde688ebfea7ce2d15dbd8f163ec818657ead3663acb6511bd9560.pdf,10b495d541bde688ebfea7ce2d15dbd8f163ec818657ead3663acb6511bd9560.pdf
Is there a way to prepare communities for the effects of really severe weather events?,"natural disasters, including from climate change 
UNDP Strategic Plan Output 5.2: Effective institutional, legislative and policy frameworks in place to 
enhance the implementation of disaster and climate risk management measures at national sublevels 
UNDAF Outcome 7:  
People living in areas vulnerable to climate change and disasters benefit from improved risk management","implement systems and policies to effectively manage disaster risks  and 
adapt to climate change 
Output 7.2: Urban populations are better able to prepare for and manage 
hazard and climate change adaptation risk 
Output 7.3: Vulnerable populations have increased knowledge about 
disaster risk management and capacity for climate change adaptation and 
mitigation of risks",10b495d541bde688ebfea7ce2d15dbd8f163ec818657ead3663acb6511bd9560.pdf,10b495d541bde688ebfea7ce2d15dbd8f163ec818657ead3663acb6511bd9560.pdf
How do local governments usually prepare for big natural disasters?,"and are more resilient to hazard-related shocks 
 
UNDAF/CPAP Outputs: 
7.1 Government officials at all levels have capacity to lead and implement systems and policies to effe ctively 
manage disaster risks 
7.2 Urban populations are better able to prepare for and manage hazard and climate change adaptation risk","mitigation of risks  
Output 7.4: National preparedness and emergency systems are able to 
effectively prepare for and respond to hazard-related disasters 
 
 
 5.1 Progress towards the UNDAF Outcome and CPAP Outputs  
 
The CDRMP outputs contribute to the four outputs of CPAP and ultimately to the CPAP Outcome",10b495d541bde688ebfea7ce2d15dbd8f163ec818657ead3663acb6511bd9560.pdf,10b495d541bde688ebfea7ce2d15dbd8f163ec818657ead3663acb6511bd9560.pdf
Do you think certain groups of people are more protected from or better prepared to deal with natural disasters because of some kind of program or system?,"7.3 Vulnerable populations have increased knowledge about disaster risk management and capacity for 
climate change adaptation and mitigation of risks  
7.4 National preparedness and emergency systems are able to effectively prepare for and respond to 
hazard-related disaster 
Project Duration 
(day/month/year) 
Implementing Partner(s) Implementation 
Modality 
Start Date: 21/02/ 2011","implement systems and policies to effectively manage disaster risks  and 
adapt to climate change 
Output 7.2: Urban populations are better able to prepare for and manage 
hazard and climate change adaptation risk 
Output 7.3: Vulnerable populations have increased knowledge about 
disaster risk management and capacity for climate change adaptation and 
mitigation of risks",10b495d541bde688ebfea7ce2d15dbd8f163ec818657ead3663acb6511bd9560.pdf,10b495d541bde688ebfea7ce2d15dbd8f163ec818657ead3663acb6511bd9560.pdf
What was the main focus or goal of this partnership during that time period?,"Modality 
Start Date: 21/02/ 2011 
 
End Date:  
31/12/2015 (Original) 
31/12/2017(Extended) 
 
Primary Partner: Ministry of Home 
Affairs.  
Other partners include:  
Ministry of Federal Affairs and Local 
Development, Ministry of Urban 
Development,  
National Planning Commission, 
Ministry of Science, Technology and 
Environment, Ministry of Forests and 
Soil Conservation and","MoFSC : Ministry of Forests and Soil Conservation 
MoHA : Ministry of Home Affairs 
MoPE : Ministry of Population and Environment  
MoUD : Ministry of Urban Development 
MTC : Mobile Technological Clinics (Mobile Van Campaigns) 
NASC : Nepal Administrative Staff College 
NBC : National Building Codes 
NEA : Nepal Engineering Association 
December, 2016 ANNUAL PROGRESS REPORT 
 
viii | P a g e",10b495d541bde688ebfea7ce2d15dbd8f163ec818657ead3663acb6511bd9560.pdf,10b495d541bde688ebfea7ce2d15dbd8f163ec818657ead3663acb6511bd9560.pdf
Do these organizations work together on disaster response efforts in some way?,"Soil Conservation and 
Ministry of Agriculture Development 
Kathmandu Valley Development 
Authority 
National Government Training 
Institutions:  
Nepal Administrative Staff College 
(NASC) 
Local Development Training Academy 
(LDTA) and 
Tribhuvan University-Central 
Department of Environmental 
Science (TU-CDES). 
Direct 
Implementation 
Modality (DIM) 
Project Budget (US$)","Agriculture and 
Cooperatives, Minist ry of 
Health and Population, 
Ministry of Forests and 
Soil Conservation and 
Ministry of Environment 
no 
allocation 
5% 4.85% Continues 
support to NPC 
for D/CRM 
mainstreaming 
in Development 
planning 
A regional 
workshop held 
in Biratnagar, 
National 
workshop hel d 
in Kathmandu. 
14th 3-year plan 
contributed 
through “Risk 
Informed",10b495d541bde688ebfea7ce2d15dbd8f163ec818657ead3663acb6511bd9560.pdf,10b495d541bde688ebfea7ce2d15dbd8f163ec818657ead3663acb6511bd9560.pdf
Do you remember anything about a big disaster plan or how to respond to emergencies that got implemented around that time?,"December, 2016 ANNUAL PROGRESS REPORT 
 
v | P a g e  
 
  
TABLE OF CONTENT 
CONTENT PAGE NO 
Abbreviation vi 
List of Tables ix 
List of Figures (if any) ix 
1. EXECUTIVE SUMMARY 1 
2. BACKGROUND AND RATIONALE 4 
3. PROJECT SUMMARY AND OBJECTIVES 5 
4. PROGRAMMATIC REVISIONS 9 
5. NARRATIVES ON KEY RESULTS ACHIEVED IN 2016 10 
5.1 Progress towards the UNDAF Outcome and CPAP Outputs 10","5. NARRATIVE ON KEY RESULTS ACHIEVED IN 2016 
 
CDRMP contributes for Outcome 7 of the current UNDAF (2013-017). The table given below shows 
the linkage of UNDAF outcome and associated UNDAF output statements that the project contributes 
for.  The four outputs, as in the below table, of the CPAP have been contributed through 
implementation of CDRMP activities under various components.",10b495d541bde688ebfea7ce2d15dbd8f163ec818657ead3663acb6511bd9560.pdf,10b495d541bde688ebfea7ce2d15dbd8f163ec818657ead3663acb6511bd9560.pdf
Do you guys have any systems in place to make sure communities are involved in making decisions about their own disaster preparedness and response?,"5.2 Progress on Project Outputs 14 
6. BUDGET AND EXPENDITURE 31 
7. CROSS CUTTING ISSUES 33 
7.1 Targeting and Voice/Participation of target groups 33 
7.2 Gender equality, Women’s empowerment and Social Inclusion 34 
7.3 Scaling up 34 
7.4 National Capacity Development  35 
7.5 Sustainability 35 
7.6 South- South and Triangular cooperation 35 
7.7 Partnerships 36","34 | P a g e  
 
  
the needs of local people. Community Based Organisations(CBOs) that project has been working with consist 
of 36% women, 10% Dalit and 43% Janajatis respectively. In community level capacity building events, about 
45% of participants have been  women. 
 
 
7.2 Gender Equality, Women’s Empowerment, and Social Inclusion",10b495d541bde688ebfea7ce2d15dbd8f163ec818657ead3663acb6511bd9560.pdf,10b495d541bde688ebfea7ce2d15dbd8f163ec818657ead3663acb6511bd9560.pdf
How do you track and assess the effectiveness of a disaster relief operation?,"7.7 Partnerships 36 
7.8 Promotion of Civic Engagement 37 
7.9 Expanding opportunities for youth 37 
7.10 Innovation 37 
7.11 Knowledge Management and Products 37 
7.12 Monitoring and Evaluation 38 
8. LESSON LEARNED 39 
9. IMPLEMENTATION ISSUES AND CHALLENGES 40 
10. A SPECIFIC STORY 40 
11. PRIORITIES FOR 2017 42 
12. ISSUES AND RISK LOGS 43 
13. PROGRESS AGAINST ANNUAL WORK PLAN 47","These partnerships have fostered the capacities of government institutions towards delivering technical 
services on D/CRM in long run. 
 
December, 2016 ANNUAL PROGRESS REPORT 
 
37 | P a g e  
 
  
7.8 Promotion of Civic Engagement 
Civic engagement has been promoted through project implementation at different levels. Local communities",10b495d541bde688ebfea7ce2d15dbd8f163ec818657ead3663acb6511bd9560.pdf,10b495d541bde688ebfea7ce2d15dbd8f163ec818657ead3663acb6511bd9560.pdf
Do they have some sort of database or log where they keep track of progress and updates during recovery efforts?,"13. PROGRESS AGAINST ANNUAL WORK PLAN 47 
14. ANNEXES 85 
• Annex 1: Photo gallery 85 
• Annex 2: Media Coverage 89 
• Annex 3: Stories on Women Empowerment 91 
December, 2016 ANNUAL PROGRESS REPORT 
 
vi | P a g e  
 
  
 
ABBREVIATIONS 
  
ANS : Awaas Nirman Saathi (People's reconstruction friends - trained masons) 
AWP : Annual Work Plan 
BCPR : Bureau for Crisis Prevention and Recovery","47 | P a g e  
   
13.  PROGRESS AGAINST ANNUAL WORK PLAN 2016  
 
 
Table 9: Progress against Annual Work Plan 2016 
EXPECTED  
OUTPUTS                    PLANNED ACTIVITIES                                       
Targets for 
Planned",10b495d541bde688ebfea7ce2d15dbd8f163ec818657ead3663acb6511bd9560.pdf,10b495d541bde688ebfea7ce2d15dbd8f163ec818657ead3663acb6511bd9560.pdf
What role do local groups play in figuring out how to prepare for and respond to emergencies in their areas?,"BCPR : Bureau for Crisis Prevention and Recovery 
CBDRM : Community Based Disaster Risk Management 
CBDRMC/P : Community Based Disaster Risk Management Committee/Plan 
CBEWS : Community Based Early Warning System 
CBOs : Community Based Organizations 
CC : Climate Change 
CCA : Climate Change Adaptation 
CDG : Central Department of Geography, Tribhuvan University","CDRMP : Comprehensive Disaster Risk Management Programme 
CFUGs :  Community Forest User Groups 
CPAP : Country Programme Action Plan 
CPR/TTF : Crisis Prevention and Recovery / Thematic Trust Fund 
CTEVT : Council for Technical Education and Vocational Training 
DADO : District Agriculture Development Office/Officer 
DAO : District Administration Office 
D/CRM : Disaster/Climate Risk Management",10b495d541bde688ebfea7ce2d15dbd8f163ec818657ead3663acb6511bd9560.pdf,10b495d541bde688ebfea7ce2d15dbd8f163ec818657ead3663acb6511bd9560.pdf
What's the role of local government offices in responding to and preparing for emergency situations?,"CDRMP : Comprehensive Disaster Risk Management Programme 
CFUGs :  Community Forest User Groups 
CPAP : Country Programme Action Plan 
CPR/TTF : Crisis Prevention and Recovery / Thematic Trust Fund 
CTEVT : Council for Technical Education and Vocational Training 
DADO : District Agriculture Development Office/Officer 
DAO : District Administration Office 
D/CRM : Disaster/Climate Risk Management","BCPR : Bureau for Crisis Prevention and Recovery 
CBDRM : Community Based Disaster Risk Management 
CBDRMC/P : Community Based Disaster Risk Management Committee/Plan 
CBEWS : Community Based Early Warning System 
CBOs : Community Based Organizations 
CC : Climate Change 
CCA : Climate Change Adaptation 
CDG : Central Department of Geography, Tribhuvan University",10b495d541bde688ebfea7ce2d15dbd8f163ec818657ead3663acb6511bd9560.pdf,10b495d541bde688ebfea7ce2d15dbd8f163ec818657ead3663acb6511bd9560.pdf
Is there a specific organization or group that's typically in charge of coordinating disaster relief efforts on a local or regional level?,"D/CRM : Disaster/Climate Risk Management 
DDC : District Development Committee 
DDRC : District Disaster Relief Committee 
DEOC : District Emergency Operation Center 
DFID : Department for International Development of the United Kingdom 
DFO : District Forest Office/Officer 
DHM : Department of Hydrology and Meteorology 
DIM : Direct Implementation Modality","DIM : Direct Implementation Modality 
DIMS : Disaster Information Management System 
DPRP : District Disaster Preparedness and Response Plan 
DM : Disaster Management 
DoLS : Department of Livestock Services 
DRM : Disaster Risk Management 
DRR : Disaster Risk Reduction 
DSCO : District Soil Conservation Office 
DUDBC : Department of Urban Development and Building Construction",10b495d541bde688ebfea7ce2d15dbd8f163ec818657ead3663acb6511bd9560.pdf,10b495d541bde688ebfea7ce2d15dbd8f163ec818657ead3663acb6511bd9560.pdf
Is there something about having plans in place before a disaster happens to help communities respond better?,"DIM : Direct Implementation Modality 
DIMS : Disaster Information Management System 
DPRP : District Disaster Preparedness and Response Plan 
DM : Disaster Management 
DoLS : Department of Livestock Services 
DRM : Disaster Risk Management 
DRR : Disaster Risk Reduction 
DSCO : District Soil Conservation Office 
DUDBC : Department of Urban Development and Building Construction","D/CRM : Disaster/Climate Risk Management 
DDC : District Development Committee 
DDRC : District Disaster Relief Committee 
DEOC : District Emergency Operation Center 
DFID : Department for International Development of the United Kingdom 
DFO : District Forest Office/Officer 
DHM : Department of Hydrology and Meteorology 
DIM : Direct Implementation Modality",10b495d541bde688ebfea7ce2d15dbd8f163ec818657ead3663acb6511bd9560.pdf,10b495d541bde688ebfea7ce2d15dbd8f163ec818657ead3663acb6511bd9560.pdf
What role does the government typically play in planning for and responding to major disasters?,"DPNet : Disaster Preparedness Network 
DSCWM : Department of Soil Conservation and Watershed Management 
DWIDP : Department of Water Induced Disaster Prevention 
e-BPS : Electronic Building Permit System 
ECHO : European Commission's Humanitarian aid and Civil Protection Department 
EECDRM : Energy, Environment, Climate Change and Disaster Risk Management Unit 
of UNDP Nepal","and projects supported by UN agencies in Nepal has been developed which is under finalization 
process. 
• A Training Module on Integrated Climate Risk Management Approach in Structural and Non-
Structural Measures for Department of Water Induced Disaster Management (DWIDM) officials has 
been prepared based on the training need assessment.",10b495d541bde688ebfea7ce2d15dbd8f163ec818657ead3663acb6511bd9560.pdf,10b495d541bde688ebfea7ce2d15dbd8f163ec818657ead3663acb6511bd9560.pdf
"""What's the process usually followed after a big natural disaster like an earthquake to get back on track?""","of UNDP Nepal 
December, 2016 ANNUAL PROGRESS REPORT 
 
vii | P a g e  
 
  
EOC : Emergency Operations Center 
EPRER : Emergency Preparedness, Response and Early Recovery 
EQ : Earthquake 
ER : Early Recovery 
EWS : Early Warning Systems 
F5 : Flagship 5 
FTMDGSDG : Fast Tracking Millennium Development Goals and Safeguarding 
Development Gains 
GESI : Gender Equality and Social Inclusion","viii | P a g e  
 
  
NEOC : National Emergency Operation Center 
NGO(s) : Non-Governmental Organization 
NP : Nepal Police 
NPC : National Planning Commission 
NR : Nepalese Rupee 
NRA : National Reconstruction Authority 
NRRC/S : Nepal Risk Reduction Consortium/Secretariat 
NSDRM : National Strategy for Disaster Risk Management 2009 
PDNA : Post Disaster Need Assessment",10b495d541bde688ebfea7ce2d15dbd8f163ec818657ead3663acb6511bd9560.pdf,10b495d541bde688ebfea7ce2d15dbd8f163ec818657ead3663acb6511bd9560.pdf
"Do I remember hearing that there's some framework or plan that countries use to respond to big natural disasters, and might Nepal be involved with that somehow?","GESI : Gender Equality and Social Inclusion 
GLOF : Glacial Lake Outburst Floods 
GoN : Government of Nepal 
HFA : Hyogo Framework for Action 
HHs : Households 
ICRM : Integrated Climate Risk Management 
IGAs : Income Generating Activities 
ILS : Institutional and Legislative Systems 
JICA :  Japan International Cooperation Agency 
KMC : Kathmandu Metropolitan City","agencies, 
Government 
department
s; 
     
 Expected 
Result 3.2: 
Improved 
humanitaria
n 
coordinatio
n and 
cooperation 
in response 
to floods, 
landslides, 
earthquakes 
and 
accidental 
3.1 Create opportunities for 
research, technology and 
knowledge transfer 
between Korean and 
Nepalese research and 
academic institutes 
(students, researchers, etc.) 
1 LoA with IAAS 
for thesis",10b495d541bde688ebfea7ce2d15dbd8f163ec818657ead3663acb6511bd9560.pdf,10b495d541bde688ebfea7ce2d15dbd8f163ec818657ead3663acb6511bd9560.pdf
Do they have any kind of central hub or coordinating office that's involved in responding to emergencies or crises in that area?,"MCG : Micro Capital Grant 
MDG : Millennium Development Goal 
MDGTFI : Millennium Development Goal Trust Fund Initiative 
MEDEP : Micro-Enterprise Development Programme 
M&E : Monitoring & Evaluation 
MEOC : Municipality Emergency Operation Center 
MfDR : Managing for Development Results 
MoAD : Ministry of Agriculture Development 
MoFALD : Ministry of Federal Affairs and Local Development","PDNA : Post Disaster Need Assessment 
PES : Payment for Ecosystem Services 
RAO : Regional Administration Office 
RCTMCDP : Rastrapati Chure Terai Madhesh Conservation and Development 
Programme 
REOC : Regional Emergency Operation Center 
RoK : Republic of Korea 
RSLUP : Risk Sensitive Land Use Plan/Planning 
SAHANA : SAHANA Disaster Information Management System 
SAR : Search and Rescue",10b495d541bde688ebfea7ce2d15dbd8f163ec818657ead3663acb6511bd9560.pdf,10b495d541bde688ebfea7ce2d15dbd8f163ec818657ead3663acb6511bd9560.pdf
What kind of groups or teams are responsible for helping different government ministries prepare for and respond to disasters in Nepal?,"MoFSC : Ministry of Forests and Soil Conservation 
MoHA : Ministry of Home Affairs 
MoPE : Ministry of Population and Environment  
MoUD : Ministry of Urban Development 
MTC : Mobile Technological Clinics (Mobile Van Campaigns) 
NASC : Nepal Administrative Staff College 
NBC : National Building Codes 
NEA : Nepal Engineering Association 
December, 2016 ANNUAL PROGRESS REPORT 
 
viii | P a g e","viii | P a g e  
 
  
NEOC : National Emergency Operation Center 
NGO(s) : Non-Governmental Organization 
NP : Nepal Police 
NPC : National Planning Commission 
NR : Nepalese Rupee 
NRA : National Reconstruction Authority 
NRRC/S : Nepal Risk Reduction Consortium/Secretariat 
NSDRM : National Strategy for Disaster Risk Management 2009 
PDNA : Post Disaster Need Assessment",10b495d541bde688ebfea7ce2d15dbd8f163ec818657ead3663acb6511bd9560.pdf,10b495d541bde688ebfea7ce2d15dbd8f163ec818657ead3663acb6511bd9560.pdf
Is there a role in Nepal for organizations outside the government to help with disaster response?,"viii | P a g e  
 
  
NEOC : National Emergency Operation Center 
NGO(s) : Non-Governmental Organization 
NP : Nepal Police 
NPC : National Planning Commission 
NR : Nepalese Rupee 
NRA : National Reconstruction Authority 
NRRC/S : Nepal Risk Reduction Consortium/Secretariat 
NSDRM : National Strategy for Disaster Risk Management 2009 
PDNA : Post Disaster Need Assessment","PDNA : Post Disaster Need Assessment 
PES : Payment for Ecosystem Services 
RAO : Regional Administration Office 
RCTMCDP : Rastrapati Chure Terai Madhesh Conservation and Development 
Programme 
REOC : Regional Emergency Operation Center 
RoK : Republic of Korea 
RSLUP : Risk Sensitive Land Use Plan/Planning 
SAHANA : SAHANA Disaster Information Management System 
SAR : Search and Rescue",10b495d541bde688ebfea7ce2d15dbd8f163ec818657ead3663acb6511bd9560.pdf,10b495d541bde688ebfea7ce2d15dbd8f163ec818657ead3663acb6511bd9560.pdf
What kind of organization is usually in charge of coordinating a response right after a disaster happens?,"PDNA : Post Disaster Need Assessment 
PES : Payment for Ecosystem Services 
RAO : Regional Administration Office 
RCTMCDP : Rastrapati Chure Terai Madhesh Conservation and Development 
Programme 
REOC : Regional Emergency Operation Center 
RoK : Republic of Korea 
RSLUP : Risk Sensitive Land Use Plan/Planning 
SAHANA : SAHANA Disaster Information Management System 
SAR : Search and Rescue","viii | P a g e  
 
  
NEOC : National Emergency Operation Center 
NGO(s) : Non-Governmental Organization 
NP : Nepal Police 
NPC : National Planning Commission 
NR : Nepalese Rupee 
NRA : National Reconstruction Authority 
NRRC/S : Nepal Risk Reduction Consortium/Secretariat 
NSDRM : National Strategy for Disaster Risk Management 2009 
PDNA : Post Disaster Need Assessment",10b495d541bde688ebfea7ce2d15dbd8f163ec818657ead3663acb6511bd9560.pdf,10b495d541bde688ebfea7ce2d15dbd8f163ec818657ead3663acb6511bd9560.pdf
Do you think any of these acronyms are related to how organizations respond to emergencies in general?,"SAR : Search and Rescue 
SOP : Standard Operating Procedure 
SPF : Strategic Partnership Framework 
SSC : South-South Cooperation 
TDH :  Technology Demonstration House 
ToC : Theory of Change 
ToT : Training of Trainers 
TU : Tribhuvan University 
TU-CDES : Tribhuvan University - Central Department of Environmental Sciences 
UNDAF : United Nations Development Assistance Framework","PDNA : Post Disaster Need Assessment 
PES : Payment for Ecosystem Services 
RAO : Regional Administration Office 
RCTMCDP : Rastrapati Chure Terai Madhesh Conservation and Development 
Programme 
REOC : Regional Emergency Operation Center 
RoK : Republic of Korea 
RSLUP : Risk Sensitive Land Use Plan/Planning 
SAHANA : SAHANA Disaster Information Management System 
SAR : Search and Rescue",10b495d541bde688ebfea7ce2d15dbd8f163ec818657ead3663acb6511bd9560.pdf,10b495d541bde688ebfea7ce2d15dbd8f163ec818657ead3663acb6511bd9560.pdf
Is there a specific organization that's in charge of coordinating efforts to prevent or respond to disasters internationally?,"UNDP : United Nations Development Programme 
UNISDR : United Nations' 
International Strategy for Disaster Reduction 
UNVs : United Nations Volunteers 
USD : United States Dollar (Currency) 
VDC : Village Development Committee 
WCDRR : World Conference on Disaster Risk Reduction 
 
  
December, 2016 ANNUAL PROGRESS REPORT 
 
ix | P a g e  
 
  
LIST OF TABLES 
  
 
LIST OF FIGURES","viii | P a g e  
 
  
NEOC : National Emergency Operation Center 
NGO(s) : Non-Governmental Organization 
NP : Nepal Police 
NPC : National Planning Commission 
NR : Nepalese Rupee 
NRA : National Reconstruction Authority 
NRRC/S : Nepal Risk Reduction Consortium/Secretariat 
NSDRM : National Strategy for Disaster Risk Management 2009 
PDNA : Post Disaster Need Assessment",10b495d541bde688ebfea7ce2d15dbd8f163ec818657ead3663acb6511bd9560.pdf,10b495d541bde688ebfea7ce2d15dbd8f163ec818657ead3663acb6511bd9560.pdf
How do organizations keep track of money spent during a disaster response?,"LIST OF TABLES 
  
 
LIST OF FIGURES 
  
 
TABLE NO. TITLE PAGE NO 
Table 1:  UNDAF (2013-17) Outcome and Output Statements 10 
Table 2:  Progress on UNDAF Outcome Indicators 11 
Table 3:  Progress on Project Output Indicators 14 
Table 4:  Output wise annual budget and corresponding expenditures 32 
Table 5:  Sources of funds budget and utilization of project period 32","Table 3: Progress on Output Indicators 
 
Project Output 
statement 
Output indicator Baseline Cumulative 
Target for 
2013 - 2017 
Progress up 
to 2015 
 2016 
Milestone 
2016 
Progress 
Cumulative 
progress 
up to 2016 
Means of 
verification",10b495d541bde688ebfea7ce2d15dbd8f163ec818657ead3663acb6511bd9560.pdf,10b495d541bde688ebfea7ce2d15dbd8f163ec818657ead3663acb6511bd9560.pdf
How do organizations usually keep track of their progress in responding to or preventing major crises?,"Table 6: M&E Expenditure in 2016 33 
Table 7:  Risk Log Matrix 43 
Table 8:  Issue Log Matrix 46 
Table 9: Progress against Annual Work Plan 2016 47 
FIGURE NO. TITLE PAGE NO 
Figure 1:  Schematic Diagram of CDRMP's Theory of Change (ToC) 8 
December, 2016 ANNUAL PROGRESS REPORT 
 
i | P a g e  
 
  
 
December, 2016 ANNUAL PROGRESS REPORT 
 
1 | P a g e  
 
  
1. EXECUTIVE SUMMARY","47 | P a g e  
   
13.  PROGRESS AGAINST ANNUAL WORK PLAN 2016  
 
 
Table 9: Progress against Annual Work Plan 2016 
EXPECTED  
OUTPUTS                    PLANNED ACTIVITIES                                       
Targets for 
Planned",10b495d541bde688ebfea7ce2d15dbd8f163ec818657ead3663acb6511bd9560.pdf,10b495d541bde688ebfea7ce2d15dbd8f163ec818657ead3663acb6511bd9560.pdf
What role does the government play in implementing disaster management plans?,"1 | P a g e  
 
  
1. EXECUTIVE SUMMARY  
 
Comprehensive Disaster Risk Management Progamme (CDRMP), started in 2011, is being 
implemented by UNDP in collaboration with the Ministry of Home Affairs (MoHA) as focal ministry 
in collaboration with other ministries and line departments including National Planning Commission","established/acti
vated. 
2016 CDRMP 
 
December, 2016 ANNUAL PROGRESS REPORT 
 
13 | P a g e  
 
  
Progress towards Outcome 7:  
 
UNDP through CDRMP has been supporting the National Planning Commission for better integration of 
Disaster and Climate Risk Management in sectoral planning and implementation. A study  carried out by",10b495d541bde688ebfea7ce2d15dbd8f163ec818657ead3663acb6511bd9560.pdf,10b495d541bde688ebfea7ce2d15dbd8f163ec818657ead3663acb6511bd9560.pdf
Does this program help people in areas that are already dealing with problems like extreme weather and natural disasters?,"(NPC). The programme intends to contribute towards achieving Nepal’s UNDAF  (2013-017) 
Outcome 7, which states: people living in areas vulnerable to climate change and disasters benefit 
from improved risk management and are more resilient to hazard -related shocks. The activities 
implemented in 2016 contribute towards achieving this outcome.","programme intends to contribute towards achieving Nepal’s UNDAF Outcome 7, which states: 
people living in areas vulnerable to climate change and disasters benefit from improved risk 
management and are more resilient to hazard-related shocks.  
 
The programme comprises of five components as briefly mentioned below:  
1. Institutional and Legislative System for DRM and Capacity Development:",10b495d541bde688ebfea7ce2d15dbd8f163ec818657ead3663acb6511bd9560.pdf,10b495d541bde688ebfea7ce2d15dbd8f163ec818657ead3663acb6511bd9560.pdf
How exactly do governments prepare for and respond to disasters under this plan?,"In 2016, results have been achieved under the major four components  of CDRMP: (i) Institutional 
and Legislative Systems for DRM and Capacity Building, (ii) National Building Codes and Risk 
Sensitive Land Use Plan implementation, (iii) Emergency Prepared ness, Response and Early 
Recovery and (iv) Integrated Climate Risk Management.","established/acti
vated. 
2016 CDRMP 
 
December, 2016 ANNUAL PROGRESS REPORT 
 
13 | P a g e  
 
  
Progress towards Outcome 7:  
 
UNDP through CDRMP has been supporting the National Planning Commission for better integration of 
Disaster and Climate Risk Management in sectoral planning and implementation. A study  carried out by",10b495d541bde688ebfea7ce2d15dbd8f163ec818657ead3663acb6511bd9560.pdf,10b495d541bde688ebfea7ce2d15dbd8f163ec818657ead3663acb6511bd9560.pdf
How does the government of Nepal work with other organizations to prepare for and respond to disasters?,"CDRMP continued its support and contribution in 2016 to the Government of Nepal’s overall effort 
in improving disaster risk management at community, sub -national and national level through 
several interventions. UNDP, being co-lead for ""policy/institutional support for DRM"" to the Ministry 
of Home Affairs – lead ministry, has begun formulation of National Disaster Risk Management (DRM)","The Ministry of Home Affairs and other ministries and departments have been the main agencies of 
the Government of Nepal to reduce the disaster risks in Nepal in collaboration with development 
partners. In this context, CDRMP was launched in 2011 with an aim to support th e Government of 
Nepal to strengthen the institutional and legislative aspects of Disaster Risk Management (DRM) by",10b495d541bde688ebfea7ce2d15dbd8f163ec818657ead3663acb6511bd9560.pdf,10b495d541bde688ebfea7ce2d15dbd8f163ec818657ead3663acb6511bd9560.pdf
Do we have any plans in place to respond to major natural disasters like the one that happened in 2015 in case it happens again?,"Policy and Strategic Action Plan, in line with the Sendai Framework of Disaster Risk Reduction 
(SFDRR) 2015-2030. A study entitled ""Gorkha Earthquake 2015: Experience and Learning"" was 
carried out and the findings were shared with the national stakeholder s for informing future 
interventions. Two episodes on Gorkha Earthquake 2015: Experience and Learning were developed","Home Affairs (MoHA) has been provided to conduct a study on ""Gorkha 
Earthquake 2015: Learning and Experience""; the study has been completed 
and the report in the form of a book has been printed out. For wider sharing, 
the report is being translated into English as well. Further, to better 
disseminate the learning s and experience, two episodes of Video",10b495d541bde688ebfea7ce2d15dbd8f163ec818657ead3663acb6511bd9560.pdf,10b495d541bde688ebfea7ce2d15dbd8f163ec818657ead3663acb6511bd9560.pdf
How did they get input from people all over the country about reducing disaster risks?,"and aired through Nepal TV for wider dissemination. With lead role of National Planning 
Commission, a Mainstreaming Guideline for Disaster Risk Reduction and Climate Change Adaptation 
(DRR-CCA) has been drafted in a participatory manner after regional consultations carried out for 
all the five development regions since 2014 and a  national workshop in Sep 2016. A study was","contributed 
through “Risk 
Informed 
Planning” study; 
mainstreaming 
guideline for 
DRR-CCA 
drafted. 
2016 CDRMP 
Output 7.2 Urban 
Populations are 
better able to 
prepare for and 
manage hazard and 
climate change 
adaptation risk 
 
National Building Codes 
implemented in 
municipalities of 
Kathmandu Valley 
0 VDCs in 
KV, No 
RSLUP, 0 
Municipal
ity 
outside 
KV 
6 urbanizing 
VDCs and 3",10b495d541bde688ebfea7ce2d15dbd8f163ec818657ead3663acb6511bd9560.pdf,10b495d541bde688ebfea7ce2d15dbd8f163ec818657ead3663acb6511bd9560.pdf
Are there any plans in place to make sure the government is allocating enough money to handle natural disasters?,"carried out on “Risk  Informed Development Planning” by the project which was utilized by the 
National Planning Commission (NPC) for 14th Three-Year Periodic Development Plan. These efforts 
are expected to contribute to increase in allocations by government ministries in Disaster/Climate 
Risk Management (D/CRM) from the 4.85% in 2014 (UNDP/CDRMP) in coming years. Disaster Risk","episode) and on 30th Nov, 2016 (second episode). 
Technical support to the National Planning Commission  (NPC) on mainstreaming disaster risk 
reduction in national level planning and implementation process led to a study on ""Risk informed 
planning"" ensuring issues of disaster and climate risk management are well addressed in the",10b495d541bde688ebfea7ce2d15dbd8f163ec818657ead3663acb6511bd9560.pdf,10b495d541bde688ebfea7ce2d15dbd8f163ec818657ead3663acb6511bd9560.pdf
Is the government planning ahead for situations where we might be affected by big natural disasters again?,"Reduction and Climate Change Adaptation (DRR-CCA) focal persons and Gender Equality and Social 
Inclusion (GESI) focal persons from the key ministries were also oriented towards improved DRM 
planning and implementation. 
 
While the country is passing through a transition towards recovery from loss and damages due to","and aired through Nepal TV for wider dissemination. With lead role of National Planning 
Commission, a Mainstreaming Guideline for Disaster Risk Reduction and Climate Change Adaptation 
(DRR-CCA) has been drafted in a participatory manner after regional consultations carried out for 
all the five development regions since 2014 and a  national workshop in Sep 2016. A study was",10b495d541bde688ebfea7ce2d15dbd8f163ec818657ead3663acb6511bd9560.pdf,10b495d541bde688ebfea7ce2d15dbd8f163ec818657ead3663acb6511bd9560.pdf
What kind of support did they give to regular homeowners and local builders during the rebuilding process?,"the April 2015 earthquake, the project mobilized additional resources for facilitating the process of 
reconstruction in Dolakha, Sindhupalchowk, Kavre and Gorkha districts through awareness raising 
campaigns and building capacity of municipalities, local masons and working engineers on safer 
construction in line with own er driven reconstruction  model as conceived by the Government.","2016:  
• Awareness raising on earthquake and safe construction practices in EQ affected districts, Gorkha, 
Sindhupalchowk and Dolakha have been effective to motivate local people for adoption of safe 
construction practices for reconstruction. It has also created enabled environment for project 
implementation. 
• Implementation of project activities under MCG through LDRMCs/CBDRMCs/Women",10b495d541bde688ebfea7ce2d15dbd8f163ec818657ead3663acb6511bd9560.pdf,10b495d541bde688ebfea7ce2d15dbd8f163ec818657ead3663acb6511bd9560.pdf
Are there specific steps people can take to make their homes safer after a disaster?,"18,571 people (approximately 40% women)  from these districts have been oriented on national 
building code and safer construction practices. 40 most affected and vulnerable house-owners from 
10 VDCs of Sindhupalchowk and Dolakha have initiated construction of Technology Demonstration 
House (TDH) through on -the-job training of the masons, integrating resources provided by the","trained 
# Awareness 
raising to all 
VDCs in 
Sindhupalchowk
, Large no. of 
population 
aware on safer 
construction, at 
least 500 
engineers 
trained on post 
damage 
assessment, 60 
masons trained. 
577 
engineers 
trained, 66 
masons 
trained, 
awareness 
raising done 
in 32 VDCs. 
To raise 
awareness 
for house - 
owners of 
Gorkha, 
Dolakha and 
Sindhupalch
owk through 
Mobile 
Clinics",10b495d541bde688ebfea7ce2d15dbd8f163ec818657ead3663acb6511bd9560.pdf,10b495d541bde688ebfea7ce2d15dbd8f163ec818657ead3663acb6511bd9560.pdf
Don't they have some kind of emergency centers that help with rebuilding after a disaster?,"Government. For effective outreach to affected communities on knowledge and skills  relating to 
safer construction, two technology demonstration centers in Gorkha and six in Sindhupalchok and 
Kavrepalanchok ( two each at Chautara, Panchkhal and Melamchi municipalities ) are being 
constructed. Panchkhal, Chautara and Melamchi municipalities have begun issuing permits through","2016:  
• Awareness raising on earthquake and safe construction practices in EQ affected districts, Gorkha, 
Sindhupalchowk and Dolakha have been effective to motivate local people for adoption of safe 
construction practices for reconstruction. It has also created enabled environment for project 
implementation. 
• Implementation of project activities under MCG through LDRMCs/CBDRMCs/Women",10b495d541bde688ebfea7ce2d15dbd8f163ec818657ead3663acb6511bd9560.pdf,10b495d541bde688ebfea7ce2d15dbd8f163ec818657ead3663acb6511bd9560.pdf
Do you think the EOC system played a role in responding to disasters in Chautara municipality?,"the code-compliant building permit system  supported by the project  while Chautara municipality 
has adopted the Risk Sensitive Land Use Plan and Bye-laws, duly endorsed by the municipal council, 
which was prepared by the project. 
 
Noting the significance and contributions of Emergency Operation Center (EOC) system during the","have started implementation of National Building Codes in issuing building permit. Risk Sensitive 
Land Use Plan (RSLUP) for Chautar a municipality was prepared and the plan was approved by the 
municipality council. 
 
3. Emergency Preparedness and Response 
 
Emergency Preparedness and response capacities have been strengthened through f our District",10b495d541bde688ebfea7ce2d15dbd8f163ec818657ead3663acb6511bd9560.pdf,10b495d541bde688ebfea7ce2d15dbd8f163ec818657ead3663acb6511bd9560.pdf
Are all these emergency centers spread out across the country or just in certain areas?,"EQ 2015, District Emergency Operation Centers ( DEOCs) were established and activated in four 
December, 2016 ANNUAL PROGRESS REPORT 
 
2 | P a g e  
 
  
additional districts- Gorkha, Nuwakot, Rasuwa a nd Solukhumbu, strengthening the network now 
comprising 56 EOCs across the country including National Emergency Operation Center (NEOC)","Emergency Operation Centers (DEOCs) established, Gorkha, Rasuwa, Nuwakot and Solukhumbu 
districts, resulting in augmentation of national network of 56 EOCs (1 NEOC, 49 DEOCs, 5 REOCs, 
and 1 MEOC). Capacities of DEOCs, REOC, NEOC  have been enhanced through training on  DIMS 
including integration of SAHANA Disaster Information Management System into the DRR portal for",10b495d541bde688ebfea7ce2d15dbd8f163ec818657ead3663acb6511bd9560.pdf,10b495d541bde688ebfea7ce2d15dbd8f163ec818657ead3663acb6511bd9560.pdf
What's the role of these 'EOCs' in relation to the local government and disaster response?,"based in the premises of the Ministry of Home Affairs. Staff working at EOCs and Assistant CDOs and 
other officials in -charge were oriented for improved disaster information management and 
functioning of EOCs. National Early Recovery Framework was also prepared as a technical support  
to the Ministry of Federal Affairs and Local Development.","113 personnel including 5 women and five from NRCS . Assistant CDOs (also in -charge for DEOCs) 
from 40 EOCs were oriented on preparedness, disaster information management and dissemination. 
National Early Recovery Framework has been formulated as a part of continued support to the 
Ministry of Federal Affairs and Local Development (MoFALD). 
 
 
 
December, 2016 ANNUAL PROGRESS REPORT",10b495d541bde688ebfea7ce2d15dbd8f163ec818657ead3663acb6511bd9560.pdf,10b495d541bde688ebfea7ce2d15dbd8f163ec818657ead3663acb6511bd9560.pdf
Were there any specific efforts to help families in those districts after the initial disaster management activities were implemented?,"Community Based Disaster Risk Management activities were implemented mainly in the four 
districts namely Dolakha, Surk het, Chitwan and Sindhupalchowk in 2016. The lat ter two district 
activities were supported through funding from MDGs Trust Fund Initiative of the Government of 
Republic of Korea and UNDP (RoK-UNDP). Over 15,000 families have been benefited from livelihood","The project's effort towards making communities disaster resilient is continued. Over 17,000 families from 
Sindhu-khola sub-watershed of Sindhupalchowk and Riu-khola sub-watershed of Maadi Chitwan have been 
benefited through project activities. The outcomes of the project intervention since 2012/013 are visible -",10b495d541bde688ebfea7ce2d15dbd8f163ec818657ead3663acb6511bd9560.pdf,10b495d541bde688ebfea7ce2d15dbd8f163ec818657ead3663acb6511bd9560.pdf
Is there a system in place to warn people in advance when there's a risk of a big storm or flood?,"promoting activities, restoration of community small infrastructures and bio-engineering structures 
in these four districts. Last mile connectivity to safeguard lives from sudden hydro-meteorological 
disasters has been strengthened by linking DEOCs of Sindhupalchowk, Dolakha, Surkhet and 
Chitwan with six  Early Warning System ( EWS) stations established in Maadi , Chitwan,","preparation of five LDRMPs in Sindhupalchowk initiated. 
Community based early warning system in Maadi, Chitwan  has been strengthened through  5 
Automatic hydrological and meteorological stations set up  at Bank atta, Chharchare, Kalyanpur, 
Govindabasti and Thori. One EWS station has been installed in Sot-khola sub-watershed of Surkhet.",10b495d541bde688ebfea7ce2d15dbd8f163ec818657ead3663acb6511bd9560.pdf,10b495d541bde688ebfea7ce2d15dbd8f163ec818657ead3663acb6511bd9560.pdf
,"Sindhupalchowk (four locations- Tatopani, Balefi, Sarmangthan, Melamchi) and one in Surkhet and 
by activation of 14 stations installed at the Tsho Rol pa Glacial Lake in Dolakha. Five Local Disaster 
Risk Management Plans ( LDRMPs) were prepared and five were upgraded in Dolakha  while 
preparation of four LDRMPs commenced in Sindhupalchowk.","preparation of five LDRMPs in Sindhupalchowk initiated. 
Community based early warning system in Maadi, Chitwan  has been strengthened through  5 
Automatic hydrological and meteorological stations set up  at Bank atta, Chharchare, Kalyanpur, 
Govindabasti and Thori. One EWS station has been installed in Sot-khola sub-watershed of Surkhet.",10b495d541bde688ebfea7ce2d15dbd8f163ec818657ead3663acb6511bd9560.pdf,10b495d541bde688ebfea7ce2d15dbd8f163ec818657ead3663acb6511bd9560.pdf
How do they typically measure progress when working on disaster relief planning?,"Out of the total planned budget of USD 2,856,904.00, US$ 2,726,277.00 has been spent with 95.42% 
financial progress in 2016.  
  
December, 2016 ANNUAL PROGRESS REPORT 
 
3 | P a g e  
 
  
Five Key Results achieved in 2016 
 
1. DRM mainstreaming into development planning: 
 
National DRR Policy and Strategic Action Plan formulation has begun under leadership of the","National DRR Policy 
and Strategic Action 
Plan 
No DRR 
Policy, No 
Strategic 
plan in 
SFDRR 
context 
(Jan 2016) 
Development of 
National DRR 
Policy and 
Strategic Action 
Plan 
Conceptualiz
ed, 
discussed 
with MoHA 
National 
DRR Policy 
and Strategic 
Action Plan 
document 
prepared 
Inception 
meetings 
held, works 
started with 
wider 
consultation 
Inception 
meetings 
held, works",10b495d541bde688ebfea7ce2d15dbd8f163ec818657ead3663acb6511bd9560.pdf,10b495d541bde688ebfea7ce2d15dbd8f163ec818657ead3663acb6511bd9560.pdf
,"Ministry of Home Affairs (MoHA) and in consultation with all DRR stakeholders including donors 
and development partners. A study report on ""Gorkha Earthquake 2015: Learning and Experience"" 
has been printed and to better communicate the learning and experience, two episodes of Video 
Documentary have also been developed and aired by Nepal Television on 15th October, 2016 (first","Home Affairs (MoHA) has been provided to conduct a study on ""Gorkha 
Earthquake 2015: Learning and Experience""; the study has been completed 
and the report in the form of a book has been printed out. For wider sharing, 
the report is being translated into English as well. Further, to better 
disseminate the learning s and experience, two episodes of Video",10b495d541bde688ebfea7ce2d15dbd8f163ec818657ead3663acb6511bd9560.pdf,10b495d541bde688ebfea7ce2d15dbd8f163ec818657ead3663acb6511bd9560.pdf
How do governments make sure they're thinking about potential dangers when they're planning big projects or policies?,"episode) and on 30th Nov, 2016 (second episode). 
Technical support to the National Planning Commission  (NPC) on mainstreaming disaster risk 
reduction in national level planning and implementation process led to a study on ""Risk informed 
planning"" ensuring issues of disaster and climate risk management are well addressed in the","carried out on “Risk  Informed Development Planning” by the project which was utilized by the 
National Planning Commission (NPC) for 14th Three-Year Periodic Development Plan. These efforts 
are expected to contribute to increase in allocations by government ministries in Disaster/Climate 
Risk Management (D/CRM) from the 4.85% in 2014 (UNDP/CDRMP) in coming years. Disaster Risk",10b495d541bde688ebfea7ce2d15dbd8f163ec818657ead3663acb6511bd9560.pdf,10b495d541bde688ebfea7ce2d15dbd8f163ec818657ead3663acb6511bd9560.pdf
Is there a specific document or process that gets created to help regions like the eastern one prepare for disasters?,"fourteenth periodic plan 2016/17 -2018/019. Consolidation of learning, issues, gaps and way 
forward for effective mainstreaming of DRR in the planning process was achieved through  a 
Mainstreaming Guideline on DRR-CCA drafted based on a regional level DRR mainstreaming 
workshop held in Biratnaga r for eastern region stakeholders  (fourth in series - one for central","also organized in Sep 2016 to consolidate the learning, 
issues, gaps and way forward for effective 
mainstreaming of DRR in the planning process. A 
mainstreaming guideline for DRR-CCA has been drafted 
under leadership of the National Planning Commission. 
In order to support the Government of Nepal for developing a pool of trained masons in EQ affected districts,",10b495d541bde688ebfea7ce2d15dbd8f163ec818657ead3663acb6511bd9560.pdf,10b495d541bde688ebfea7ce2d15dbd8f163ec818657ead3663acb6511bd9560.pdf
How does a region prepare for something that could potentially cause a lot of damage to its infrastructure and buildings?,"development was organized in 2015 and two for western -, mid -western- and far -western  
development regions  were organized in 201 4) and a national workshop organized in Sep 2016. A 
has been drafted under leadership of the National Planning Commission following the national and 
district level consultations. 
 
2. National Building Code Implementation and Risk Sensitive Land Use","mid-western 
and far -
western 
oriented 
consultation 
for eastern 
development 
region and 
national 
workshop 
consultation 
for eastern 
development 
region and 
national 
workshop 
organized 
Over 500 
Governmen
t officials 
and 
stakeholder
s benefitted 
through 4 
regional 
and 1 
national 
consultatio
n 
workshops.
done. 
Workshop 
reports 
 No. of studies 
(theses, community",10b495d541bde688ebfea7ce2d15dbd8f163ec818657ead3663acb6511bd9560.pdf,10b495d541bde688ebfea7ce2d15dbd8f163ec818657ead3663acb6511bd9560.pdf
Do they have some kind of system in place to make sure people rebuild their homes in a way that will help them withstand future disasters?,"Over 500 masons including 25 women and 111 engineers (trainers) have been trained to facilitate 
earthquake-resistant reconstruction in 14 earthquake affected districts. More than 18,571 house 
owners (about 40% women) have been oriented on earthquake safe house (re) construction in 114 
VDCs/Municipalities of Gorkha, Sindhupalchowk, Dolakha, Kavre, Bhaktapur, Lalitpur and Chitwan","18,571 people (approximately 40% women)  from these districts have been oriented on national 
building code and safer construction practices. 40 most affected and vulnerable house-owners from 
10 VDCs of Sindhupalchowk and Dolakha have initiated construction of Technology Demonstration 
House (TDH) through on -the-job training of the masons, integrating resources provided by the",10b495d541bde688ebfea7ce2d15dbd8f163ec818657ead3663acb6511bd9560.pdf,10b495d541bde688ebfea7ce2d15dbd8f163ec818657ead3663acb6511bd9560.pdf
Do you think there was some kind of emergency response system that was set up as part of all this?,"through 295 events of awareness raising campaigns. They were oriented through various mediums 
including audio-visuals by organizing Mobile Technology Clinics (MTCs) or Mobile Van campaigns.  
Electronic Building Permit System (e -BPS) has been  successfully established  by Lalitpur Sub -
Metropolitan City and Kirtipur Municipality. Kathmandu was the first to launch e-BPS in 2015.","initiated under CBDMA II in 2016: 
• Electronic Building Permit System (e-BPS) learning documentation has been completed, which is 
based on the intervention and experience with KMC, LSMC and Kirtipur Municipality. 
• Learning on the process of Risk Sensitive Land Use Plan development and implementation by 
Kathmandu Valley Development Authority/MoUD has been documented.",10b495d541bde688ebfea7ce2d15dbd8f163ec818657ead3663acb6511bd9560.pdf,10b495d541bde688ebfea7ce2d15dbd8f163ec818657ead3663acb6511bd9560.pdf
Doesn't technology kind of help people get answers about their permits and stuff quicker?,"Adoption of e -BPS by these municipalities has improved municipalities' performance in e -
governance, increasing transparency and accountability and with on-line features the systems have 
been easier for house -owners to obtain permits and to check their app lication status.  The three 
municipalities (Melamchi and Chautara of Sindhupalchowk district and Panchkhal of Kavre district)","es. 
e-BPS in 
KMC 
operationali
zed 
e-BPS 
launched by 
LSMC and 
Kirtipur 
municipality  
e-BPS 
launched by 
LSMC and 
Kirtipur 
municipality  
NBC 
implementa
tion started 
in 6 
Urbanizing 
VDCs  3 
municipaliti
es. 
e-BPS in 
KMC, LSMC 
and Kirtipur 
operationali
zed 
Report 
Risk Sensitive 
Land Use Planning 
implemented in 
selected 
municipalities 
# of municipalities",10b495d541bde688ebfea7ce2d15dbd8f163ec818657ead3663acb6511bd9560.pdf,10b495d541bde688ebfea7ce2d15dbd8f163ec818657ead3663acb6511bd9560.pdf
Do they have a system in place to quickly respond to emergencies if they affect that area?,"have started implementation of National Building Codes in issuing building permit. Risk Sensitive 
Land Use Plan (RSLUP) for Chautar a municipality was prepared and the plan was approved by the 
municipality council. 
 
3. Emergency Preparedness and Response 
 
Emergency Preparedness and response capacities have been strengthened through f our District","Risk Sensitive Land Use Plan (RSLUP) Guideline have been submitted to MoFALD and is in the process of 
endorsement. Similarly, RSLUP for Kathmandu Valley is in the process of endorsement at Kathmandu Valley 
Development Authority. 
UNDP through CDRMP has initiated for implementation of national building code (NBC) in three",10b495d541bde688ebfea7ce2d15dbd8f163ec818657ead3663acb6511bd9560.pdf,10b495d541bde688ebfea7ce2d15dbd8f163ec818657ead3663acb6511bd9560.pdf
Are these emergency centers connected to some kind of centralized system that helps them share information?,"Emergency Operation Centers (DEOCs) established, Gorkha, Rasuwa, Nuwakot and Solukhumbu 
districts, resulting in augmentation of national network of 56 EOCs (1 NEOC, 49 DEOCs, 5 REOCs, 
and 1 MEOC). Capacities of DEOCs, REOC, NEOC  have been enhanced through training on  DIMS 
including integration of SAHANA Disaster Information Management System into the DRR portal for","EQ 2015, District Emergency Operation Centers ( DEOCs) were established and activated in four 
December, 2016 ANNUAL PROGRESS REPORT 
 
2 | P a g e  
 
  
additional districts- Gorkha, Nuwakot, Rasuwa a nd Solukhumbu, strengthening the network now 
comprising 56 EOCs across the country including National Emergency Operation Center (NEOC)",10b495d541bde688ebfea7ce2d15dbd8f163ec818657ead3663acb6511bd9560.pdf,10b495d541bde688ebfea7ce2d15dbd8f163ec818657ead3663acb6511bd9560.pdf
What was the purpose of that framework that got formulated last year?,"113 personnel including 5 women and five from NRCS . Assistant CDOs (also in -charge for DEOCs) 
from 40 EOCs were oriented on preparedness, disaster information management and dissemination. 
National Early Recovery Framework has been formulated as a part of continued support to the 
Ministry of Federal Affairs and Local Development (MoFALD). 
 
 
 
December, 2016 ANNUAL PROGRESS REPORT","based in the premises of the Ministry of Home Affairs. Staff working at EOCs and Assistant CDOs and 
other officials in -charge were oriented for improved disaster information management and 
functioning of EOCs. National Early Recovery Framework was also prepared as a technical support  
to the Ministry of Federal Affairs and Local Development.",10b495d541bde688ebfea7ce2d15dbd8f163ec818657ead3663acb6511bd9560.pdf,10b495d541bde688ebfea7ce2d15dbd8f163ec818657ead3663acb6511bd9560.pdf
Do they have some kind of system in place for warning people about potential dangers before they happen?,"December, 2016 ANNUAL PROGRESS REPORT 
 
4 | P a g e  
 
  
4. Climate Risk Reduction at community level and Community based Early Warning System  
 
Over 15,000 households/families from 18 VDCs/municipalities of four districts - Surkhet, Chitwan, 
Sindhupalchowk and Dolakha have been benefitted from community based DRR activities","three municipalities: Melamchi and Chautara of Sindhupalchowk and Panchkhal of Kavre districts 
under support from UNDP/CDRMP. 
 
Progress on Output - Vulnerable populations have increased knowledge about disaster risk 
management and capacity for climate change adaptation and mitigation of risks (Output 
7.3).",10b495d541bde688ebfea7ce2d15dbd8f163ec818657ead3663acb6511bd9560.pdf,10b495d541bde688ebfea7ce2d15dbd8f163ec818657ead3663acb6511bd9560.pdf
What kind of training have they been giving to the community members to help prepare for disasters?,"comprising of livelihood improvement, restoration of small infrastructures and bio engineering 
works.  Over 2,200 community members with around 50% women (LDRMCs/CBDRMCs) have been 
trained/oriented on DRR -CCA, First Aid, Search and Rescue, Livelihood improvement and other 
orientation trainings. 
10 Local Disaster Risk Management Plans (LD RMPs) have been prepared/ revised in Dolakha and","monitoring. 
o Preparation of Local Disaster Risk Management Plans 
(LDRMP) of four VDCs: Irkhu, Bhotsepa, Sipapokhare, 
Badegaun and 2 wards of Chautara municipality (earlier 
Kuvinde VDC) have been initiated. 
Progress on ""Resilient Communities through Building Back Better"" Project – ECHO funded",10b495d541bde688ebfea7ce2d15dbd8f163ec818657ead3663acb6511bd9560.pdf,10b495d541bde688ebfea7ce2d15dbd8f163ec818657ead3663acb6511bd9560.pdf
Does this have anything to do with predicting or warning people about natural disasters?,"preparation of five LDRMPs in Sindhupalchowk initiated. 
Community based early warning system in Maadi, Chitwan  has been strengthened through  5 
Automatic hydrological and meteorological stations set up  at Bank atta, Chharchare, Kalyanpur, 
Govindabasti and Thori. One EWS station has been installed in Sot-khola sub-watershed of Surkhet.","promoting activities, restoration of community small infrastructures and bio-engineering structures 
in these four districts. Last mile connectivity to safeguard lives from sudden hydro-meteorological 
disasters has been strengthened by linking DEOCs of Sindhupalchowk, Dolakha, Surkhet and 
Chitwan with six  Early Warning System ( EWS) stations established in Maadi , Chitwan,",10b495d541bde688ebfea7ce2d15dbd8f163ec818657ead3663acb6511bd9560.pdf,10b495d541bde688ebfea7ce2d15dbd8f163ec818657ead3663acb6511bd9560.pdf
Are there specific areas where people are being helped to rebuild their homes?,"5. House-owner driven reconstruction supported in two districts  
 
Ten VDCs in Sindhupalchok (Sipapokhare, Bhotsipa, Badegaun, Irkhu , Kubhinde) and  in Dolakha 
(Fasku, Katakuti, Lakuridanda, Magapauwa , Boch) has initiated reconstruction of houses with 
support from the project. 40 most vulnerable, marginalized house-owners are receiving support as","Sindhupalchowk) were added in 2016 exclusively to address post EQ 2015 contexts by facilitating safer 
reconstruction of houses. The project continued its community level activities in 3 VDCs (Kunathari, Gadhi 
and Lekhgaun) of Surkhet, Maadi municipality of Chitwan, 4 VDCs/municipality in (Haibung, Bhotechaur,",10b495d541bde688ebfea7ce2d15dbd8f163ec818657ead3663acb6511bd9560.pdf,10b495d541bde688ebfea7ce2d15dbd8f163ec818657ead3663acb6511bd9560.pdf
Do you think there are any particular areas in Nepal that are especially prone to natural disasters?,"beneficiaries of  on-the-job-training of  450 local artisans/masons leading to construction of 40 
Technology Demonstration Houses . Awareness raising on safer reconstruction has reached about 
2475 people through mobile technology clinics (MTC). 
 
  
2. BACKGROUND AND RATIONALE 
 
Nepal is exposed to risks from a range of natural hazards and human induced disasters. More than","18,571 people (approximately 40% women)  from these districts have been oriented on national 
building code and safer construction practices. 40 most affected and vulnerable house-owners from 
10 VDCs of Sindhupalchowk and Dolakha have initiated construction of Technology Demonstration 
House (TDH) through on -the-job training of the masons, integrating resources provided by the",10b495d541bde688ebfea7ce2d15dbd8f163ec818657ead3663acb6511bd9560.pdf,10b495d541bde688ebfea7ce2d15dbd8f163ec818657ead3663acb6511bd9560.pdf
Do you think there's something that can be done to make the country more prepared for all these different types of disasters?,"80 percent of the population is at high risk of natural hazards, like floods, landslides, windstorms, 
hailstorms, fires, and Glacial Lake Outburst Floods (GLOF s). The country is among the 20 most 
disaster-prone countries in the world. In part, this is because Nepal is located in a seismically active","zone with a high risk for a massive earthquake. Globally, Nepal ranks 4th and 11th in terms of its 
relative vulner ability to climate change  (Maplecroft, 2011)  and earthquakes (MoHA, GoN, 2015)  
respectively. Out of 21 cities around the world that lie in similar seismic hazard zones, Kathmandu 
city is at the highest risk in terms of impact on people.",10b495d541bde688ebfea7ce2d15dbd8f163ec818657ead3663acb6511bd9560.pdf,10b495d541bde688ebfea7ce2d15dbd8f163ec818657ead3663acb6511bd9560.pdf
"Do places with a high risk of big natural disasters, like earthquakes, have any kind of special plan in place to help protect people living in them?","zone with a high risk for a massive earthquake. Globally, Nepal ranks 4th and 11th in terms of its 
relative vulner ability to climate change  (Maplecroft, 2011)  and earthquakes (MoHA, GoN, 2015)  
respectively. Out of 21 cities around the world that lie in similar seismic hazard zones, Kathmandu 
city is at the highest risk in terms of impact on people.","80 percent of the population is at high risk of natural hazards, like floods, landslides, windstorms, 
hailstorms, fires, and Glacial Lake Outburst Floods (GLOF s). The country is among the 20 most 
disaster-prone countries in the world. In part, this is because Nepal is located in a seismically active",10b495d541bde688ebfea7ce2d15dbd8f163ec818657ead3663acb6511bd9560.pdf,10b495d541bde688ebfea7ce2d15dbd8f163ec818657ead3663acb6511bd9560.pdf
What kind of help was the government of Nepal getting from other countries to deal with disasters?,"The Ministry of Home Affairs and other ministries and departments have been the main agencies of 
the Government of Nepal to reduce the disaster risks in Nepal in collaboration with development 
partners. In this context, CDRMP was launched in 2011 with an aim to support th e Government of 
Nepal to strengthen the institutional and legislative aspects of Disaster Risk Management (DRM) by","CDRMP continued its support and contribution in 2016 to the Government of Nepal’s overall effort 
in improving disaster risk management at community, sub -national and national level through 
several interventions. UNDP, being co-lead for ""policy/institutional support for DRM"" to the Ministry 
of Home Affairs – lead ministry, has begun formulation of National Disaster Risk Management (DRM)",10b495d541bde688ebfea7ce2d15dbd8f163ec818657ead3663acb6511bd9560.pdf,10b495d541bde688ebfea7ce2d15dbd8f163ec818657ead3663acb6511bd9560.pdf
What was Nepal's plan for handling disasters back in 2009?,"building the capacity of the Ministry of Home Affairs, other line ministries and local governments.  
In addition, its objective was also to support implementation of the Government of Nepal’s National 
Strategy for Disaster Risk Management (2009). 
 
UNDP, being coordinating agency in Nepal for the erstwhile Nepal Risk Reduction Consortium","CDRMP continued its support and contribution in 2016 to the Government of Nepal’s overall effort 
in improving disaster risk management at community, sub -national and national level through 
several interventions. UNDP, being co-lead for ""policy/institutional support for DRM"" to the Ministry 
of Home Affairs – lead ministry, has begun formulation of National Disaster Risk Management (DRM)",10b495d541bde688ebfea7ce2d15dbd8f163ec818657ead3663acb6511bd9560.pdf,10b495d541bde688ebfea7ce2d15dbd8f163ec818657ead3663acb6511bd9560.pdf
How does helping communities prepare for disasters actually help them cope with the aftermath?,"(NRRC) Flagship Area 5:  Policy and Institutional Support for Disaster Risk Management, has been 
supporting the GoN in policy and institutional systems as well as to enhance communities' resilience 
to manage the effects of disaster and climate risks. The support has been even more relevant in the","natural disasters, including from climate change 
UNDP Strategic Plan Output 5.2: Effective institutional, legislative and policy frameworks in place to 
enhance the implementation of disaster and climate risk management measures at national sublevels 
UNDAF Outcome 7:  
People living in areas vulnerable to climate change and disasters benefit from improved risk management",10b495d541bde688ebfea7ce2d15dbd8f163ec818657ead3663acb6511bd9560.pdf,10b495d541bde688ebfea7ce2d15dbd8f163ec818657ead3663acb6511bd9560.pdf
What kind of support were these organizations providing to help Nepal recover after the big earthquake a few years back?,"context of post EQ 2015 for ensuring safe construction/reconstruction practices in the EQ affected 
districts. The CDRMP is being implemented by UNDP  in Nepal  since 2011 with UNDP’s internal  
resources (CPR TTF, TRAC) and financial support from several donors, which include: DFID, ECHO, 
World Bank, UNISDR, Government of Japan and KOICA. Together, these partners aim to address the","Under this component,  CDRMP continued its support to the government of Nepal, especially the National 
Reconstruction Authority (NRA) for safer reconstruction in Sindhupalchowk and Dolakha, the two of most-
hard hit districts by EQ 2015, with funding support from ECHO. The project was commenced in the ten VDCs",10b495d541bde688ebfea7ce2d15dbd8f163ec818657ead3663acb6511bd9560.pdf,10b495d541bde688ebfea7ce2d15dbd8f163ec818657ead3663acb6511bd9560.pdf
Do they have some kind of long-term plan in place for helping Nepal deal with disasters?,"issues and challenges concerned with disaster and climate risks in Nepal. 
 
December, 2016 ANNUAL PROGRESS REPORT 
 
5 | P a g e  
 
  
 
3. PROJECT SUMMARY AND OBJECTIVES  
 
UNDP has been implementing Comprehensive Disaster Risk Management Programme since 2011 as 
part of the Strategic Partnership Framework (SPF), signed between the Geneva based UNDP/BCPR","building the capacity of the Ministry of Home Affairs, other line ministries and local governments.  
In addition, its objective was also to support implementation of the Government of Nepal’s National 
Strategy for Disaster Risk Management (2009). 
 
UNDP, being coordinating agency in Nepal for the erstwhile Nepal Risk Reduction Consortium",10b495d541bde688ebfea7ce2d15dbd8f163ec818657ead3663acb6511bd9560.pdf,10b495d541bde688ebfea7ce2d15dbd8f163ec818657ead3663acb6511bd9560.pdf
How do local governments in Nepal get involved in preparing for and responding to big emergencies?,"and UNDP Nepal and in accordance with the Nepal Risk Reduction Consortium. The programme aims 
to strengthen the institutional and legislative aspects of disaster risk management (DRM) in Nepal 
by building the capacities of MoHA, MoFALD, other partner ministries, departments and local 
governments as well as empowering vulnerable  communities toward increased resilience. The","CDRMP continued its support and contribution in 2016 to the Government of Nepal’s overall effort 
in improving disaster risk management at community, sub -national and national level through 
several interventions. UNDP, being co-lead for ""policy/institutional support for DRM"" to the Ministry 
of Home Affairs – lead ministry, has begun formulation of National Disaster Risk Management (DRM)",10b495d541bde688ebfea7ce2d15dbd8f163ec818657ead3663acb6511bd9560.pdf,10b495d541bde688ebfea7ce2d15dbd8f163ec818657ead3663acb6511bd9560.pdf
Does this programme have anything to do with helping communities prepare for and recover from big problems that are caused by the environment?,"programme intends to contribute towards achieving Nepal’s UNDAF Outcome 7, which states: 
people living in areas vulnerable to climate change and disasters benefit from improved risk 
management and are more resilient to hazard-related shocks.  
 
The programme comprises of five components as briefly mentioned below:  
1. Institutional and Legislative System for DRM and Capacity Development:","(NPC). The programme intends to contribute towards achieving Nepal’s UNDAF  (2013-017) 
Outcome 7, which states: people living in areas vulnerable to climate change and disasters benefit 
from improved risk management and are more resilient to hazard -related shocks. The activities 
implemented in 2016 contribute towards achieving this outcome.",10b495d541bde688ebfea7ce2d15dbd8f163ec818657ead3663acb6511bd9560.pdf,10b495d541bde688ebfea7ce2d15dbd8f163ec818657ead3663acb6511bd9560.pdf
What's the role of local groups and private companies in responding to emergencies?,"This component focuses on two aspects: i) support the GoN in formulating, amen ding and 
implementing policy and legal frameworks in coordination with the concerned government and 
non-government institutions; and ii) focus on enhancing the capacities of government officials as 
well as personnel from non -government organizations (NGOs) , private companies and local","committees have been capacitated with different technical and social trainings and have owned their plan of 
actions. Support provided to MoHA and other ministries and NPC belonged to the national legal and policy 
initiatives which have inherently been owned by the GoN. EOC network established and supported in 54",10b495d541bde688ebfea7ce2d15dbd8f163ec818657ead3663acb6511bd9560.pdf,10b495d541bde688ebfea7ce2d15dbd8f163ec818657ead3663acb6511bd9560.pdf
How do they help local areas prepare for emergencies?,"communities. The two leading government training institutions are NASC and Local Development 
and Training Academy (LDTA). Both have been supporting CDRMP in building the capacities of 
government and other officials. Additional ly, CDRMP has been mainstreaming D/CRM into 
academia through TU-CDES. (This component contributes to CPAP output 7.1).","for Technical Education and Vocational Training Center and other institutions have been envisaged to build 
their capacities towards delivering the trainings and researches on DRM even after the completion of CDRMP. 
The results are apparent and consultation with NASC and LDTA has revealed that these institutions have",10b495d541bde688ebfea7ce2d15dbd8f163ec818657ead3663acb6511bd9560.pdf,10b495d541bde688ebfea7ce2d15dbd8f163ec818657ead3663acb6511bd9560.pdf
"Do they have rules in place to make sure new buildings are safe and designed properly, especially in areas that are prone to certain kinds of disasters?","2. National Building Codes (NBC) Implementation and Risk Sensitive Land Use Planning 
(RSLUP):  
Under this component, CDRMP aims to support the Kathmandu Valley Development Authority 
(KVDA) and the DUDBC for safer building construction practices in municipalities and VDCs of 
Kathmandu Valley. It also supports policy revision and implementation.  (This component","Risk Sensitive Land Use Plan (RSLUP) Guideline have been submitted to MoFALD and is in the process of 
endorsement. Similarly, RSLUP for Kathmandu Valley is in the process of endorsement at Kathmandu Valley 
Development Authority. 
UNDP through CDRMP has initiated for implementation of national building code (NBC) in three",10b495d541bde688ebfea7ce2d15dbd8f163ec818657ead3663acb6511bd9560.pdf,10b495d541bde688ebfea7ce2d15dbd8f163ec818657ead3663acb6511bd9560.pdf
How do people in local communities get prepared to respond to emergencies and stay safe?,"contributes to CPAP output 7.2). 
 
3. Integrated Climate Risk Management (ICRM):  
This component aims to enhance the capacities of local communities in responding to disaster 
and climate risks. It focuses on training local communities on the early warning system, search 
and rescue, and other  social and technical aspects. It also promotes Climate Change (CC)","Sub-Total 
Output 
(Japan fund) 
          250,266 250,26
6 100%   
CPAP Output 7.3:  Vulnerable populations have increased knowledge about disaster risk management and capacity for climate cha nge adaptation 
and mitigation of risks (Project ID: 84111) ATLAS Activity 3",10b495d541bde688ebfea7ce2d15dbd8f163ec818657ead3663acb6511bd9560.pdf,10b495d541bde688ebfea7ce2d15dbd8f163ec818657ead3663acb6511bd9560.pdf
What's the relationship between communities and disaster planning in terms of how they're supposed to work together when something bad happens?,"Adaptation measures (i.e. income generation activities, plantations, etc.), and supports the 
implementation of community based disaster risk management plans (CBDRMPs) in coordination 
with NRRC Flagship 4 partners. (This component contributes to CPAP output 7.3). 
 
4. Emergency Preparedness and Response and Early Recovery (EPRER):","BCPR : Bureau for Crisis Prevention and Recovery 
CBDRM : Community Based Disaster Risk Management 
CBDRMC/P : Community Based Disaster Risk Management Committee/Plan 
CBEWS : Community Based Early Warning System 
CBOs : Community Based Organizations 
CC : Climate Change 
CCA : Climate Change Adaptation 
CDG : Central Department of Geography, Tribhuvan University",10b495d541bde688ebfea7ce2d15dbd8f163ec818657ead3663acb6511bd9560.pdf,10b495d541bde688ebfea7ce2d15dbd8f163ec818657ead3663acb6511bd9560.pdf
How does the government prepare and respond to emergencies in terms of having a central coordination unit?,"This component focuses on strengthening the national capacity for emergency preparedness, 
response and early recovery. It supports the GoN on policy and legal frameworks, enhances the 
capacity of first responders, builds a network of EOCs and focuses on strengthening early 
recovery network and ER capacity building initiatives. (This component contributes to CPAP 
output 7.4).","based in the premises of the Ministry of Home Affairs. Staff working at EOCs and Assistant CDOs and 
other officials in -charge were oriented for improved disaster information management and 
functioning of EOCs. National Early Recovery Framework was also prepared as a technical support  
to the Ministry of Federal Affairs and Local Development.",10b495d541bde688ebfea7ce2d15dbd8f163ec818657ead3663acb6511bd9560.pdf,10b495d541bde688ebfea7ce2d15dbd8f163ec818657ead3663acb6511bd9560.pdf
Does the work of this consortium involve setting up emergency response systems in Nepal?,"output 7.4). 
 
5. Nepal Risk Reduction Consortium Flagship 5 (F5):  
As the focal organization in supporting the facilitation of Flagship 5 (F5), UNDP has been working 
on different initiatives in coordination with NRRC consortium members and other stakeholders 
for p olicy and institutional strengthening on D/CRM. (This component contributes to CPAP 
output 7.1).","building the capacity of the Ministry of Home Affairs, other line ministries and local governments.  
In addition, its objective was also to support implementation of the Government of Nepal’s National 
Strategy for Disaster Risk Management (2009). 
 
UNDP, being coordinating agency in Nepal for the erstwhile Nepal Risk Reduction Consortium",10b495d541bde688ebfea7ce2d15dbd8f163ec818657ead3663acb6511bd9560.pdf,10b495d541bde688ebfea7ce2d15dbd8f163ec818657ead3663acb6511bd9560.pdf
Do you think they were tracking progress over time with any specific tools or systems?,"output 7.1). 
December, 2016 ANNUAL PROGRESS REPORT 
 
6 | P a g e  
 
  
Crosscutting issues such as Gender Equality and Social Inclusion (GESI), Monitoring and 
Evaluation (M&E) and Knowledge Management & Communication have been int egrated in all of 
the above components. 
 
  
December, 2016 ANNUAL PROGRESS REPORT 
 
7 | P a g e  
 
  
Theory of Change (ToC) of CDRMP","5.2 Progress on Project Outputs 14 
6. BUDGET AND EXPENDITURE 31 
7. CROSS CUTTING ISSUES 33 
7.1 Targeting and Voice/Participation of target groups 33 
7.2 Gender equality, Women’s empowerment and Social Inclusion 34 
7.3 Scaling up 34 
7.4 National Capacity Development  35 
7.5 Sustainability 35 
7.6 South- South and Triangular cooperation 35 
7.7 Partnerships 36",10b495d541bde688ebfea7ce2d15dbd8f163ec818657ead3663acb6511bd9560.pdf,10b495d541bde688ebfea7ce2d15dbd8f163ec818657ead3663acb6511bd9560.pdf
Is there a specific goal or outcome that the country is trying to achieve with this program?,"Theory of Change (ToC) of CDRMP 
UNDP intends to bring changes at different levels, from community to policy level, through 
implementation of CDRMP activities. Contributing to the spirit of "" Managing for Development Results 
(MfDR)"" achievements of CDRMP lie in bringing changes in the contexts of DRM in the country at wider","CDRMP continued its support and contribution in 2016 to the Government of Nepal’s overall effort 
in improving disaster risk management at community, sub -national and national level through 
several interventions. UNDP, being co-lead for ""policy/institutional support for DRM"" to the Ministry 
of Home Affairs – lead ministry, has begun formulation of National Disaster Risk Management (DRM)",10b495d541bde688ebfea7ce2d15dbd8f163ec818657ead3663acb6511bd9560.pdf,10b495d541bde688ebfea7ce2d15dbd8f163ec818657ead3663acb6511bd9560.pdf
How do local communities get involved in making a plan to respond to emergencies?,"level rather than just outputs from the implemented activities. Support to vulnerable communities 
associated in Local Disaster Risk Man agement Committee for their plan (LDRMP) preparation and 
implementation and capacity building effort involve local stakeholders like VDCs, DDCs and other 
government and non -government actors, which ultimately lead to improved DRM at local levels by all","DIM : Direct Implementation Modality 
DIMS : Disaster Information Management System 
DPRP : District Disaster Preparedness and Response Plan 
DM : Disaster Management 
DoLS : Department of Livestock Services 
DRM : Disaster Risk Management 
DRR : Disaster Risk Reduction 
DSCO : District Soil Conservation Office 
DUDBC : Department of Urban Development and Building Construction",10b495d541bde688ebfea7ce2d15dbd8f163ec818657ead3663acb6511bd9560.pdf,10b495d541bde688ebfea7ce2d15dbd8f163ec818657ead3663acb6511bd9560.pdf
What does the government do to train and prepare local builders and officials for big emergencies?,"concerned. Other areas supported by CDRMP include capacity building of professionals, masons and 
Kathmandu valley authorities including municipalities for effective implementation of NBC and RSLUP 
for safer building construction practices. Support to the mini stries and departments for policy, legal","2. National Building Codes (NBC) Implementation and Risk Sensitive Land Use Planning 
(RSLUP):  
Under this component, CDRMP aims to support the Kathmandu Valley Development Authority 
(KVDA) and the DUDBC for safer building construction practices in municipalities and VDCs of 
Kathmandu Valley. It also supports policy revision and implementation.  (This component",10b495d541bde688ebfea7ce2d15dbd8f163ec818657ead3663acb6511bd9560.pdf,10b495d541bde688ebfea7ce2d15dbd8f163ec818657ead3663acb6511bd9560.pdf
How does the country's emergency response system work at a national level?,"frameworks and capacity building initiatives of CDRMP contributed for improved institutional and 
legislative system in DRM in the country. Integration of D/CRM into periodic development plans including 
D/CRM monitoring framework developed by NPC further contributes in progressive national effort of 
DRM. Support to MoHA for operationalization of EOCs network across the country involve other","CDRMP in 2014 revealed that around 5% of resource allocation from the key ministries is directed for D/CRM 
and it needs to be increased. In 2016,  a study entitled ""Risk Informed Development Planning"" was carried 
out to support NPC for better integration of D/CRM in the Approach Paper for the 14th Three-Year plan.",10b495d541bde688ebfea7ce2d15dbd8f163ec818657ead3663acb6511bd9560.pdf,10b495d541bde688ebfea7ce2d15dbd8f163ec818657ead3663acb6511bd9560.pdf
Do they have systems in place to help different groups work together effectively during a disaster?,"stakeholders as well which is expected to contribute at wider level for emerge ncy preparedness, 
response and for recover y effort through disaster information management systems. CDRMP's priority 
of integrating GESI and M&E and Knowledge Management across the programme components reinforce 
the overall intended changes in the DRM sector in Nepal.","CDRMP continued its support and contribution in 2016 to the Government of Nepal’s overall effort 
in improving disaster risk management at community, sub -national and national level through 
several interventions. UNDP, being co-lead for ""policy/institutional support for DRM"" to the Ministry 
of Home Affairs – lead ministry, has begun formulation of National Disaster Risk Management (DRM)",10b495d541bde688ebfea7ce2d15dbd8f163ec818657ead3663acb6511bd9560.pdf,10b495d541bde688ebfea7ce2d15dbd8f163ec818657ead3663acb6511bd9560.pdf
How do organizations like UNDP help prepare for and respond to natural disasters?,"Thus, with regard to natural disasters, UNDP is best placed to: help operationalize DRR plans and 
priorities through effective use of UNDP’s engagement on governance issues whether legislative and 
regulatory frameworks to set normative standa rds, systems for accountability and reporting,","building the capacity of the Ministry of Home Affairs, other line ministries and local governments.  
In addition, its objective was also to support implementation of the Government of Nepal’s National 
Strategy for Disaster Risk Management (2009). 
 
UNDP, being coordinating agency in Nepal for the erstwhile Nepal Risk Reduction Consortium",10b495d541bde688ebfea7ce2d15dbd8f163ec818657ead3663acb6511bd9560.pdf,10b495d541bde688ebfea7ce2d15dbd8f163ec818657ead3663acb6511bd9560.pdf
How do communities typically work together to handle emergency situations?,"coordination and delineation of roles and responsibilities in decentralized settings, and/or application of 
‘whole-of-government’ and ‘whole-of-society’ approaches that bring together government agencies with 
civil society and the private sector; strengthen country institutional capacities, from end -to-end early","This component focuses on two aspects: i) support the GoN in formulating, amen ding and 
implementing policy and legal frameworks in coordination with the concerned government and 
non-government institutions; and ii) focus on enhancing the capacities of government officials as 
well as personnel from non -government organizations (NGOs) , private companies and local",10b495d541bde688ebfea7ce2d15dbd8f163ec818657ead3663acb6511bd9560.pdf,10b495d541bde688ebfea7ce2d15dbd8f163ec818657ead3663acb6511bd9560.pdf
Do we have a system in place to alert people in danger zones before a disaster happens?,"warning systems that cover the full spectrum of risks to contingency planning, development of local 
government and community based disaster preparednes s measures, such as evacuation, search and 
rescue, and implementation of cost -effective communication systems; incorporate gender -sensitive","implement systems and policies to effectively manage disaster risks  and 
adapt to climate change 
Output 7.2: Urban populations are better able to prepare for and manage 
hazard and climate change adaptation risk 
Output 7.3: Vulnerable populations have increased knowledge about 
disaster risk management and capacity for climate change adaptation and 
mitigation of risks",10b495d541bde688ebfea7ce2d15dbd8f163ec818657ead3663acb6511bd9560.pdf,10b495d541bde688ebfea7ce2d15dbd8f163ec818657ead3663acb6511bd9560.pdf
How do emergency plans take into account the kinds of challenges that different groups of people might face?,"approaches to address the specific roles, responsibilities and vulnerabilities affecting women and girls.   
Thus, above explanation on ToC of CDRMP complies with all the three major criteria/principles of: (i) 
plausibility- because the intended changes are logical, (ii) feasibility- they are feasible and being achieved,","the gender based violence.  
7.3 Scaling up 
CDRMP has been working in close coordination with the line ministries and concerned departments of the 
Government of Nepal to ensure that the interventions could be continued even after the completion of the 
project activities. The support by CDRMP in diff erent legal, policy and normative documents have been",10b495d541bde688ebfea7ce2d15dbd8f163ec818657ead3663acb6511bd9560.pdf,10b495d541bde688ebfea7ce2d15dbd8f163ec818657ead3663acb6511bd9560.pdf
Do governments have the final say in how disasters are handled in their countries?,"and (iii) testability - changes can be assessed with the pre-determined set of criteria and indicators. 
 
Assumptions:  
 
1. Governments have the lead responsibility for DRR, to establish effective policy and legislative 
frameworks provide resources and capacity to implement comprehensive DRR, and ensure the 
safety of citizens.","due to reliance on short -term funding so urces, i.e. from 
humanitarian assistance, instead of dedicated allocations for 
DRR from development budgets. 
Sustained advocacy on the concrete benefits of 
effective DRR; better measurement and 
dissemination of evidence on the impact of 
successful DRR; hig h quality advice on practical 
policy and investment options.",10b495d541bde688ebfea7ce2d15dbd8f163ec818657ead3663acb6511bd9560.pdf,10b495d541bde688ebfea7ce2d15dbd8f163ec818657ead3663acb6511bd9560.pdf
How do different groups work together to respond to disasters?,"safety of citizens.   
2. Development partners will successfully align with national frameworks and coordinate and 
collaborate to maximize complementary strengths and minimize duplication. 
3. Partnerships are critical as no single group or organization is in a position to address all aspects 
of DRR.  
4. Synergies between DRR and climate change adaptation make practical sense as part of an","encourage and promote risk reduction. 
 
Poor security or violence that hampers access to high risk 
areas and vulnerable populations. 
Ensuring better coordination with actors – 
national, UN or bilateral - engaged in peace -
building or violence reduction efforts, so that 
access to high-risk populations can be secured. 
Sustained engagement in and support for DRR is not possible",10b495d541bde688ebfea7ce2d15dbd8f163ec818657ead3663acb6511bd9560.pdf,10b495d541bde688ebfea7ce2d15dbd8f163ec818657ead3663acb6511bd9560.pdf
"""How do communities typically get involved in helping prevent or prepare for potential disasters?""","integrated risk management framework that can address issues across different time scales.  
5. Participation of women, communities and community-based organizations is vital, not just an 
option.    
 
 
 
 
December, 2016 ANNUAL PROGRESS REPORT 
 
8 | P a g e  
 
  
 
 
 
 
 
 
 
 
 
 
 
 
Risk and mitigation measures: 
 
Risk Risk Mitigation Strategy","• Strengthening and follow up support to EOC networks 
• Follow up and support to the respective ministries/NPC for sustainability of the interventions. 
 
December, 2016 ANNUAL PROGRESS REPORT 
 
43 | P a g e  
   
12. RISK AND ISSUE LOGS 
 
Table 7: Risk Log Matrix 
 
S. 
N 
Description Category (financial, 
political, 
operational, 
organizational, 
environmental, 
regulatory, security,",10b495d541bde688ebfea7ce2d15dbd8f163ec818657ead3663acb6511bd9560.pdf,10b495d541bde688ebfea7ce2d15dbd8f163ec818657ead3663acb6511bd9560.pdf
"When trying to rebuild after a disaster, how do you balance the immediate needs of recovery with preventing similar disasters from happening in the future?","Risk Risk Mitigation Strategy 
Occurrence of disasters that redirect attention and resources 
to emergency response and recovery, away from addressing 
the underlying causes of disaster risk. 
Working with national and international partners 
to ensure that DRR approaches are fully integrated 
into recovery responses; ‘building back better’.","natural disasters, including from climate change 
UNDP Strategic Plan Output 5.2: Effective institutional, legislative and policy frameworks in place to 
enhance the implementation of disaster and climate risk management measures at national sublevels 
UNDAF Outcome 7:  
People living in areas vulnerable to climate change and disasters benefit from improved risk management",10b495d541bde688ebfea7ce2d15dbd8f163ec818657ead3663acb6511bd9560.pdf,10b495d541bde688ebfea7ce2d15dbd8f163ec818657ead3663acb6511bd9560.pdf
Don't they have some kind of local framework or something to help communities prepare for and respond to disasters?,"into recovery responses; ‘building back better’. 
Weak and uncertain governance arrangements with negative 
implications for establishing effective institutional and policy 
arrangements for DRR. 
 
Building national capacities and forging 
partnerships for DRR at the local level, especially 
with elders and community leaders, who can 
encourage and promote risk reduction.","encourage and promote risk reduction. 
 
Poor security or violence that hampers access to high risk 
areas and vulnerable populations. 
Ensuring better coordination with actors – 
national, UN or bilateral - engaged in peace -
building or violence reduction efforts, so that 
access to high-risk populations can be secured. 
Sustained engagement in and support for DRR is not possible",10b495d541bde688ebfea7ce2d15dbd8f163ec818657ead3663acb6511bd9560.pdf,10b495d541bde688ebfea7ce2d15dbd8f163ec818657ead3663acb6511bd9560.pdf
How does the way we work with other organizations to help people in danger areas affect how well we can respond to emergencies?,"encourage and promote risk reduction. 
 
Poor security or violence that hampers access to high risk 
areas and vulnerable populations. 
Ensuring better coordination with actors – 
national, UN or bilateral - engaged in peace -
building or violence reduction efforts, so that 
access to high-risk populations can be secured. 
Sustained engagement in and support for DRR is not possible","into recovery responses; ‘building back better’. 
Weak and uncertain governance arrangements with negative 
implications for establishing effective institutional and policy 
arrangements for DRR. 
 
Building national capacities and forging 
partnerships for DRR at the local level, especially 
with elders and community leaders, who can 
encourage and promote risk reduction.",10b495d541bde688ebfea7ce2d15dbd8f163ec818657ead3663acb6511bd9560.pdf,10b495d541bde688ebfea7ce2d15dbd8f163ec818657ead3663acb6511bd9560.pdf
,"due to reliance on short -term funding so urces, i.e. from 
humanitarian assistance, instead of dedicated allocations for 
DRR from development budgets. 
Sustained advocacy on the concrete benefits of 
effective DRR; better measurement and 
dissemination of evidence on the impact of 
successful DRR; hig h quality advice on practical 
policy and investment options.","encourage and promote risk reduction. 
 
Poor security or violence that hampers access to high risk 
areas and vulnerable populations. 
Ensuring better coordination with actors – 
national, UN or bilateral - engaged in peace -
building or violence reduction efforts, so that 
access to high-risk populations can be secured. 
Sustained engagement in and support for DRR is not possible",10b495d541bde688ebfea7ce2d15dbd8f163ec818657ead3663acb6511bd9560.pdf,10b495d541bde688ebfea7ce2d15dbd8f163ec818657ead3663acb6511bd9560.pdf
What happens when countries are dealing with emergencies and there are competing priorities for resources?,"policy and investment options. 
 Fig 1: Schematic Diagram of CDRMP's ToC 
December, 2016 ANNUAL PROGRESS REPORT 
 
9 | P a g e  
 
  
Risk Risk Mitigation Strategy 
Constraints on commitment to institutionalising and 
prioritising DRR in view of other more pressing or urgent 
needs; and risk of political changes affecting country 
priorities. 
Same as above, bu t with national advocates and","In 2016, results have been achieved under the major four components  of CDRMP: (i) Institutional 
and Legislative Systems for DRM and Capacity Building, (ii) National Building Codes and Risk 
Sensitive Land Use Plan implementation, (iii) Emergency Prepared ness, Response and Early 
Recovery and (iv) Integrated Climate Risk Management.",10b495d541bde688ebfea7ce2d15dbd8f163ec818657ead3663acb6511bd9560.pdf,10b495d541bde688ebfea7ce2d15dbd8f163ec818657ead3663acb6511bd9560.pdf
How do institutions usually handle staff turnover and keep their core functions running smoothly?,"Same as above, bu t with national advocates and 
counterparts, and in alignment with national 
budget cycles. 
 
Brain drain and frequent turn-over or transfer of staff. Securing agreement with national counterparts on 
stable resourcing of core DRR functions and 
institutions.  Developing targeted remedial options 
such as training and orientation, use of South -","safety of citizens.   
2. Development partners will successfully align with national frameworks and coordinate and 
collaborate to maximize complementary strengths and minimize duplication. 
3. Partnerships are critical as no single group or organization is in a position to address all aspects 
of DRR.  
4. Synergies between DRR and climate change adaptation make practical sense as part of an",10b495d541bde688ebfea7ce2d15dbd8f163ec818657ead3663acb6511bd9560.pdf,10b495d541bde688ebfea7ce2d15dbd8f163ec818657ead3663acb6511bd9560.pdf
,"such as training and orientation, use of South -
South staff exchanges, and utilisation of UNVs.    
 
4. PROGRAMMATIC REVISIONS  
 
To address the needs of EQ 2015 affected families of Dolakha, Sindhupalchowk, Kavre and Gorkha 
districts, s ome additional initiatives have been carried out in 2016. Under funding from the","Sindhupalchowk) were added in 2016 exclusively to address post EQ 2015 contexts by facilitating safer 
reconstruction of houses. The project continued its community level activities in 3 VDCs (Kunathari, Gadhi 
and Lekhgaun) of Surkhet, Maadi municipality of Chitwan, 4 VDCs/municipality in (Haibung, Bhotechaur,",10b495d541bde688ebfea7ce2d15dbd8f163ec818657ead3663acb6511bd9560.pdf,10b495d541bde688ebfea7ce2d15dbd8f163ec818657ead3663acb6511bd9560.pdf
Do they also get support for rebuilding homes and communities in the areas that weren't directly affected by earthquakes?,"Government of Japan, NBC implementation has been supported in the three earthquake affected 
municipalities (Panchkhal, Melamchi and Chautara). Similarly, through additional resources 
mobilized from ECHO, house-owner driven reconstruction is being facilitated. In addition, exchange 
and learning from disaster management have been initiated in Surkhet and Sindhupalchowk","three municipalities have been provided with technical support (deployment of two Civil 
Engineers/architects at each of three municipalities) and some equipment for establishment of NBC unit. 
The key progress made in these three municipalities include:  
Local people being oriented on safer construction through 
Mobile Campaigns, Ramche VDC, Sindhupalchowk",10b495d541bde688ebfea7ce2d15dbd8f163ec818657ead3663acb6511bd9560.pdf,10b495d541bde688ebfea7ce2d15dbd8f163ec818657ead3663acb6511bd9560.pdf
Are there any new types of building materials being used to help with disaster recovery in these areas?,"districts under Community based Disaster  Management (CBDM) phase II . Besides, UNDP has 
mobilized TRAC fund as well for technology development, testing and demonstration such as the 
Galvanised Iron ( GI) containment stone -mud masonry housing, Compressed Stabilized Earthen 
Block (CSEB), upcycled debris block preparation, re-clustering of settlements and training of masons","context of post EQ 2015 for ensuring safe construction/reconstruction practices in the EQ affected 
districts. The CDRMP is being implemented by UNDP  in Nepal  since 2011 with UNDP’s internal  
resources (CPR TTF, TRAC) and financial support from several donors, which include: DFID, ECHO, 
World Bank, UNISDR, Government of Japan and KOICA. Together, these partners aim to address the",10b495d541bde688ebfea7ce2d15dbd8f163ec818657ead3663acb6511bd9560.pdf,10b495d541bde688ebfea7ce2d15dbd8f163ec818657ead3663acb6511bd9560.pdf
Is the project getting an extension mainly because of some changes that were supposed to be finished in 2017?,"and trainers on safer constructions. Some of these initiatives are planned to be completed in 2017, 
which justifies extension of CDRMP till end of 2017. PEB meeting held on 20 Nov 2016 has 
accordingly approved the extension of the project till Dec 2017.  
 
  
December, 2016 ANNUAL PROGRESS REPORT 
 
10 | P a g e  
 
  
5. NARRATIVE ON KEY RESULTS ACHIEVED IN 2016","in our lives. The lessons we learnt from this project are self -confidence, passion and accountability. Unity and 
support from the community lead to success”. 
 
  
 
11.  PRIORITIES FOR 2017 
  
Extension of CDRMP till 31 Dec 2017 has been approved by PEB held on 20 Nov 2016. The major 
activities to be accomplished are briefly mentioned below:",10b495d541bde688ebfea7ce2d15dbd8f163ec818657ead3663acb6511bd9560.pdf,10b495d541bde688ebfea7ce2d15dbd8f163ec818657ead3663acb6511bd9560.pdf
What kind of impact did this project have on the things it was supposed to be working towards?,"5. NARRATIVE ON KEY RESULTS ACHIEVED IN 2016 
 
CDRMP contributes for Outcome 7 of the current UNDAF (2013-017). The table given below shows 
the linkage of UNDAF outcome and associated UNDAF output statements that the project contributes 
for.  The four outputs, as in the below table, of the CPAP have been contributed through 
implementation of CDRMP activities under various components.","7 as shown in table 1 above. The key achievements of CDRMP against the CPAP outputs have been 
mentioned in the table 2 below:  
December, 2016 ANNUAL PROGRESS REPORT 
 
11 | P a g e  
   
Table 2: Progress on Outcome Indicators 
 
CPAP Output 
Statements 
Outcome indicator Baseline Cumulative 
Target for 
2013 - 2017 
Total target 
achieved till 
2015 
Milestone for 
2016, if any 
Achievement",10b495d541bde688ebfea7ce2d15dbd8f163ec818657ead3663acb6511bd9560.pdf,10b495d541bde688ebfea7ce2d15dbd8f163ec818657ead3663acb6511bd9560.pdf
Does having a good system in place for dealing with natural disasters actually make a difference in how well people can bounce back from those disasters?,"Table 1: Outcome and Output Statements 
Outcome Statement Output Statement 
Outcome 7:  
People living in areas 
vulnerable to climate 
change and disasters benefit 
from improved risk 
management and are more 
resilient to hazard-related 
shocks 
Output 7.1: Government officials at all levels have the capacity to lead and","2015 
Milestone for 
2016, if any 
Achievement 
2016  
Year for 
the 
latest 
data 
Source of 
data 
Outcome 7: People living in areas vulnerable to climate change and disasters benefit from improved risk management and are more resilient to hazard-related 
shocks 
Output 7.1: 
Government 
officials at all levels 
have the capacity to 
lead and implement 
systems and 
policies to",10b495d541bde688ebfea7ce2d15dbd8f163ec818657ead3663acb6511bd9560.pdf,10b495d541bde688ebfea7ce2d15dbd8f163ec818657ead3663acb6511bd9560.pdf
How do cities usually go about helping their most vulnerable residents get ready for disasters?,"implement systems and policies to effectively manage disaster risks  and 
adapt to climate change 
Output 7.2: Urban populations are better able to prepare for and manage 
hazard and climate change adaptation risk 
Output 7.3: Vulnerable populations have increased knowledge about 
disaster risk management and capacity for climate change adaptation and 
mitigation of risks","natural disasters, including from climate change 
UNDP Strategic Plan Output 5.2: Effective institutional, legislative and policy frameworks in place to 
enhance the implementation of disaster and climate risk management measures at national sublevels 
UNDAF Outcome 7:  
People living in areas vulnerable to climate change and disasters benefit from improved risk management",10b495d541bde688ebfea7ce2d15dbd8f163ec818657ead3663acb6511bd9560.pdf,10b495d541bde688ebfea7ce2d15dbd8f163ec818657ead3663acb6511bd9560.pdf
"How does a country get ready and respond to big emergencies, like natural disasters?","mitigation of risks  
Output 7.4: National preparedness and emergency systems are able to 
effectively prepare for and respond to hazard-related disasters 
 
 
 5.1 Progress towards the UNDAF Outcome and CPAP Outputs  
 
The CDRMP outputs contribute to the four outputs of CPAP and ultimately to the CPAP Outcome","and are more resilient to hazard-related shocks 
 
UNDAF/CPAP Outputs: 
7.1 Government officials at all levels have capacity to lead and implement systems and policies to effe ctively 
manage disaster risks 
7.2 Urban populations are better able to prepare for and manage hazard and climate change adaptation risk",10b495d541bde688ebfea7ce2d15dbd8f163ec818657ead3663acb6511bd9560.pdf,10b495d541bde688ebfea7ce2d15dbd8f163ec818657ead3663acb6511bd9560.pdf
"What kind of milestones are they tracking in this report, and how do they relate to the overall goals?","7 as shown in table 1 above. The key achievements of CDRMP against the CPAP outputs have been 
mentioned in the table 2 below:  
December, 2016 ANNUAL PROGRESS REPORT 
 
11 | P a g e  
   
Table 2: Progress on Outcome Indicators 
 
CPAP Output 
Statements 
Outcome indicator Baseline Cumulative 
Target for 
2013 - 2017 
Total target 
achieved till 
2015 
Milestone for 
2016, if any 
Achievement","5.2 Progress on Project Outputs  
 
This section provides details of the activities accomplished by CDRMP in 201 6. The narrative in this section has been articulated with 
the different accomplishments that contribute to the respective CPAP outputs. The table 3 in this section provides details of the progress 
against the indicators for project level outputs.",10b495d541bde688ebfea7ce2d15dbd8f163ec818657ead3663acb6511bd9560.pdf,10b495d541bde688ebfea7ce2d15dbd8f163ec818657ead3663acb6511bd9560.pdf
How do local governments typically prepare for and respond to major disasters?,"2015 
Milestone for 
2016, if any 
Achievement 
2016  
Year for 
the 
latest 
data 
Source of 
data 
Outcome 7: People living in areas vulnerable to climate change and disasters benefit from improved risk management and are more resilient to hazard-related 
shocks 
Output 7.1: 
Government 
officials at all levels 
have the capacity to 
lead and implement 
systems and 
policies to","natural disasters, including from climate change 
UNDP Strategic Plan Output 5.2: Effective institutional, legislative and policy frameworks in place to 
enhance the implementation of disaster and climate risk management measures at national sublevels 
UNDAF Outcome 7:  
People living in areas vulnerable to climate change and disasters benefit from improved risk management",10b495d541bde688ebfea7ce2d15dbd8f163ec818657ead3663acb6511bd9560.pdf,10b495d541bde688ebfea7ce2d15dbd8f163ec818657ead3663acb6511bd9560.pdf
What's the typical way that a country decides to divide up its resources and responsibilities when dealing with natural disasters and climate change?,"lead and implement 
systems and 
policies to 
effectively manage 
disaster risks and 
adapt to climate 
change 
% of resources allocated 
for disaster risk 
management and climate 
change in each of the eight 
key ministries (Ministry of 
Home Affairs, Ministry of 
Physical Planning and 
Works, Ministry of Local 
Development, Ministry of 
Agriculture and 
Cooperatives, Minist ry of","implement systems and policies to effectively manage disaster risks  and 
adapt to climate change 
Output 7.2: Urban populations are better able to prepare for and manage 
hazard and climate change adaptation risk 
Output 7.3: Vulnerable populations have increased knowledge about 
disaster risk management and capacity for climate change adaptation and 
mitigation of risks",10b495d541bde688ebfea7ce2d15dbd8f163ec818657ead3663acb6511bd9560.pdf,10b495d541bde688ebfea7ce2d15dbd8f163ec818657ead3663acb6511bd9560.pdf
What's the connection between the 14th 3-year plan and disaster management?,"Agriculture and 
Cooperatives, Minist ry of 
Health and Population, 
Ministry of Forests and 
Soil Conservation and 
Ministry of Environment 
no 
allocation 
5% 4.85% Continues 
support to NPC 
for D/CRM 
mainstreaming 
in Development 
planning 
A regional 
workshop held 
in Biratnagar, 
National 
workshop hel d 
in Kathmandu. 
14th 3-year plan 
contributed 
through “Risk 
Informed","Soil Conservation and 
Ministry of Agriculture Development 
Kathmandu Valley Development 
Authority 
National Government Training 
Institutions:  
Nepal Administrative Staff College 
(NASC) 
Local Development Training Academy 
(LDTA) and 
Tribhuvan University-Central 
Department of Environmental 
Science (TU-CDES). 
Direct 
Implementation 
Modality (DIM) 
Project Budget (US$)",10b495d541bde688ebfea7ce2d15dbd8f163ec818657ead3663acb6511bd9560.pdf,10b495d541bde688ebfea7ce2d15dbd8f163ec818657ead3663acb6511bd9560.pdf
What's the role of building codes in helping cities like Kathmandu prepare for natural disasters?,"contributed 
through “Risk 
Informed 
Planning” study; 
mainstreaming 
guideline for 
DRR-CCA 
drafted. 
2016 CDRMP 
Output 7.2 Urban 
Populations are 
better able to 
prepare for and 
manage hazard and 
climate change 
adaptation risk 
 
National Building Codes 
implemented in 
municipalities of 
Kathmandu Valley 
0 VDCs in 
KV, No 
RSLUP, 0 
Municipal
ity 
outside 
KV 
6 urbanizing 
VDCs and 3","and climate change adaptation risk. (UNDAF/CPAP Output 7.2). 
This component of CDRMP has been addressing the issues of safer constructions practices through national 
building code implementation and implementation of risk sensitive land use plans. The scope of this  
component has been expanded, merely in Kathmandu valley earlier, outside the Kathmandu valley in the",10b495d541bde688ebfea7ce2d15dbd8f163ec818657ead3663acb6511bd9560.pdf,10b495d541bde688ebfea7ce2d15dbd8f163ec818657ead3663acb6511bd9560.pdf
Does this have to do with how a city or region prepares for different kinds of emergencies?,"ity 
outside 
KV 
6 urbanizing 
VDCs and 3 
municipalitie
s, and 
KMC/LSMC 
in KV. 3 
municipalitie
s outside KV 
 
6 VDCs, 3 
municipalities 
and in KMC 
and LSM C. 3 
municipalities 
outside KV 
  
Further 
strengthening 
in KV. NBC 
implementation 
started in 3 
municipalities. 
Support to 3 
municipalities 
outside KV 
Kirtipur and 
LSMC launched 
e-BPS. 
Chautara, 
Melamchi and 
Panchkhal","Madhyapur and 
Bhaktapur) and 
KMC and LSMC 
# No. of 
municipalities and 
VDC of KV 
implementing NBC 
# e -BPS 
operationalized in 
KMC and LSMC 
No NBC 
implement
ation in KV 
NBC 
implemented in 
3 municipalities 
and 6 VDCs of 
KV, e -BPS 
operationalized 
in KMC and 
LSMC 
NBC 
implementat
ion started 
in 6 
Urbanizing 
VDCs  3 
municipaliti
es. 
e-BPS in 
KMC 
operationali
zed 
e-BPS",10b495d541bde688ebfea7ce2d15dbd8f163ec818657ead3663acb6511bd9560.pdf,10b495d541bde688ebfea7ce2d15dbd8f163ec818657ead3663acb6511bd9560.pdf
"So, how do local communities prepare for and respond to disasters in a way that makes them more resilient?","e-BPS. 
Chautara, 
Melamchi and 
Panchkhal 
municipalities 
started NBC 
implementation 
2016 CDRMP 
Output 7.3 
Vulnerable 
populations have 
increased 
knowledge about 
disaster risk 
management and 
capacity for climate 
change adaptation 
VDCs/Municipal wards 
fulfil at least 3 -4 of the 
minimum characteristics 
of Disaster Resilient 
communities as per FS 4     
187 VDCs 
for NRRC","three municipalities: Melamchi and Chautara of Sindhupalchowk and Panchkhal of Kavre districts 
under support from UNDP/CDRMP. 
 
Progress on Output - Vulnerable populations have increased knowledge about disaster risk 
management and capacity for climate change adaptation and mitigation of risks (Output 
7.3).",10b495d541bde688ebfea7ce2d15dbd8f163ec818657ead3663acb6511bd9560.pdf,10b495d541bde688ebfea7ce2d15dbd8f163ec818657ead3663acb6511bd9560.pdf
How far does a single organization or agency usually reach in terms of supporting a community after a big event?,"communities as per FS 4     
187 VDCs 
for NRRC 
(national 
target) 0 
for UNDP 
100 
VDCs/wards 
of 
municipalitie
s by UNDP 
63 VDCs Further 
strengthening 
to maintain at 
least 3 -4 
characteristics 
achieved earlier  
3 VDCs 
Kunathari, 
Lekhgaun and 
Gardi) in 
Surkeht, 1 
municipality 
(Maadi) of 
Chitwan, 3 VDCs 
(Haibung, 
2016 CDRMP 
December, 2016 ANNUAL PROGRESS REPORT","Thakani, Sindhukot and Bansbari, later two being now 4 wards of Maadi municipality) and 10 VDCs (Marbu, 
Chankhu, Jhyaku, Khare, Suri, Khopachagu, Babare, Lapilan g, Kalinchowk and Lamedanda) of Surkhet.  
District and VDCs have been selected in coordination with the concerned government agencies to address 
December, 2016 ANNUAL PROGRESS REPORT 
 
34 | P a g e",10b495d541bde688ebfea7ce2d15dbd8f163ec818657ead3663acb6511bd9560.pdf,10b495d541bde688ebfea7ce2d15dbd8f163ec818657ead3663acb6511bd9560.pdf
"What exactly were some of the areas that were at risk of being affected, and how were their situations being monitored?","December, 2016 ANNUAL PROGRESS REPORT 
 
12 | P a g e  
   
CPAP Output 
Statements 
Outcome indicator Baseline Cumulative 
Target for 
2013 - 2017 
Total target 
achieved till 
2015 
Milestone for 
2016, if any 
Achievement 
2016  
Year for 
the 
latest 
data 
Source of 
data 
and mitigation of 
risks  
Bhotechaur, 
Thakani), 4 
wards of 
Melamchi 
municipality 
(earlier 
Sindhukot and","7 as shown in table 1 above. The key achievements of CDRMP against the CPAP outputs have been 
mentioned in the table 2 below:  
December, 2016 ANNUAL PROGRESS REPORT 
 
11 | P a g e  
   
Table 2: Progress on Outcome Indicators 
 
CPAP Output 
Statements 
Outcome indicator Baseline Cumulative 
Target for 
2013 - 2017 
Total target 
achieved till 
2015 
Milestone for 
2016, if any 
Achievement",10b495d541bde688ebfea7ce2d15dbd8f163ec818657ead3663acb6511bd9560.pdf,10b495d541bde688ebfea7ce2d15dbd8f163ec818657ead3663acb6511bd9560.pdf
How does the community around Dolakha prepare for hazards like natural disasters?,"Melamchi 
municipality 
(earlier 
Sindhukot and 
Bansbari VDCs), 
10 VDCs 
(Kalinchowk, 
Lamidanda, 
Babare, Lapilang 
and 
Khopachagu, 
Marbu, Khare, 
Suri, Jhayku, 
Chankhe) in 
Dolakha 
supported with 
CBDRM 
activities. 10 
LDRMPs in 
Dolakha 
reviewed/prepa
red. 
Output 7.4 National 
preparedness and 
emergency systems 
are able to 
effectively prepare 
for and respond to 
hazard-related","comprising of livelihood improvement, restoration of small infrastructures and bio engineering 
works.  Over 2,200 community members with around 50% women (LDRMCs/CBDRMCs) have been 
trained/oriented on DRR -CCA, First Aid, Search and Rescue, Livelihood improvement and other 
orientation trainings. 
10 Local Disaster Risk Management Plans (LD RMPs) have been prepared/ revised in Dolakha and",10b495d541bde688ebfea7ce2d15dbd8f163ec818657ead3663acb6511bd9560.pdf,10b495d541bde688ebfea7ce2d15dbd8f163ec818657ead3663acb6511bd9560.pdf
,"for and respond to 
hazard-related 
disaster  
National Coverage of 
Emergency Operation 
Centers increased 
1 NEOC in 
2011. 1 
NEOC, 16 
DEOCs in 
2013 
30 districts 45 DEOCs, 1 
NEOC, 5 REOC 
and 5 MEOCs. 
Additional 4 
DEOCs 
replacing 4 
MEOCs as per 
MoHA/MoFALD 
decision. 
4 DEOCs 
(Rasuwa, 
Nuwakot, 
Gorkha and 
Solukhumbu) 
established/acti
vated. 
2016 CDRMP","EQ 2015, District Emergency Operation Centers ( DEOCs) were established and activated in four 
December, 2016 ANNUAL PROGRESS REPORT 
 
2 | P a g e  
 
  
additional districts- Gorkha, Nuwakot, Rasuwa a nd Solukhumbu, strengthening the network now 
comprising 56 EOCs across the country including National Emergency Operation Center (NEOC)",10b495d541bde688ebfea7ce2d15dbd8f163ec818657ead3663acb6511bd9560.pdf,10b495d541bde688ebfea7ce2d15dbd8f163ec818657ead3663acb6511bd9560.pdf
"Do people usually work directly with the government when it comes to disaster planning, or is there a more specialized role?","established/acti
vated. 
2016 CDRMP 
 
December, 2016 ANNUAL PROGRESS REPORT 
 
13 | P a g e  
 
  
Progress towards Outcome 7:  
 
UNDP through CDRMP has been supporting the National Planning Commission for better integration of 
Disaster and Climate Risk Management in sectoral planning and implementation. A study  carried out by","1 | P a g e  
 
  
1. EXECUTIVE SUMMARY  
 
Comprehensive Disaster Risk Management Progamme (CDRMP), started in 2011, is being 
implemented by UNDP in collaboration with the Ministry of Home Affairs (MoHA) as focal ministry 
in collaboration with other ministries and line departments including National Planning Commission",10b495d541bde688ebfea7ce2d15dbd8f163ec818657ead3663acb6511bd9560.pdf,10b495d541bde688ebfea7ce2d15dbd8f163ec818657ead3663acb6511bd9560.pdf
Do you think they've made any progress in increasing the funding for disaster response planning since the study came out?,"CDRMP in 2014 revealed that around 5% of resource allocation from the key ministries is directed for D/CRM 
and it needs to be increased. In 2016,  a study entitled ""Risk Informed Development Planning"" was carried 
out to support NPC for better integration of D/CRM in the Approach Paper for the 14th Three-Year plan.","carried out on “Risk  Informed Development Planning” by the project which was utilized by the 
National Planning Commission (NPC) for 14th Three-Year Periodic Development Plan. These efforts 
are expected to contribute to increase in allocations by government ministries in Disaster/Climate 
Risk Management (D/CRM) from the 4.85% in 2014 (UNDP/CDRMP) in coming years. Disaster Risk",10b495d541bde688ebfea7ce2d15dbd8f163ec818657ead3663acb6511bd9560.pdf,10b495d541bde688ebfea7ce2d15dbd8f163ec818657ead3663acb6511bd9560.pdf
Do we have a process for making sure all the teams in charge are on the same page with their plans?,"Further, national stakeholders were oriented at regional level (eastern region) and central level towards 
better integration of D/CRM into planning; the workshop s concluded that NPC would lead implementation 
of the action plans  for budget planning  agreed during the consultations . These efforts are expecte d to","support to over 25 EOCs. Technical support was provided to National Planning Commission through a study 
""Risk Informed development planning"" with an aim to integrate D/CRM issu es in the 14th periodic plan. 
Around 125 officials from regional and national level were oriented on integration of D/CRM into national",10b495d541bde688ebfea7ce2d15dbd8f163ec818657ead3663acb6511bd9560.pdf,10b495d541bde688ebfea7ce2d15dbd8f163ec818657ead3663acb6511bd9560.pdf
Do they have some kind of plan in place to make sure buildings in the city are prepared for natural disasters?,"facilitate increased resource allocation by the key ministries in coming fiscal years. 
The other areas CDRMP has been supporting the GoN are to institutionalize the implementation of National 
Building Codes and project has already achieved remarkable progress in Kathmandu Valley. Kathmandu 
Metropolitan City (KMC) in 2015 and Kirtipur Municipality and Lalitpur Sub Metropolitan City (LSMC) in","concerned. Other areas supported by CDRMP include capacity building of professionals, masons and 
Kathmandu valley authorities including municipalities for effective implementation of NBC and RSLUP 
for safer building construction practices. Support to the mini stries and departments for policy, legal",10b495d541bde688ebfea7ce2d15dbd8f163ec818657ead3663acb6511bd9560.pdf,10b495d541bde688ebfea7ce2d15dbd8f163ec818657ead3663acb6511bd9560.pdf
,"2016 have formally launched electronic building permit system (eBPS)  which has made obtaining permits 
easy for ho use-builders as well as municipality through streamlined and efficient processes leading to 
improved governance. Manual Building Permit system has been adopted by 8 other municipalities in the","planning and e-BPS 
(Electronic Building Permit 
System) for safer 
construction 
Carry out study 
on eBPS and 
RSLUP 
Documentation 
on e-BPS and 
RSLUP done 
100% 
CBDM 
Asia  5,000       
CBDM 
Asia  2,500       
CBDM 
Asia  5,146 
      
  Subtotal         69,474       
Output 2: 
Exchanges 
of practice 
on 
community-
2.1 Conduct participatory 
risk assessment/ mapping",10b495d541bde688ebfea7ce2d15dbd8f163ec818657ead3663acb6511bd9560.pdf,10b495d541bde688ebfea7ce2d15dbd8f163ec818657ead3663acb6511bd9560.pdf
What happens when a city starts planning for potential disasters in the land it uses?,"Kathmandu Valley. Due to increased significance after EQ 2015, NBC implementation has begun in Panchkhal 
municipality of Kavre district and Chautara and Melamchi of Sindhupalchowk district. Similarly, Risk 
Sensitive Land Use Plan (RSLUP) has been drafted for Chautara Municipality after the successful completion 
and ownership of RSLUP for KV by Kathmandu Valley Development Authority (KVDA).","Risk Sensitive Land Use Plan (RSLUP) Guideline have been submitted to MoFALD and is in the process of 
endorsement. Similarly, RSLUP for Kathmandu Valley is in the process of endorsement at Kathmandu Valley 
Development Authority. 
UNDP through CDRMP has initiated for implementation of national building code (NBC) in three",10b495d541bde688ebfea7ce2d15dbd8f163ec818657ead3663acb6511bd9560.pdf,10b495d541bde688ebfea7ce2d15dbd8f163ec818657ead3663acb6511bd9560.pdf
How did this project help communities prepare for or recover from disasters?,"The project's effort towards making communities disaster resilient is continued. Over 17,000 families from 
Sindhu-khola sub-watershed of Sindhupalchowk and Riu-khola sub-watershed of Maadi Chitwan have been 
benefited through project activities. The outcomes of the project intervention since 2012/013 are visible -","Community Based Disaster Risk Management activities were implemented mainly in the four 
districts namely Dolakha, Surk het, Chitwan and Sindhupalchowk in 2016. The lat ter two district 
activities were supported through funding from MDGs Trust Fund Initiative of the Government of 
Republic of Korea and UNDP (RoK-UNDP). Over 15,000 families have been benefited from livelihood",10b495d541bde688ebfea7ce2d15dbd8f163ec818657ead3663acb6511bd9560.pdf,10b495d541bde688ebfea7ce2d15dbd8f163ec818657ead3663acb6511bd9560.pdf
What kind of role do community groups play in helping areas become more resilient to disasters?,"CBDRMCs are able to implement and increase partnership with other projects and stakeholders and in 2016 
19 CBOs (CBDRMCs, Fo rest User Groups, Women Networks) successfully implemented resilience-building 
project activities under MCG, which shows increased institutional capacity of CBDRMCs/CBSOs and thus, 
community level resilience building.","BCPR : Bureau for Crisis Prevention and Recovery 
CBDRM : Community Based Disaster Risk Management 
CBDRMC/P : Community Based Disaster Risk Management Committee/Plan 
CBEWS : Community Based Early Warning System 
CBOs : Community Based Organizations 
CC : Climate Change 
CCA : Climate Change Adaptation 
CDG : Central Department of Geography, Tribhuvan University",10b495d541bde688ebfea7ce2d15dbd8f163ec818657ead3663acb6511bd9560.pdf,10b495d541bde688ebfea7ce2d15dbd8f163ec818657ead3663acb6511bd9560.pdf
Do different types of local centers play a key role in sharing information during a disaster?,"community level resilience building. 
National Emergency Operation Center (NEOC) and its network with DEOCs and REOCs have been doing well 
in disaster information collection and dissemination during pre -, during and post disaster context. 
Experience of 2015 EQ was quite encouraging as DEOCs, REOCs and NEOCs played vital role in di saster","Emergency Operation Centers (DEOCs) established, Gorkha, Rasuwa, Nuwakot and Solukhumbu 
districts, resulting in augmentation of national network of 56 EOCs (1 NEOC, 49 DEOCs, 5 REOCs, 
and 1 MEOC). Capacities of DEOCs, REOC, NEOC  have been enhanced through training on  DIMS 
including integration of SAHANA Disaster Information Management System into the DRR portal for",10b495d541bde688ebfea7ce2d15dbd8f163ec818657ead3663acb6511bd9560.pdf,10b495d541bde688ebfea7ce2d15dbd8f163ec818657ead3663acb6511bd9560.pdf
What happens when they start gathering and sharing information about disasters in different parts of the country?,"information collection and dissemination. Based on the learning, 4 additional DEOCs were established, one 
each in Rasuwa, Nuwakot, Solukhumbu and Gorkha and overall disaster information system through EOC 
network is improvin 
 
 
December, 2016 ANNUAL PROGRESS REPORT 
 
14 | P a g e  
   
 
5.2 Progress on Project Outputs","Emergency Operation Centers (DEOCs) established, Gorkha, Rasuwa, Nuwakot and Solukhumbu 
districts, resulting in augmentation of national network of 56 EOCs (1 NEOC, 49 DEOCs, 5 REOCs, 
and 1 MEOC). Capacities of DEOCs, REOC, NEOC  have been enhanced through training on  DIMS 
including integration of SAHANA Disaster Information Management System into the DRR portal for",10b495d541bde688ebfea7ce2d15dbd8f163ec818657ead3663acb6511bd9560.pdf,10b495d541bde688ebfea7ce2d15dbd8f163ec818657ead3663acb6511bd9560.pdf
Did they achieve what they set out to do with the project?,"5.2 Progress on Project Outputs  
 
This section provides details of the activities accomplished by CDRMP in 201 6. The narrative in this section has been articulated with 
the different accomplishments that contribute to the respective CPAP outputs. The table 3 in this section provides details of the progress 
against the indicators for project level outputs.","7 as shown in table 1 above. The key achievements of CDRMP against the CPAP outputs have been 
mentioned in the table 2 below:  
December, 2016 ANNUAL PROGRESS REPORT 
 
11 | P a g e  
   
Table 2: Progress on Outcome Indicators 
 
CPAP Output 
Statements 
Outcome indicator Baseline Cumulative 
Target for 
2013 - 2017 
Total target 
achieved till 
2015 
Milestone for 
2016, if any 
Achievement",10b495d541bde688ebfea7ce2d15dbd8f163ec818657ead3663acb6511bd9560.pdf,10b495d541bde688ebfea7ce2d15dbd8f163ec818657ead3663acb6511bd9560.pdf
How do they usually measure progress on these kinds of projects?,"Table 3: Progress on Output Indicators 
 
Project Output 
statement 
Output indicator Baseline Cumulative 
Target for 
2013 - 2017 
Progress up 
to 2015 
 2016 
Milestone 
2016 
Progress 
Cumulative 
progress 
up to 2016 
Means of 
verification","47 | P a g e  
   
13.  PROGRESS AGAINST ANNUAL WORK PLAN 2016  
 
 
Table 9: Progress against Annual Work Plan 2016 
EXPECTED  
OUTPUTS                    PLANNED ACTIVITIES                                       
Targets for 
Planned",10b495d541bde688ebfea7ce2d15dbd8f163ec818657ead3663acb6511bd9560.pdf,10b495d541bde688ebfea7ce2d15dbd8f163ec818657ead3663acb6511bd9560.pdf
How do government officials typically work together to manage and respond to disasters?,"progress 
up to 2016 
Means of 
verification 
CPAP Output 7.1: Government officials at all levels have the capacity to lead and implement systems and policies to effectively manage disaster risks and  
adapt to climate change 
National 
DRR/CCA policy 
frameworks 
supported, Focal 
points are 
capable of 
coordinate 
D/CRM functions,   
Development of 
National DRR Policy 
and Strategic Action","and are more resilient to hazard-related shocks 
 
UNDAF/CPAP Outputs: 
7.1 Government officials at all levels have capacity to lead and implement systems and policies to effe ctively 
manage disaster risks 
7.2 Urban populations are better able to prepare for and manage hazard and climate change adaptation risk",10b495d541bde688ebfea7ce2d15dbd8f163ec818657ead3663acb6511bd9560.pdf,10b495d541bde688ebfea7ce2d15dbd8f163ec818657ead3663acb6511bd9560.pdf
How does the process of developing a plan for disaster situations typically get started?,"National DRR Policy 
and Strategic Action 
Plan 
No DRR 
Policy, No 
Strategic 
plan in 
SFDRR 
context 
(Jan 2016) 
Development of 
National DRR 
Policy and 
Strategic Action 
Plan 
Conceptualiz
ed, 
discussed 
with MoHA 
National 
DRR Policy 
and Strategic 
Action Plan 
document 
prepared 
Inception 
meetings 
held, works 
started with 
wider 
consultation 
Inception 
meetings 
held, works","• Formulation of National DRR Policy and Strategic Action Plan, 2017-2030. 
• Finalization of Mainstreaming Guideline for DRR-CCA 
• Completion of activities under CBDMA II activities 
• Completion of activities under ECHO’s “Resilience Communities through BBB” 
• Completion of activities under GoJ supported “NBC implementation in 3 municipalities”",10b495d541bde688ebfea7ce2d15dbd8f163ec818657ead3663acb6511bd9560.pdf,10b495d541bde688ebfea7ce2d15dbd8f163ec818657ead3663acb6511bd9560.pdf
Didn't we have something in place after that big earthquake to make sure that next time we'd be better prepared?,"consultation 
Inception 
meetings 
held, works 
started with 
wider 
consultatio
n 
Inception 
reports, 
consultation 
report 
Documentation of 
""Response and 
Learning of Gorkha 
EQ 2015"" 
No proper 
documenta
tion under 
MoHA's 
ownership 
(Jan 2016) 
A study and 
Video-
documentary 
NA 1 Study 
report, 
Video-
documentar
y 
Study 
""Gorkha EQ 
2015: 
Response 
and 
Learning"" 
carried out,","Home Affairs (MoHA) has been provided to conduct a study on ""Gorkha 
Earthquake 2015: Learning and Experience""; the study has been completed 
and the report in the form of a book has been printed out. For wider sharing, 
the report is being translated into English as well. Further, to better 
disseminate the learning s and experience, two episodes of Video",10b495d541bde688ebfea7ce2d15dbd8f163ec818657ead3663acb6511bd9560.pdf,10b495d541bde688ebfea7ce2d15dbd8f163ec818657ead3663acb6511bd9560.pdf
Do you know what kind of efforts were made to document and share lessons learned from the Nepal earthquake?,"2015: 
Response 
and 
Learning"" 
carried out, 
two volumes 
of Video -
documentar
y developed, 
aired by 
Nepal TV 
Study 
""Gorkha EQ 
2015: 
Response 
and 
Learning"" 
carried out, 
two 
volumes of 
Video-
documentar
y 
developed, 
aired by 
Nepal TV 
Study 
report/print
ed, Video -
documentar
y 
December, 2016 ANNUAL PROGRESS REPORT 
 
15 | P a g e  
   
Project Output 
statement","disseminated including posting in UNDP website, Facebook, twitter, etc. 
A study was carried out on ""Gorkha Earthquake 2015: Response and Learning"" and book has been printed 
to share with wider audiences. Simi larly, two episodes of Video -Documentary (Gorkha Earthquake: 
December, 2016 ANNUAL PROGRESS REPORT 
 
38 | P a g e",10b495d541bde688ebfea7ce2d15dbd8f163ec818657ead3663acb6511bd9560.pdf,10b495d541bde688ebfea7ce2d15dbd8f163ec818657ead3663acb6511bd9560.pdf
Do we have any procedures in place to assess potential hazards after natural disasters?,"15 | P a g e  
   
Project Output 
statement 
Output indicator Baseline Cumulative 
Target for 
2013 - 2017 
Progress up 
to 2015 
 2016 
Milestone 
2016 
Progress 
Cumulative 
progress 
up to 2016 
Means of 
verification 
""Landslide Hazard 
Assessment in EQ 
affected districts"" 
No study 
after EQ 
2015 (Jan 
2016) 
One study to be 
carried out 
Conceptualiz
ed 
Completion 
of the study","trained. 
A study entitled ""Landslide Hazard Assessment in EQ affected districts"" has also been carried out for Gorkha, 
Dhading and Rasuwa districts with techni cal support from Tribhuvan University 's Mountain Engineering 
Research Unit (MERU). 
  
Progress on Output - Urban Populations are better able to prepare for and manage hazard",10b495d541bde688ebfea7ce2d15dbd8f163ec818657ead3663acb6511bd9560.pdf,10b495d541bde688ebfea7ce2d15dbd8f163ec818657ead3663acb6511bd9560.pdf
Does this study have some kind of plan for dealing with emergencies before they happen?,"Conceptualiz
ed 
Completion 
of the study 
Study 
carried out 
through TU 
Study 
carried out 
through TU 
Study report 
Development of 
Mainstreaming 
Guideline for DRR -
CCA 
No 
baseline 
(Jan 2016) 
Guideline 
developed 
under NPC 
ownership 
Conceptualiz
ed 
Preparation 
of Guideline 
Guideline 
drafted 
Guideline 
drafted, 
submitted 
to NPC for 
feedback 
Guideline 
document 
Risk Inform","feedback 
Guideline 
document 
Risk Inform 
Planning for DRM 
mainstreaming 
No such 
specific 
study 
under NPC 
ownership 
(Jan 2016) 
One study to be 
carried out 
Conceptualiz
ed 
Completion 
of the study 
Study 
carried out  
Study done 
under 
leadership 
of NPC 
Study report 
Districts level 
stakeholders are 
capable for 
integrating 
D/CRM (GESI 
integrated) into 
the bottom up",10b495d541bde688ebfea7ce2d15dbd8f163ec818657ead3663acb6511bd9560.pdf,10b495d541bde688ebfea7ce2d15dbd8f163ec818657ead3663acb6511bd9560.pdf
Does DRM somehow involve working with the people on the ground at the local level to create plans?,"feedback 
Guideline 
document 
Risk Inform 
Planning for DRM 
mainstreaming 
No such 
specific 
study 
under NPC 
ownership 
(Jan 2016) 
One study to be 
carried out 
Conceptualiz
ed 
Completion 
of the study 
Study 
carried out  
Study done 
under 
leadership 
of NPC 
Study report 
Districts level 
stakeholders are 
capable for 
integrating 
D/CRM (GESI 
integrated) into 
the bottom up","Conceptualiz
ed 
Completion 
of the study 
Study 
carried out 
through TU 
Study 
carried out 
through TU 
Study report 
Development of 
Mainstreaming 
Guideline for DRR -
CCA 
No 
baseline 
(Jan 2016) 
Guideline 
developed 
under NPC 
ownership 
Conceptualiz
ed 
Preparation 
of Guideline 
Guideline 
drafted 
Guideline 
drafted, 
submitted 
to NPC for 
feedback 
Guideline 
document 
Risk Inform",10b495d541bde688ebfea7ce2d15dbd8f163ec818657ead3663acb6511bd9560.pdf,10b495d541bde688ebfea7ce2d15dbd8f163ec818657ead3663acb6511bd9560.pdf
Was there a specific point when a change was made to how disaster management planning is handled at the local level?,"D/CRM (GESI 
integrated) into 
the bottom up 
planning process 
with considerable 
fund allocations 
for D/CRM 
Regional and district 
level GoN Officials 
oriented on D/CRM 
mainstreaming at 
local level 
No 
orientation 
to district 
officials 
before 
2014 
Officials of all 5 
development 
regions oriented 
Officials of 
central, 
western, 
mid-western 
and far -
western 
oriented","were discussed. The meetings identified a need to orient GESI focal persons/officials and DRR focal 
persons jointly to enhance understanding of mainstreaming GESI in DRR planning, implementation 
and project cycle.  
•  45 GoN officials (GESI Focal Persons and DRR Focal Persons) were oriented on integration of GESI 
in DRR/CCA planning and implementation through two days' workshop.",10b495d541bde688ebfea7ce2d15dbd8f163ec818657ead3663acb6511bd9560.pdf,10b495d541bde688ebfea7ce2d15dbd8f163ec818657ead3663acb6511bd9560.pdf
How did they actually use the information from those workshops to help with whatever issues they were dealing with?,"mid-western 
and far -
western 
oriented 
consultation 
for eastern 
development 
region and 
national 
workshop 
consultation 
for eastern 
development 
region and 
national 
workshop 
organized 
Over 500 
Governmen
t officials 
and 
stakeholder
s benefitted 
through 4 
regional 
and 1 
national 
consultatio
n 
workshops.
done. 
Workshop 
reports 
 No. of studies 
(theses, community","development was organized in 2015 and two for western -, mid -western- and far -western  
development regions  were organized in 201 4) and a national workshop organized in Sep 2016. A 
has been drafted under leadership of the National Planning Commission following the national and 
district level consultations. 
 
2. National Building Code Implementation and Risk Sensitive Land Use",10b495d541bde688ebfea7ce2d15dbd8f163ec818657ead3663acb6511bd9560.pdf,10b495d541bde688ebfea7ce2d15dbd8f163ec818657ead3663acb6511bd9560.pdf
Are there some kind of records or studies from this place that show how they've helped communities deal with big emergencies or disasters over the years?,"reports 
 No. of studies 
(theses, community 
works and case 
studies) undertaken 
by the university 
focusing on D/CRM 
No D/CRM 
specific 
research 
effort 
Theses - 24 
Case Studies -30, 
Community 
works-40 
Theses - 18 
Case 
Studies-22, 
Community 
works-30 
Theses - 6 
Case Studies-
8, 
Community 
works-10 
Theses - 6 
Case Studies-
8, 
Community 
works-10 
Theses: 24 
Case Study: 
30,","works-10 
Theses: 24 
Case Study: 
30, 
Community 
Works: 40 
Report 
December, 2016 ANNUAL PROGRESS REPORT 
 
16 | P a g e  
   
Project Output 
statement 
Output indicator Baseline Cumulative 
Target for 
2013 - 2017 
Progress up 
to 2015 
 2016 
Milestone 
2016 
Progress 
Cumulative 
progress 
up to 2016 
Means of 
verification 
Capacities of 
CTEVT's Trainers 
(140) enhanced",10b495d541bde688ebfea7ce2d15dbd8f163ec818657ead3663acb6511bd9560.pdf,10b495d541bde688ebfea7ce2d15dbd8f163ec818657ead3663acb6511bd9560.pdf
"Do you know how they track progress in something like this report, like what they're looking for or how often something gets checked?","works-10 
Theses: 24 
Case Study: 
30, 
Community 
Works: 40 
Report 
December, 2016 ANNUAL PROGRESS REPORT 
 
16 | P a g e  
   
Project Output 
statement 
Output indicator Baseline Cumulative 
Target for 
2013 - 2017 
Progress up 
to 2015 
 2016 
Milestone 
2016 
Progress 
Cumulative 
progress 
up to 2016 
Means of 
verification 
Capacities of 
CTEVT's Trainers 
(140) enhanced","Table 3: Progress on Output Indicators 
 
Project Output 
statement 
Output indicator Baseline Cumulative 
Target for 
2013 - 2017 
Progress up 
to 2015 
 2016 
Milestone 
2016 
Progress 
Cumulative 
progress 
up to 2016 
Means of 
verification",10b495d541bde688ebfea7ce2d15dbd8f163ec818657ead3663acb6511bd9560.pdf,10b495d541bde688ebfea7ce2d15dbd8f163ec818657ead3663acb6511bd9560.pdf
What kind of training did these masons get in order to help with disaster response?,"Capacities of 
CTEVT's Trainers 
(140) enhanced 
and local masons 
(280) trained on 
safe construction 
in post EQ 2015 
scenario 
# Curriculum 
revised 
# No. of Trainers 
trained 
# No. of masons 
trained in EQ 
affected districts 
Inadequat
e trained 
masons in 
EQ affected 
districts 
1 curriculum 
revised, 140 
trainers and 280 
masons trained 
1 curriculum 
revised, 65 
trainers (4","(ATLAS 
Activity 2) 
Support to enhance 
capacity of 
teachers/trainers of CTEVT 
for imparting trainings for 
masons in safe 
construction practices; to 
train masons including 
online roster following skill 
tests 
Ongoing 
partnership 
2 TOT and 10 
events of mason 
trainings 
conducted 
100% 
TRAC 6,025       
TRAC 39       
CPR TTF 22,862       
CPR 
TRUST 60,885   
    
CPR TTF 1,829",10b495d541bde688ebfea7ce2d15dbd8f163ec818657ead3663acb6511bd9560.pdf,10b495d541bde688ebfea7ce2d15dbd8f163ec818657ead3663acb6511bd9560.pdf
Are there specific ways to measure the success of these training programs?,"1 curriculum 
revised, 65 
trainers (4 
women) and 
176 masons  
(4 women)  
trained 
75 trainers 
and 204 
masons 
trained 
81 trainers 
including 3 
women and 
200 masons 
with 11 
women 
trained 
1 
curriculum 
revised, 146 
trainers (7 
women) 
and 376 
masons (15 
women) 
trained 
Curriculum, 
training 
reports","EQ 2015: Experience and Learning"" 
NPC Vice-Chair Dr. Yubaraj Khatiwada, UNDP DCD Ms. Sophie 
Kemhadze and other guests in regional workshop, Biratnagar 
December, 2016 ANNUAL PROGRESS REPORT 
 
22 | P a g e  
 
  
of masons training were conducted in different districts and a total of 200  masons including 11 women were 
trained.",10b495d541bde688ebfea7ce2d15dbd8f163ec818657ead3663acb6511bd9560.pdf,10b495d541bde688ebfea7ce2d15dbd8f163ec818657ead3663acb6511bd9560.pdf
How does local government involvement help communities get ready for big natural threats?,"women) 
trained 
Curriculum, 
training 
reports 
CPAP Output 7.2 Urban Populations are better able to prepare for and manage hazard and climate change adaptation risk  
Implementation 
of building code 
strengthened at 
municipality level 
started in 6 VDCs: 
(Gongabu, 
Dhapasi, Jorpati, 
Mahankal, 
Imadole and 
Balkot), 3 
municipalities 
(Kirtipur, 
Madhyapur and 
Bhaktapur) and 
KMC and LSMC","contributed 
through “Risk 
Informed 
Planning” study; 
mainstreaming 
guideline for 
DRR-CCA 
drafted. 
2016 CDRMP 
Output 7.2 Urban 
Populations are 
better able to 
prepare for and 
manage hazard and 
climate change 
adaptation risk 
 
National Building Codes 
implemented in 
municipalities of 
Kathmandu Valley 
0 VDCs in 
KV, No 
RSLUP, 0 
Municipal
ity 
outside 
KV 
6 urbanizing 
VDCs and 3",10b495d541bde688ebfea7ce2d15dbd8f163ec818657ead3663acb6511bd9560.pdf,10b495d541bde688ebfea7ce2d15dbd8f163ec818657ead3663acb6511bd9560.pdf
What happens when there's not enough emergency response in certain areas?,"Madhyapur and 
Bhaktapur) and 
KMC and LSMC 
# No. of 
municipalities and 
VDC of KV 
implementing NBC 
# e -BPS 
operationalized in 
KMC and LSMC 
No NBC 
implement
ation in KV 
NBC 
implemented in 
3 municipalities 
and 6 VDCs of 
KV, e -BPS 
operationalized 
in KMC and 
LSMC 
NBC 
implementat
ion started 
in 6 
Urbanizing 
VDCs  3 
municipaliti
es. 
e-BPS in 
KMC 
operationali
zed 
e-BPS","ity 
outside 
KV 
6 urbanizing 
VDCs and 3 
municipalitie
s, and 
KMC/LSMC 
in KV. 3 
municipalitie
s outside KV 
 
6 VDCs, 3 
municipalities 
and in KMC 
and LSM C. 3 
municipalities 
outside KV 
  
Further 
strengthening 
in KV. NBC 
implementation 
started in 3 
municipalities. 
Support to 3 
municipalities 
outside KV 
Kirtipur and 
LSMC launched 
e-BPS. 
Chautara, 
Melamchi and 
Panchkhal",10b495d541bde688ebfea7ce2d15dbd8f163ec818657ead3663acb6511bd9560.pdf,10b495d541bde688ebfea7ce2d15dbd8f163ec818657ead3663acb6511bd9560.pdf
What kinds of planning systems are used to help cities prepare for potential emergencies?,"es. 
e-BPS in 
KMC 
operationali
zed 
e-BPS 
launched by 
LSMC and 
Kirtipur 
municipality  
e-BPS 
launched by 
LSMC and 
Kirtipur 
municipality  
NBC 
implementa
tion started 
in 6 
Urbanizing 
VDCs  3 
municipaliti
es. 
e-BPS in 
KMC, LSMC 
and Kirtipur 
operationali
zed 
Report 
Risk Sensitive 
Land Use Planning 
implemented in 
selected 
municipalities 
# of municipalities","Madhyapur and 
Bhaktapur) and 
KMC and LSMC 
# No. of 
municipalities and 
VDC of KV 
implementing NBC 
# e -BPS 
operationalized in 
KMC and LSMC 
No NBC 
implement
ation in KV 
NBC 
implemented in 
3 municipalities 
and 6 VDCs of 
KV, e -BPS 
operationalized 
in KMC and 
LSMC 
NBC 
implementat
ion started 
in 6 
Urbanizing 
VDCs  3 
municipaliti
es. 
e-BPS in 
KMC 
operationali
zed 
e-BPS",10b495d541bde688ebfea7ce2d15dbd8f163ec818657ead3663acb6511bd9560.pdf,10b495d541bde688ebfea7ce2d15dbd8f163ec818657ead3663acb6511bd9560.pdf
Do municipalities in this area have plans in place to help them prepare for and respond to natural disasters?,"selected 
municipalities 
# of municipalities 
that have disaster -
resilient/risk-
sensitive land-use 
plans, 
0 
municipali
ties (2014) 
RSLUP for KV 
and all 
municipalities 
Urban 
Growth 
trend study 
done. RSLUP 
prepared for 
KV and its 
municipaliti
es. 
RSLUP for 
Chautara 
municipality 
prepared 
RSLUP of 
Chautara 
Municipality 
prepared 
Urban 
Growth 
trend study 
done. 22","prepared 
Urban 
Growth 
trend study 
done. 22 
RSLUPs and 
by laws 
prepared. 
RSLUP for 
Chautara 
prepared. 
Reports. 
December, 2016 ANNUAL PROGRESS REPORT 
 
17 | P a g e  
   
Project Output 
statement 
Output indicator Baseline Cumulative 
Target for 
2013 - 2017 
Progress up 
to 2015 
 2016 
Milestone 
2016 
Progress 
Cumulative 
progress 
up to 2016 
Means of 
verification",10b495d541bde688ebfea7ce2d15dbd8f163ec818657ead3663acb6511bd9560.pdf,10b495d541bde688ebfea7ce2d15dbd8f163ec818657ead3663acb6511bd9560.pdf
What kind of planning documents were typically created for areas that are prone to certain types of disasters?,"prepared 
Urban 
Growth 
trend study 
done. 22 
RSLUPs and 
by laws 
prepared. 
RSLUP for 
Chautara 
prepared. 
Reports. 
December, 2016 ANNUAL PROGRESS REPORT 
 
17 | P a g e  
   
Project Output 
statement 
Output indicator Baseline Cumulative 
Target for 
2013 - 2017 
Progress up 
to 2015 
 2016 
Milestone 
2016 
Progress 
Cumulative 
progress 
up to 2016 
Means of 
verification","selected 
municipalities 
# of municipalities 
that have disaster -
resilient/risk-
sensitive land-use 
plans, 
0 
municipali
ties (2014) 
RSLUP for KV 
and all 
municipalities 
Urban 
Growth 
trend study 
done. RSLUP 
prepared for 
KV and its 
municipaliti
es. 
RSLUP for 
Chautara 
municipality 
prepared 
RSLUP of 
Chautara 
Municipality 
prepared 
Urban 
Growth 
trend study 
done. 22",10b495d541bde688ebfea7ce2d15dbd8f163ec818657ead3663acb6511bd9560.pdf,10b495d541bde688ebfea7ce2d15dbd8f163ec818657ead3663acb6511bd9560.pdf
How do they make sure people in areas that aren't very prone to earthquakes know what to do in case one happens?,"progress 
up to 2016 
Means of 
verification 
Reconstruction of 
damaged/destroy
ed houses 
undertaken in a 
risk informed   
resilient building 
# No. EQ affected 
districts/VDCs 
covered under 
awareness raising 
on safer buildi ng 
constructions 
# Engineers/ 
masons trained 
 
Very less 
awareness 
outside KV 
Inadequat
e 
engineers/
masons 
trained 
# Awareness 
raising to all 
VDCs in","Activity 
Result 2.4 
Reconstructi
on of 
damaged/de
stroyed 
houses 
undertaken 
in a risk  
informed  
resilient 
building 
(ATLAS 
Activity 1).  
  
Design Contest 
for safe EWS 
housing 
    TRAC 10,249   
    
Implement awareness 
raising  campaign and 
demonstration of 
technologies for safer  and 
disaster resilient  building 
construction .  
One VDC One 
Mason Scheme 
(1 District)",10b495d541bde688ebfea7ce2d15dbd8f163ec818657ead3663acb6511bd9560.pdf,10b495d541bde688ebfea7ce2d15dbd8f163ec818657ead3663acb6511bd9560.pdf
How did they help people in those areas prepare for disasters before they happened?,"trained 
# Awareness 
raising to all 
VDCs in 
Sindhupalchowk
, Large no. of 
population 
aware on safer 
construction, at 
least 500 
engineers 
trained on post 
damage 
assessment, 60 
masons trained. 
577 
engineers 
trained, 66 
masons 
trained, 
awareness 
raising done 
in 32 VDCs. 
To raise 
awareness 
for house - 
owners of 
Gorkha, 
Dolakha and 
Sindhupalch
owk through 
Mobile 
Clinics","Sindhupalch
owk through 
Mobile 
Clinics 
*  Training of 
270 masons 
and 90 
engineers 
About 
18,571 
people 
oriented in 
114 VDCs. 
 
271 masons 
and 60 
engineers 
trained 
 
Over 2 1000 
people 
oriented 
with 
awareness 
raising 
activities/m
obile van 
clinics, 637 
engineers 
trained, 337 
masons 
trained,  
 
No. of municipalities 
outside Kathamandu 
valley implementing 
NBC 
none",10b495d541bde688ebfea7ce2d15dbd8f163ec818657ead3663acb6511bd9560.pdf,10b495d541bde688ebfea7ce2d15dbd8f163ec818657ead3663acb6511bd9560.pdf
Are they using some kind of portable medical facilities to reach people in remote areas?,"Sindhupalch
owk through 
Mobile 
Clinics 
*  Training of 
270 masons 
and 90 
engineers 
About 
18,571 
people 
oriented in 
114 VDCs. 
 
271 masons 
and 60 
engineers 
trained 
 
Over 2 1000 
people 
oriented 
with 
awareness 
raising 
activities/m
obile van 
clinics, 637 
engineers 
trained, 337 
masons 
trained,  
 
No. of municipalities 
outside Kathamandu 
valley implementing 
NBC 
none","trained 
# Awareness 
raising to all 
VDCs in 
Sindhupalchowk
, Large no. of 
population 
aware on safer 
construction, at 
least 500 
engineers 
trained on post 
damage 
assessment, 60 
masons trained. 
577 
engineers 
trained, 66 
masons 
trained, 
awareness 
raising done 
in 32 VDCs. 
To raise 
awareness 
for house - 
owners of 
Gorkha, 
Dolakha and 
Sindhupalch
owk through 
Mobile 
Clinics",10b495d541bde688ebfea7ce2d15dbd8f163ec818657ead3663acb6511bd9560.pdf,10b495d541bde688ebfea7ce2d15dbd8f163ec818657ead3663acb6511bd9560.pdf
Does this have something to do with emergency response planning and the way local communities were affected by the valley?,"valley implementing 
NBC 
none 
outside KV 
by 2015 
3 municipalities 
outside KV 
None 
outside KV 
3 
municipaliti
es outside 
KV started 
NBC 
implementat
ion 
3 
municipaliti
es 
(Melamchi, 
Panchkhal 
and 
Chautara) 
started NBC 
implementat
ion 
3 outside 
KV initiated 
Project 
reports","ity 
outside 
KV 
6 urbanizing 
VDCs and 3 
municipalitie
s, and 
KMC/LSMC 
in KV. 3 
municipalitie
s outside KV 
 
6 VDCs, 3 
municipalities 
and in KMC 
and LSM C. 3 
municipalities 
outside KV 
  
Further 
strengthening 
in KV. NBC 
implementation 
started in 3 
municipalities. 
Support to 3 
municipalities 
outside KV 
Kirtipur and 
LSMC launched 
e-BPS. 
Chautara, 
Melamchi and 
Panchkhal",10b495d541bde688ebfea7ce2d15dbd8f163ec818657ead3663acb6511bd9560.pdf,10b495d541bde688ebfea7ce2d15dbd8f163ec818657ead3663acb6511bd9560.pdf
Do we have systems in place to help predict and prepare for potential risks in these areas?,"ion 
3 outside 
KV initiated 
Project 
reports 
CPAP Output 7.3 Vulnerable populations have increased knowledge about disaster risk management and capacity for climate chang e adaptation and 
mitigation of risks  
National and local 
vulnerabilities 
arising from 
climate risks 
understood 
(ICRM in Dolakha  
and Surkhet) 
# CB EWS 
established in 
Dolakha and Surkhet 
0 CB EWS 
established in","Sub-Total 
Output 
(Japan fund) 
          250,266 250,26
6 100%   
CPAP Output 7.3:  Vulnerable populations have increased knowledge about disaster risk management and capacity for climate cha nge adaptation 
and mitigation of risks (Project ID: 84111) ATLAS Activity 3",10b495d541bde688ebfea7ce2d15dbd8f163ec818657ead3663acb6511bd9560.pdf,10b495d541bde688ebfea7ce2d15dbd8f163ec818657ead3663acb6511bd9560.pdf
Do they have some kind of early warning system set up in these Dolakha and Surkhet areas?,"Dolakha and Surkhet 
0 CB EWS 
established in 
Dolakha and 
Surkhet 
14 stations 
established 
in Dolakha. 
Procuremen
t initiated for 
Surkhet 
Completion 
of CB EWS 
installation 
in Surkhet  
1 station 
established 
in Surkhet 
14 stations 
established 
in Dolakha. 
and 1 
station in 
Surkhet 
Report, 
Observation 
reports 
# No. of LDRMP 
prepared/updated 
5 LDRMPs 
in Dolakha 
but","Melamchi 
municipality 
(earlier 
Sindhukot and 
Bansbari VDCs), 
10 VDCs 
(Kalinchowk, 
Lamidanda, 
Babare, Lapilang 
and 
Khopachagu, 
Marbu, Khare, 
Suri, Jhayku, 
Chankhe) in 
Dolakha 
supported with 
CBDRM 
activities. 10 
LDRMPs in 
Dolakha 
reviewed/prepa
red. 
Output 7.4 National 
preparedness and 
emergency systems 
are able to 
effectively prepare 
for and respond to 
hazard-related",10b495d541bde688ebfea7ce2d15dbd8f163ec818657ead3663acb6511bd9560.pdf,10b495d541bde688ebfea7ce2d15dbd8f163ec818657ead3663acb6511bd9560.pdf
Is it true that some of these emergency plans are still in the process of being updated or finalized?,"prepared/updated 
5 LDRMPs 
in Dolakha 
but 
10 LDRMPs 
active in 
Dolakha 
5 LDRMPs 
prepared 
but needed 
update, no 
Update of 5 
LDRMPs and 
preparation 
of 5 LDRMPs 
LDRMPs of 5 
VDCs 
(Khopachag
u, 
LDRMPs of 
10 VDCs of 
Kharesuri 
and 
LDRMPs 
December, 2016 ANNUAL PROGRESS REPORT 
 
18 | P a g e  
   
Project Output 
statement 
Output indicator Baseline Cumulative 
Target for","o  5 new LDRMPs (Khare, Suri, Jhyaku, Chankhu, Marbu VDCs ) have been prepared and 5 LDRMPs 
(Babare, Khopachangu, Lapilang, lamidanda, kalinchok VDCs ) have been reviewed/updated 
benefiting entire 22,725 (12425 female, 505 dalits and 13280 janajati) population. 
A woman farmer in her vegetable farm, Dolakha 
December, 2016 ANNUAL PROGRESS REPORT 
 
28 | P a g e",10b495d541bde688ebfea7ce2d15dbd8f163ec818657ead3663acb6511bd9560.pdf,10b495d541bde688ebfea7ce2d15dbd8f163ec818657ead3663acb6511bd9560.pdf
"Is there a specific plan for dealing with disasters in certain areas of Nepal, and was it updated recently?","Output indicator Baseline Cumulative 
Target for 
2013 - 2017 
Progress up 
to 2015 
 2016 
Milestone 
2016 
Progress 
Cumulative 
progress 
up to 2016 
Means of 
verification 
outdated 
(Jan 2016) 
LDRMP in 5 
VDCs of 
Khare-suri 
sub-
watershed 
Palanchowk, 
Lapilang, 
Babare and 
Lamedanda) 
updated and 
LDRMPs of 5 
VDCs (Khare, 
Suri, Marbu,  
Chankhu, 
and Jyaku) 
prepared  
Sorungkhol","Chankhu, 
and Jyaku) 
prepared  
Sorungkhol
a are 
active/funct
ional 
LDRMCs/CBDRMCs 
of Sorunkhola and 
Khare-suri sub -
watershed of  
Dolakha and Sot -
khola sub -
watershed of 
Surkeht supported 
with DRR activities 
Communiti
es of 13 
VDCs 
supported 
before 
2016 
through 
CDRMP 
Continued 
strengthening 
support to 
LDRMPs/CBDR
MCs to meet 
minimum 
criteria of F4 
13 VDCs 
supported",10b495d541bde688ebfea7ce2d15dbd8f163ec818657ead3663acb6511bd9560.pdf,10b495d541bde688ebfea7ce2d15dbd8f163ec818657ead3663acb6511bd9560.pdf
,"Chankhu, 
and Jyaku) 
prepared  
Sorungkhol
a are 
active/funct
ional 
LDRMCs/CBDRMCs 
of Sorunkhola and 
Khare-suri sub -
watershed of  
Dolakha and Sot -
khola sub -
watershed of 
Surkeht supported 
with DRR activities 
Communiti
es of 13 
VDCs 
supported 
before 
2016 
through 
CDRMP 
Continued 
strengthening 
support to 
LDRMPs/CBDR
MCs to meet 
minimum 
criteria of F4 
13 VDCs 
supported","sub-watersheds 
of Dolakha (10 
VDC) completed  
Small mitigation 
measures in 
Khare Suri and 
Sorung Khola 
sub-watersheds 
of Dolakha (10 
VDC) completed  
100% BCPR-
SWE 30,715   
    
Small mitigation 
measures in Sot 
Khola sub-
watersheds of 
Surkhet (3 VDC) 
completed  
Small mitigation 
measures in Sot 
Khola sub-
watersheds of 
Surkhet (3 VDC) 
completed  
100% BCPR-
SWE 28,057",10b495d541bde688ebfea7ce2d15dbd8f163ec818657ead3663acb6511bd9560.pdf,10b495d541bde688ebfea7ce2d15dbd8f163ec818657ead3663acb6511bd9560.pdf
How do these efforts help protect vulnerable communities from potential disasters?,"minimum 
criteria of F4 
13 VDCs 
supported 
with DRR 
activities 
Further 
support with 
DRR 
activities 
1516 HHs 
from 10 
VDCs of 
Dolakha and 
1155 HHs 
from 3 VDCs 
of Surkhet 
benefited 
from 
different 
activities 
About 2671 
HHs from 
the two 
districts 
benefited 
through 
DRR 
activities 
Progress 
report, site 
observation 
MDG 
achievement in 
high risk 
marginalized 
communities","Thakani, Sindhukot and Bansbari, later two being now 4 wards of Maadi municipality) and 10 VDCs (Marbu, 
Chankhu, Jhyaku, Khare, Suri, Khopachagu, Babare, Lapilan g, Kalinchowk and Lamedanda) of Surkhet.  
District and VDCs have been selected in coordination with the concerned government agencies to address 
December, 2016 ANNUAL PROGRESS REPORT 
 
34 | P a g e",10b495d541bde688ebfea7ce2d15dbd8f163ec818657ead3663acb6511bd9560.pdf,10b495d541bde688ebfea7ce2d15dbd8f163ec818657ead3663acb6511bd9560.pdf
,"high risk 
marginalized 
communities 
accelerated, and 
resilience of the 
community built 
against the 
disaster risk by 
adopting an 
integrated and 
holistic approach 
linking DRR and 
No. of 
communities/VDCs 
supported with CRM 
activities: bio -
engineering, 
livelihood and forest 
development 
activities in Riu -
khola 
Maadi 
municipali
ty (earlier 
4 VDCs) 
supported 
with CRM","monitoring. 
o Preparation of Local Disaster Risk Management Plans 
(LDRMP) of four VDCs: Irkhu, Bhotsepa, Sipapokhare, 
Badegaun and 2 wards of Chautara municipality (earlier 
Kuvinde VDC) have been initiated. 
Progress on ""Resilient Communities through Building Back Better"" Project – ECHO funded",10b495d541bde688ebfea7ce2d15dbd8f163ec818657ead3663acb6511bd9560.pdf,10b495d541bde688ebfea7ce2d15dbd8f163ec818657ead3663acb6511bd9560.pdf
What's the role of community groups in helping with recovery efforts after a disaster?,"ty (earlier 
4 VDCs) 
supported 
with CRM 
activities 
by UNDP, 
but 
continued 
support 
identified. 
4 CBDRMCs o f 
Maadi 
municipality 
supported 
Agreement 
signed with 
6 CBOs 
under MCGs 
Completion 
of MCG 
activities. 
About 
15,000 
households 
from two 
districts 
supported 
with three 
types of 
activities: 
Bio-
engineering, 
livelihood 
promotion 
and 
LDRMP at 
Maadi level","promotion 
and 
LDRMP at 
Maadi level 
in place. 6 
CBOs 
implementi
ng MCG 
activities as 
per LDRMP. 
Project 
completion 
reports 
December, 2016 ANNUAL PROGRESS REPORT 
 
19 | P a g e  
   
Project Output 
statement 
Output indicator Baseline Cumulative 
Target for 
2013 - 2017 
Progress up 
to 2015 
 2016 
Milestone 
2016 
Progress 
Cumulative 
progress 
up to 2016 
Means of 
verification",10b495d541bde688ebfea7ce2d15dbd8f163ec818657ead3663acb6511bd9560.pdf,10b495d541bde688ebfea7ce2d15dbd8f163ec818657ead3663acb6511bd9560.pdf
,"promotion 
and 
LDRMP at 
Maadi level 
in place. 6 
CBOs 
implementi
ng MCG 
activities as 
per LDRMP. 
Project 
completion 
reports 
December, 2016 ANNUAL PROGRESS REPORT 
 
19 | P a g e  
   
Project Output 
statement 
Output indicator Baseline Cumulative 
Target for 
2013 - 2017 
Progress up 
to 2015 
 2016 
Milestone 
2016 
Progress 
Cumulative 
progress 
up to 2016 
Means of 
verification","ty (earlier 
4 VDCs) 
supported 
with CRM 
activities 
by UNDP, 
but 
continued 
support 
identified. 
4 CBDRMCs o f 
Maadi 
municipality 
supported 
Agreement 
signed with 
6 CBOs 
under MCGs 
Completion 
of MCG 
activities. 
About 
15,000 
households 
from two 
districts 
supported 
with three 
types of 
activities: 
Bio-
engineering, 
livelihood 
promotion 
and 
LDRMP at 
Maadi level",10b495d541bde688ebfea7ce2d15dbd8f163ec818657ead3663acb6511bd9560.pdf,10b495d541bde688ebfea7ce2d15dbd8f163ec818657ead3663acb6511bd9560.pdf
What happens when different groups and organizations come together to respond to a major emergency?,"progress 
up to 2016 
Means of 
verification 
livelihood 
improvement. 
(MDGTFI/KOICA: 
Chitwan and 
Sindhupalchowk) 
restoration 
of 
community 
small 
infrastructur
es 
CPAP Output 7.4 National preparedness and emergency systems are able to effectively prepare for and respond to hazard -related disaster  
Emergency 
facility provided 
and strengthened 
as per Flagship 
Area 2;  
EOC network is","Adaptation measures (i.e. income generation activities, plantations, etc.), and supports the 
implementation of community based disaster risk management plans (CBDRMPs) in coordination 
with NRRC Flagship 4 partners. (This component contributes to CPAP output 7.3). 
 
4. Emergency Preparedness and Response and Early Recovery (EPRER):",10b495d541bde688ebfea7ce2d15dbd8f163ec818657ead3663acb6511bd9560.pdf,10b495d541bde688ebfea7ce2d15dbd8f163ec818657ead3663acb6511bd9560.pdf
Do they have a system in place to coordinate responses to emergencies in all the affected areas?,"as per Flagship 
Area 2;  
EOC network is 
functional to 
effectively 
coordinate for 
emergency 
preparedness and 
response 
No. of EOCs 
established/activate 
and strengthened, 
SOP finalized. 
16 DE OCs 
and 1 
NEOC in  
2013, No 
SOP 
EOC network 
reaches to 30 
districts, SOP 
prepared & 
implemented 
1 NEOC, 5 
REOC, 5 
MEOCs, 45 
DEOCs, SOP 
drafted 
Establishme
nt of 4 
DEOCs in EQ","EQ 2015, District Emergency Operation Centers ( DEOCs) were established and activated in four 
December, 2016 ANNUAL PROGRESS REPORT 
 
2 | P a g e  
 
  
additional districts- Gorkha, Nuwakot, Rasuwa a nd Solukhumbu, strengthening the network now 
comprising 56 EOCs across the country including National Emergency Operation Center (NEOC)",10b495d541bde688ebfea7ce2d15dbd8f163ec818657ead3663acb6511bd9560.pdf,10b495d541bde688ebfea7ce2d15dbd8f163ec818657ead3663acb6511bd9560.pdf
,"drafted 
Establishme
nt of 4 
DEOCs in EQ 
affected 
districts 
replacing 
previous 4 
MEOCs. SOP 
for DEOC 
finalized 
4 DEOCs 
(Gorkha, 
Solukhumbu
, Nuwakot 
and Rasuwa) 
established. 
DEOC SOP 
prepared. 
1 NEOC, 5 
REOCs, 1 
MEOCs1, 49 
DEOCs 
established, 
SOP for 
NEOC and 
DEOC 
finalized 
Reports 
No. of EOC staff 
trained 
No trained 
staff on 
SAHANA/
DIMS 
Staff of all EOCs","as per Flagship 
Area 2;  
EOC network is 
functional to 
effectively 
coordinate for 
emergency 
preparedness and 
response 
No. of EOCs 
established/activate 
and strengthened, 
SOP finalized. 
16 DE OCs 
and 1 
NEOC in  
2013, No 
SOP 
EOC network 
reaches to 30 
districts, SOP 
prepared & 
implemented 
1 NEOC, 5 
REOC, 5 
MEOCs, 45 
DEOCs, SOP 
drafted 
Establishme
nt of 4 
DEOCs in EQ",10b495d541bde688ebfea7ce2d15dbd8f163ec818657ead3663acb6511bd9560.pdf,10b495d541bde688ebfea7ce2d15dbd8f163ec818657ead3663acb6511bd9560.pdf
Do you think there's a specific number of these emergency centers in the country that are supposed to be fully functional?,"staff on 
SAHANA/
DIMS 
Staff of all EOCs 
trained on 
SAHANA/DIMS 
219 staff  
from all 
EOCs trained 
on 
SAHANA/DI
MS 
Train 
additional 
100 staffs 
4 DIMS 
trainings 
done. 113 
staff from 
EOCs 
trained. 
332 staff 
from all 
EOCs 
trained on 
SAHANA/DI
MS 
Report 
Strengthening 
support to EOC 
network 
Network of 
56 EOCs 
Functional EOC 
network in 
country 
Network of 
56 EOCs","network in 
country 
Network of 
56 EOCs 
functional 
Further 
support 
need based 
3 EOCs: 
NEOC, 
Surkeht 
REOC and 
Sindhupalch
owk DEOC 
supported 
with IT 
Person 
All EOCs 
functioning 
at varying 
degrees. 
EOCs have 
been 
supported 
with IT, 
logistic, and 
Reports",10b495d541bde688ebfea7ce2d15dbd8f163ec818657ead3663acb6511bd9560.pdf,10b495d541bde688ebfea7ce2d15dbd8f163ec818657ead3663acb6511bd9560.pdf
Is the way they're supporting those emergency centers with technology and supplies kind of like how we handle disaster recovery?,"network in 
country 
Network of 
56 EOCs 
functional 
Further 
support 
need based 
3 EOCs: 
NEOC, 
Surkeht 
REOC and 
Sindhupalch
owk DEOC 
supported 
with IT 
Person 
All EOCs 
functioning 
at varying 
degrees. 
EOCs have 
been 
supported 
with IT, 
logistic, and 
Reports","as per Flagship 
Area 2;  
EOC network is 
functional to 
effectively 
coordinate for 
emergency 
preparedness and 
response 
No. of EOCs 
established/activate 
and strengthened, 
SOP finalized. 
16 DE OCs 
and 1 
NEOC in  
2013, No 
SOP 
EOC network 
reaches to 30 
districts, SOP 
prepared & 
implemented 
1 NEOC, 5 
REOC, 5 
MEOCs, 45 
DEOCs, SOP 
drafted 
Establishme
nt of 4 
DEOCs in EQ",10b495d541bde688ebfea7ce2d15dbd8f163ec818657ead3663acb6511bd9560.pdf,10b495d541bde688ebfea7ce2d15dbd8f163ec818657ead3663acb6511bd9560.pdf
"What happened to the other emergency centers, did they become smaller or more limited in some way?","1 Four MEOCs were converted into 4 DEOCs (Solukhumbu, Rasuwa, Nuwakot and Gorkha) as per MoHA and MoFALD decision, so now only Kathmandu MEOC 
exists. 
December, 2016 ANNUAL PROGRESS REPORT 
 
20 | P a g e  
   
Project Output 
statement 
Output indicator Baseline Cumulative 
Target for 
2013 - 2017 
Progress up 
to 2015 
 2016 
Milestone 
2016","Orientation, Nepalganj 
CDO of Rasuwa Mr. Krishna Prasad Adhikari activating 
DEOC, April 2016, Rasuwa 
December, 2016 ANNUAL PROGRESS REPORT 
 
32 | P a g e  
 
  
Table 4: Output wise annual budget and corresponding expenditures 
     Amount in US$ 
Output  Annual 
Budget  
Annual Expenditure 
through project 
Annual 
Expenditure 
through UNDP 
Total Expenditure Budget 
Utilization%",10b495d541bde688ebfea7ce2d15dbd8f163ec818657ead3663acb6511bd9560.pdf,10b495d541bde688ebfea7ce2d15dbd8f163ec818657ead3663acb6511bd9560.pdf
,"Progress up 
to 2015 
 2016 
Milestone 
2016 
Progress 
Cumulative 
progress 
up to 2016 
Means of 
verification 
other 
accessories 
National ER 
systems 
strengthened 
National ER 
Framework 
developed 
No NERF 
(Jan 2015) 
National ER 
Framework in 
place 
Draft Preparation 
of National 
ER 
Framework 
Framework 
finalized 
National ER 
Framework 
prepared 
with 
MoFALD 
Document","Sub Total Activity Result 5         142,139 139,37
9.77 98%   
                    
Policy 
Framework 
and key 
capacities 
for Early 
Recovery 
strengthene
d  (ATLAS 
Activity 5) 
Disseminate and roll out 
the National ER 
Framework 
ER Cluster 
Strengthening 
ER Cluster 
strengthened, 80% 
Baidu 
Foundati
on 
1,000   
    
Baidu 
Foundati
on 
4,300",10b495d541bde688ebfea7ce2d15dbd8f163ec818657ead3663acb6511bd9560.pdf,10b495d541bde688ebfea7ce2d15dbd8f163ec818657ead3663acb6511bd9560.pdf
Is there a specific set of guidelines or protocols that officials need to follow in order to handle disaster situations?,"prepared 
with 
MoFALD 
Document 
 
 
 
 
 
 
 
December, 2016 ANNUAL PROGRESS REPORT 
 
21 | P a g e  
 
  
Progress on Output - Government officials at all levels have the capacity to lead and 
implement systems and policies to effectively manage disaster risks and to adapt to the 
climate change. (UNDAF/CPAP Output 7.1).","progress 
up to 2016 
Means of 
verification 
CPAP Output 7.1: Government officials at all levels have the capacity to lead and implement systems and policies to effectively manage disaster risks and  
adapt to climate change 
National 
DRR/CCA policy 
frameworks 
supported, Focal 
points are 
capable of 
coordinate 
D/CRM functions,   
Development of 
National DRR Policy 
and Strategic Action",10b495d541bde688ebfea7ce2d15dbd8f163ec818657ead3663acb6511bd9560.pdf,10b495d541bde688ebfea7ce2d15dbd8f163ec818657ead3663acb6511bd9560.pdf
What's the process like when governments deal with big natural disasters like earthquakes?,"climate change. (UNDAF/CPAP Output 7.1). 
The project continued support to the government agencies for strengthening 
policy and legal frameworks in the context of Third World Conference on 
Disaster Risk Reduction (WCDRR), Sendai 2015, the  mega Gorkha 
Earthquake 2015 and Asian Ministerial Conference on Disaster Risk 
Reduction (AMCDRR), New Delhi 2016 . Technical support to the Ministry of","contributes to CPAP output 7.2). 
 
3. Integrated Climate Risk Management (ICRM):  
This component aims to enhance the capacities of local communities in responding to disaster 
and climate risks. It focuses on training local communities on the early warning system, search 
and rescue, and other  social and technical aspects. It also promotes Climate Change (CC)",10b495d541bde688ebfea7ce2d15dbd8f163ec818657ead3663acb6511bd9560.pdf,10b495d541bde688ebfea7ce2d15dbd8f163ec818657ead3663acb6511bd9560.pdf
What happens with these kinds of reports after they're translated and printed?,"Home Affairs (MoHA) has been provided to conduct a study on ""Gorkha 
Earthquake 2015: Learning and Experience""; the study has been completed 
and the report in the form of a book has been printed out. For wider sharing, 
the report is being translated into English as well. Further, to better 
disseminate the learning s and experience, two episodes of Video","Ministry of Home Affairs (MoHA) and in consultation with all DRR stakeholders including donors 
and development partners. A study report on ""Gorkha Earthquake 2015: Learning and Experience"" 
has been printed and to better communicate the learning and experience, two episodes of Video 
Documentary have also been developed and aired by Nepal Television on 15th October, 2016 (first",10b495d541bde688ebfea7ce2d15dbd8f163ec818657ead3663acb6511bd9560.pdf,10b495d541bde688ebfea7ce2d15dbd8f163ec818657ead3663acb6511bd9560.pdf
Is the government in Nepal working on a plan to help deal with emergencies and disasters?,"Documentary have also been developed and aired by Nepal Television on 
15th October, 2016 (first episode) and on 30th Nov, 2016 (second episode).  
In the context of the Sendai Framework 2015-2030, National DRR Policy and 
Strategic Action Plan formulation has also begun under leadership of the 
Ministry of Home Affairs (MoHA) and in consultation with DRR stakeholders","Ministry of Home Affairs (MoHA) and in consultation with all DRR stakeholders including donors 
and development partners. A study report on ""Gorkha Earthquake 2015: Learning and Experience"" 
has been printed and to better communicate the learning and experience, two episodes of Video 
Documentary have also been developed and aired by Nepal Television on 15th October, 2016 (first",10b495d541bde688ebfea7ce2d15dbd8f163ec818657ead3663acb6511bd9560.pdf,10b495d541bde688ebfea7ce2d15dbd8f163ec818657ead3663acb6511bd9560.pdf
How does a country prepare its government officials for handling disaster situations?,"including donors. In order to improve the overall institutional systems for 
disaster risk management & climate change adaptation, orientation workshop was organized in Sep 2016 for 
the national DRR/CCA focal point system to strengthen the operational and technical capacities of senior 
officials of different ministries and departments who are responsible for ensuring DRR/CCA as a polic y","and aired through Nepal TV for wider dissemination. With lead role of National Planning 
Commission, a Mainstreaming Guideline for Disaster Risk Reduction and Climate Change Adaptation 
(DRR-CCA) has been drafted in a participatory manner after regional consultations carried out for 
all the five development regions since 2014 and a  national workshop in Sep 2016. A study was",10b495d541bde688ebfea7ce2d15dbd8f163ec818657ead3663acb6511bd9560.pdf,10b495d541bde688ebfea7ce2d15dbd8f163ec818657ead3663acb6511bd9560.pdf
Is it true that there are specific steps to make sure disaster planning is actually carried out effectively?,"priority, allocating sufficient financial resources and encouraging multi -stakeholder partnerships for 
implementation. 
Similarly, tech nical support to the National Planning 
Commission is continued for mainstreaming the 
disaster risk reduction in national level planning and 
implementation process. A study was carried out on 
""Risk informed planning"" with an objective to ensure","episode) and on 30th Nov, 2016 (second episode). 
Technical support to the National Planning Commission  (NPC) on mainstreaming disaster risk 
reduction in national level planning and implementation process led to a study on ""Risk informed 
planning"" ensuring issues of disaster and climate risk management are well addressed in the",10b495d541bde688ebfea7ce2d15dbd8f163ec818657ead3663acb6511bd9560.pdf,10b495d541bde688ebfea7ce2d15dbd8f163ec818657ead3663acb6511bd9560.pdf
What kind of follow-up events are typically held after these regional workshops?,"the issue of  disaster and climate risk management is 
well addressed in the fourteenth periodic plan 
2016/17-2018/019. Further, a regional level DRR 
mainstreaming workshop was held in Biratnagar for 
eastern region stakeholders, this was the fourth in 
series- three were  organized in 2015. Following up 
these regional workshops, a national workshop was","carried out on “Risk  Informed Development Planning” by the project which was utilized by the 
National Planning Commission (NPC) for 14th Three-Year Periodic Development Plan. These efforts 
are expected to contribute to increase in allocations by government ministries in Disaster/Climate 
Risk Management (D/CRM) from the 4.85% in 2014 (UNDP/CDRMP) in coming years. Disaster Risk",10b495d541bde688ebfea7ce2d15dbd8f163ec818657ead3663acb6511bd9560.pdf,10b495d541bde688ebfea7ce2d15dbd8f163ec818657ead3663acb6511bd9560.pdf
Is there a certain group of people being trained to help with rebuilding in areas that were affected by an earthquake?,"also organized in Sep 2016 to consolidate the learning, 
issues, gaps and way forward for effective 
mainstreaming of DRR in the planning process. A 
mainstreaming guideline for DRR-CCA has been drafted 
under leadership of the National Planning Commission. 
In order to support the Government of Nepal for developing a pool of trained masons in EQ affected districts,","fourteenth periodic plan 2016/17 -2018/019. Consolidation of learning, issues, gaps and way 
forward for effective mainstreaming of DRR in the planning process was achieved through  a 
Mainstreaming Guideline on DRR-CCA drafted based on a regional level DRR mainstreaming 
workshop held in Biratnaga r for eastern region stakeholders  (fourth in series - one for central",10b495d541bde688ebfea7ce2d15dbd8f163ec818657ead3663acb6511bd9560.pdf,10b495d541bde688ebfea7ce2d15dbd8f163ec818657ead3663acb6511bd9560.pdf
Was there a focus on training people to help rebuild after a major earthquake?,"UNDP has been training trainers and local working masons for safe r constructions in partnership with 
Council for Technical Education and Vocational Training Centre (CTEVT). During the progress period, 4 
events of Master ToT was organized and 81 trainers including 3 women were trained. In addition, ten events 
Cover page of the Book - ""Gorkha 
EQ 2015: Experience and Learning""","(ATLAS 
Activity 2) 
Support to enhance 
capacity of 
teachers/trainers of CTEVT 
for imparting trainings for 
masons in safe 
construction practices; to 
train masons including 
online roster following skill 
tests 
Ongoing 
partnership 
2 TOT and 10 
events of mason 
trainings 
conducted 
100% 
TRAC 6,025       
TRAC 39       
CPR TTF 22,862       
CPR 
TRUST 60,885   
    
CPR TTF 1,829",10b495d541bde688ebfea7ce2d15dbd8f163ec818657ead3663acb6511bd9560.pdf,10b495d541bde688ebfea7ce2d15dbd8f163ec818657ead3663acb6511bd9560.pdf
Do they have some way to make sure buildings are safe in areas that are prone to big earthquakes?,"EQ 2015: Experience and Learning"" 
NPC Vice-Chair Dr. Yubaraj Khatiwada, UNDP DCD Ms. Sophie 
Kemhadze and other guests in regional workshop, Biratnagar 
December, 2016 ANNUAL PROGRESS REPORT 
 
22 | P a g e  
 
  
of masons training were conducted in different districts and a total of 200  masons including 11 women were 
trained.","1 curriculum 
revised, 65 
trainers (4 
women) and 
176 masons  
(4 women)  
trained 
75 trainers 
and 204 
masons 
trained 
81 trainers 
including 3 
women and 
200 masons 
with 11 
women 
trained 
1 
curriculum 
revised, 146 
trainers (7 
women) 
and 376 
masons (15 
women) 
trained 
Curriculum, 
training 
reports",10b495d541bde688ebfea7ce2d15dbd8f163ec818657ead3663acb6511bd9560.pdf,10b495d541bde688ebfea7ce2d15dbd8f163ec818657ead3663acb6511bd9560.pdf
Do communities in certain areas have some kind of plan in place to deal with natural disasters?,"trained. 
A study entitled ""Landslide Hazard Assessment in EQ affected districts"" has also been carried out for Gorkha, 
Dhading and Rasuwa districts with techni cal support from Tribhuvan University 's Mountain Engineering 
Research Unit (MERU). 
  
Progress on Output - Urban Populations are better able to prepare for and manage hazard","15 | P a g e  
   
Project Output 
statement 
Output indicator Baseline Cumulative 
Target for 
2013 - 2017 
Progress up 
to 2015 
 2016 
Milestone 
2016 
Progress 
Cumulative 
progress 
up to 2016 
Means of 
verification 
""Landslide Hazard 
Assessment in EQ 
affected districts"" 
No study 
after EQ 
2015 (Jan 
2016) 
One study to be 
carried out 
Conceptualiz
ed 
Completion 
of the study",10b495d541bde688ebfea7ce2d15dbd8f163ec818657ead3663acb6511bd9560.pdf,10b495d541bde688ebfea7ce2d15dbd8f163ec818657ead3663acb6511bd9560.pdf
Do we have plans in place for making buildings and neighborhoods safer in areas that aren't as prone to disasters?,"and climate change adaptation risk. (UNDAF/CPAP Output 7.2). 
This component of CDRMP has been addressing the issues of safer constructions practices through national 
building code implementation and implementation of risk sensitive land use plans. The scope of this  
component has been expanded, merely in Kathmandu valley earlier, outside the Kathmandu valley in the","contributed 
through “Risk 
Informed 
Planning” study; 
mainstreaming 
guideline for 
DRR-CCA 
drafted. 
2016 CDRMP 
Output 7.2 Urban 
Populations are 
better able to 
prepare for and 
manage hazard and 
climate change 
adaptation risk 
 
National Building Codes 
implemented in 
municipalities of 
Kathmandu Valley 
0 VDCs in 
KV, No 
RSLUP, 0 
Municipal
ity 
outside 
KV 
6 urbanizing 
VDCs and 3",10b495d541bde688ebfea7ce2d15dbd8f163ec818657ead3663acb6511bd9560.pdf,10b495d541bde688ebfea7ce2d15dbd8f163ec818657ead3663acb6511bd9560.pdf
What kind of support was provided to the municipalities in the affected areas?,"context of post -Earthquake (EQ) 2015. The project activities have been carried out in Gorkha, 
Sindhupalchowk, Kavre and Dolakha districts in addition to t he Kathmandu Valley in awareness raising, 
technology research and demonstration, and providing institutional support to the municipalities. The key 
achievements made in 2016 have been briefed below.","2016:  
• Awareness raising on earthquake and safe construction practices in EQ affected districts, Gorkha, 
Sindhupalchowk and Dolakha have been effective to motivate local people for adoption of safe 
construction practices for reconstruction. It has also created enabled environment for project 
implementation. 
• Implementation of project activities under MCG through LDRMCs/CBDRMCs/Women",10b495d541bde688ebfea7ce2d15dbd8f163ec818657ead3663acb6511bd9560.pdf,10b495d541bde688ebfea7ce2d15dbd8f163ec818657ead3663acb6511bd9560.pdf
How does a city go about putting a system in place to handle all the permits and paperwork for new buildings?,"UNDP/CDRMP has been supporting KMC and LSMC for 
electronic-building permit system (eBPS) since 2012. KMC 
formally launched the system in 2015. The project continued 
support to Lalitpur Sub -metropolitan city and in addition to 
Kirtipur municipality as well in establishment of electronic -
building permit system (eB PS). Both the municipalities have","2016 have formally launched electronic building permit system (eBPS)  which has made obtaining permits 
easy for ho use-builders as well as municipality through streamlined and efficient processes leading to 
improved governance. Manual Building Permit system has been adopted by 8 other municipalities in the",10b495d541bde688ebfea7ce2d15dbd8f163ec818657ead3663acb6511bd9560.pdf,10b495d541bde688ebfea7ce2d15dbd8f163ec818657ead3663acb6511bd9560.pdf
Was this part of some bigger project to help people affected by a disaster?,"successfully established the system and formally launched 
implementation of eBPS in 2016 under their jurisdiction.  
Design competition for rural housing -“Design Competition of 
Rural Housing, 2015” was organized between 29th Dec 2015- 
1st Jan 2016 in 
coordination with the Ministry of Urban Development and in 
technical support from Nepal Engineers Association (NEA).","2016 have formally launched electronic building permit system (eBPS)  which has made obtaining permits 
easy for ho use-builders as well as municipality through streamlined and efficient processes leading to 
improved governance. Manual Building Permit system has been adopted by 8 other municipalities in the",10b495d541bde688ebfea7ce2d15dbd8f163ec818657ead3663acb6511bd9560.pdf,10b495d541bde688ebfea7ce2d15dbd8f163ec818657ead3663acb6511bd9560.pdf
How did they narrow down the designs to just award a few of them as replicable?,"Applications were called from the two categories: professional and 
student. Initially, 138 participants for professional and 75 for 
student category registered for the competition. However, only 62 
designs (47 designs from professional and 15 from student) were 
received. Total of 18 des igns (14 from professional and 4 from 
students) were finally awarded as replicable designs. Then Hon'ble","PM Mr. K.P. Oli distributed the award in the ceremony in which over 
300 participants from different institutions took part. The PM 
acknowledged the eff ort and shared that the selected from the 
winning ones would be further considered for replication in 
recovery/reconstruction effort. Following the design competition, a joint technical evaluation committee led",10b495d541bde688ebfea7ce2d15dbd8f163ec818657ead3663acb6511bd9560.pdf,10b495d541bde688ebfea7ce2d15dbd8f163ec818657ead3663acb6511bd9560.pdf
What happens to the teams that actually win these competitions?,"PM Mr. K.P. Oli distributed the award in the ceremony in which over 
300 participants from different institutions took part. The PM 
acknowledged the eff ort and shared that the selected from the 
winning ones would be further considered for replication in 
recovery/reconstruction effort. Following the design competition, a joint technical evaluation committee led","Applications were called from the two categories: professional and 
student. Initially, 138 participants for professional and 75 for 
student category registered for the competition. However, only 62 
designs (47 designs from professional and 15 from student) were 
received. Total of 18 des igns (14 from professional and 4 from 
students) were finally awarded as replicable designs. Then Hon'ble",10b495d541bde688ebfea7ce2d15dbd8f163ec818657ead3663acb6511bd9560.pdf,10b495d541bde688ebfea7ce2d15dbd8f163ec818657ead3663acb6511bd9560.pdf
Are there specific districts in an area that got hit by some kind of natural disaster that are being prioritized for rebuilding or repairing?,"by MoUD further reviewed the submitted design s and final 15 designs have been submitted to MoUD for 
endorsement and inclusion in the Housing Technology Catalogue Volume -II in order to support safer re -
construction in the EQ affected districts. Moreover, UNDP/CDRMP also supported DUDBC in finalization  of","the Volume II catalogue on alternative technologies, through procurement of experts in reviewing the 
 e-BPS launch event, Lalitpur Sub-Metropolitan City 
Hon'ble PM KP Oli distributing prizes for selected 
designs for rual housing 
December, 2016 ANNUAL PROGRESS REPORT 
 
23 | P a g e  
 
  
submitted technologies. The selected technologies have been forwarded by DUDBC to MOUD for formal",10b495d541bde688ebfea7ce2d15dbd8f163ec818657ead3663acb6511bd9560.pdf,10b495d541bde688ebfea7ce2d15dbd8f163ec818657ead3663acb6511bd9560.pdf
Did they use a process to narrow down the options for selected technologies before sending them off for further approval?,"the Volume II catalogue on alternative technologies, through procurement of experts in reviewing the 
 e-BPS launch event, Lalitpur Sub-Metropolitan City 
Hon'ble PM KP Oli distributing prizes for selected 
designs for rual housing 
December, 2016 ANNUAL PROGRESS REPORT 
 
23 | P a g e  
 
  
submitted technologies. The selected technologies have been forwarded by DUDBC to MOUD for formal","been formally operationalized by Kirtipur municipality and Lalitpur Sub Metropolitan city in 2016, 
Kathmandu Metropolitan City had formalized in 2015. Ministry of Urban Development has approved the 
Retrofitting guidelines and RSLUP of Kathmandu Valley, project's housing designs have been included in the",10b495d541bde688ebfea7ce2d15dbd8f163ec818657ead3663acb6511bd9560.pdf,10b495d541bde688ebfea7ce2d15dbd8f163ec818657ead3663acb6511bd9560.pdf
Can the UN really reach people in remote areas where disasters might strike?,"approval. 
Awareness raising activities for safer house construction at 
rural level were conducted in various VDCs and few 
municipalities in Sindhupalchowk, Gorkha and Dolakha 
districts. A new initiative of UNDP - ""Mobile Video Van- MTC 
Campaigns"" was mobilized in over 11 4 VDCs in the three 
districts through which over 18 ,571 house owners/farmers","Sindhupalchowk) were added in 2016 exclusively to address post EQ 2015 contexts by facilitating safer 
reconstruction of houses. The project continued its community level activities in 3 VDCs (Kunathari, Gadhi 
and Lekhgaun) of Surkhet, Maadi municipality of Chitwan, 4 VDCs/municipality in (Haibung, Bhotechaur,",10b495d541bde688ebfea7ce2d15dbd8f163ec818657ead3663acb6511bd9560.pdf,10b495d541bde688ebfea7ce2d15dbd8f163ec818657ead3663acb6511bd9560.pdf
Does the training for these masons include any kind of follow-up support to help the people they advise actually put what they've been told into practice?,"were oriented on earthquake safe house construction 
practices. Similarly, intensive technical counseling at hou se 
level was also conducted through another initiative ""One 
Mason One VDC - Awaas Nirman Sathi (ANS)"". ANS - 
trained/lead mason was oriented and sent to VDC level for 
providing on-site technical suggestions to house owners. ANS","Ten Awas 
Nirman 
Saathi 
(trained 
masons with 
social skills) 
and two 
Mobile 
Clinics reach 
out to 
affected 
households 
to facilitate 
their 
construction 
plans to be 
consistent 
with build 
back better 
principles  
(ATLAS 
Activity 3) 
3.1: Selection, orientation 
and deployment of Awas 
Nirman Saathis (trained 
masons with social skills) 
to 10 VDCs   
10 ANS has been 
selected,",10b495d541bde688ebfea7ce2d15dbd8f163ec818657ead3663acb6511bd9560.pdf,10b495d541bde688ebfea7ce2d15dbd8f163ec818657ead3663acb6511bd9560.pdf
Do we have some kind of building codes or guidelines for areas prone to earthquakes?,"could reach about 2,000 HHs in 54 VDCs of Sindhupalchowk. 
Similarly, technological research and demonstration for 
supporting reconstruction in the EQ affected districts, piloting 
of four different initiatives namely (i) construction of 
prototype for GI contained stone masonry building, (ii) 
construction of prototype for Compressed Stabilized Earthen","7.10 Innovation 
Several innovative works were carried out in 2016. T echnological research and demonstration for 
supporting reconstruction in the EQ affected districts  were carried out through four different initiatives 
namely (i) construction of prototype for GI contained stone masonry building, (ii) construction of prototype",10b495d541bde688ebfea7ce2d15dbd8f163ec818657ead3663acb6511bd9560.pdf,10b495d541bde688ebfea7ce2d15dbd8f163ec818657ead3663acb6511bd9560.pdf
What happened in the Majhigaun area that's being used as an example for this new approach?,"Block (CSEB), (iii) upcycled Debris Block preparation and (iv) 
re-clustering of settlement have been successfully completed 
and the results are going to be disseminated. The fourth one 
is about the innovative idea, for developing re -clustering 
approach and process manual by the Government of Nepal.  
The concept has been piloted in Majhigaun, Melamchi area of 
Sindhupalchowk district.","for Compressed Stabilized Earthen Block (CSEB), (iii) upcycled Debris Block preparation and (iv) re -
clustering of settlement . The fourth one is  for developing re -clustering approach and process manual to 
support the Government of Nepal.  The concept has been piloted in Majhigaun, Melamchi area of",10b495d541bde688ebfea7ce2d15dbd8f163ec818657ead3663acb6511bd9560.pdf,10b495d541bde688ebfea7ce2d15dbd8f163ec818657ead3663acb6511bd9560.pdf
,"Sindhupalchowk district. 
Similarly, UNDP/CDRMP has been providing support in 
preparation and follow up of guidelines and strategic 
documents for the Government of Nepal and its line agencies 
to reinforce safer building construction practices. Such as, the 
Retrofitting Guideline, which is a three volume document, has been endorsed and approved by MoUD. The","context of post EQ 2015 for ensuring safe construction/reconstruction practices in the EQ affected 
districts. The CDRMP is being implemented by UNDP  in Nepal  since 2011 with UNDP’s internal  
resources (CPR TTF, TRAC) and financial support from several donors, which include: DFID, ECHO, 
World Bank, UNISDR, Government of Japan and KOICA. Together, these partners aim to address the",10b495d541bde688ebfea7ce2d15dbd8f163ec818657ead3663acb6511bd9560.pdf,10b495d541bde688ebfea7ce2d15dbd8f163ec818657ead3663acb6511bd9560.pdf
What's the main goal behind developing a building code for Nepal?,"Risk Sensitive Land Use Plan (RSLUP) Guideline have been submitted to MoFALD and is in the process of 
endorsement. Similarly, RSLUP for Kathmandu Valley is in the process of endorsement at Kathmandu Valley 
Development Authority. 
UNDP through CDRMP has initiated for implementation of national building code (NBC) in three","2. National Building Codes (NBC) Implementation and Risk Sensitive Land Use Planning 
(RSLUP):  
Under this component, CDRMP aims to support the Kathmandu Valley Development Authority 
(KVDA) and the DUDBC for safer building construction practices in municipalities and VDCs of 
Kathmandu Valley. It also supports policy revision and implementation.  (This component",10b495d541bde688ebfea7ce2d15dbd8f163ec818657ead3663acb6511bd9560.pdf,10b495d541bde688ebfea7ce2d15dbd8f163ec818657ead3663acb6511bd9560.pdf
Do they have some kind of plan for helping rebuild buildings in a way that will prevent them from getting damaged in future disasters?,"municipalities of EQ affected districts - Chautara and Melamchi of Sindhupalchowk district and Panchkhal of 
Kavre district with the funding support from the Government of Japan (UNDP -Japan Trust Fund). The main 
objective of this intervention is to support the three municipalities for code compliant constructions. All the","JAPAN 
FUND: 
Activity 
Result:  
Output 2.1 
Fundamenta
l 
institutional 
capacity of 
the target 
municipaliti
es to 
effectively 
facilitate 
Code 
Compliance 
Building 
Permit 
System is 
strengthene
d and 
systems 
2.1.1 Establish the 
processes in municipalities 
for issuing code-compliant 
building permits.  
NBC desks 
established and 
functional in 3 
municipalities: 
Chautara,",10b495d541bde688ebfea7ce2d15dbd8f163ec818657ead3663acb6511bd9560.pdf,10b495d541bde688ebfea7ce2d15dbd8f163ec818657ead3663acb6511bd9560.pdf
How do communities prepare buildings to better withstand natural disasters?,"three municipalities have been provided with technical support (deployment of two Civil 
Engineers/architects at each of three municipalities) and some equipment for establishment of NBC unit. 
The key progress made in these three municipalities include:  
Local people being oriented on safer construction through 
Mobile Campaigns, Ramche VDC, Sindhupalchowk","functional in 3 
municipalities: 
Chautara, 
Panchkhal and 
Melamchi 
NBC desks 
established and 
made functional 
in the three 
municipalities. 
Technical 
support 
provided to each 
municipality 
with 2 
engineers. 
100% 
GOV 
JAPAN  7,000   
    
2.1.2 Provide technical 
support to building permit 
section engineer technical 
support 
GOV 
JAPAN  27,000   
    
2.1.3 Provide support to",10b495d541bde688ebfea7ce2d15dbd8f163ec818657ead3663acb6511bd9560.pdf,10b495d541bde688ebfea7ce2d15dbd8f163ec818657ead3663acb6511bd9560.pdf
What does it mean for a building to be in compliance with something like that?,"December, 2016 ANNUAL PROGRESS REPORT 
 
24 | P a g e  
 
  
o all these three municipalities have started checking NBC 
compliance applications and issuing the construction 
permission with revised building permit application 
form in place. With support from project, 210 
applications were approved out of 270. 
o weekly orientation on NBC implementation for public is","JAPAN 
FUND: 
Activity 
Result:  
Output 2.1 
Fundamenta
l 
institutional 
capacity of 
the target 
municipaliti
es to 
effectively 
facilitate 
Code 
Compliance 
Building 
Permit 
System is 
strengthene
d and 
systems 
2.1.1 Establish the 
processes in municipalities 
for issuing code-compliant 
building permits.  
NBC desks 
established and 
functional in 3 
municipalities: 
Chautara,",10b495d541bde688ebfea7ce2d15dbd8f163ec818657ead3663acb6511bd9560.pdf,10b495d541bde688ebfea7ce2d15dbd8f163ec818657ead3663acb6511bd9560.pdf
What's the plan for making sure people in these areas are safe with all the construction going on?,"being conducted and 2672 people (1009 women) have 
been oriented.   
o 6 Technology Demonstration Centers (TDCs), 2 TDCs 
each in the three municipalities, are being constructed. A 
total of 859 women were oriented about the 
constructions on the site.  
o Risk Sensitive Land Use Plan (RSLUP) and Building Bye-
Laws of Chautara municipality have been prepared and","have started implementation of National Building Codes in issuing building permit. Risk Sensitive 
Land Use Plan (RSLUP) for Chautar a municipality was prepared and the plan was approved by the 
municipality council. 
 
3. Emergency Preparedness and Response 
 
Emergency Preparedness and response capacities have been strengthened through f our District",10b495d541bde688ebfea7ce2d15dbd8f163ec818657ead3663acb6511bd9560.pdf,10b495d541bde688ebfea7ce2d15dbd8f163ec818657ead3663acb6511bd9560.pdf
Do you have to be licensed or certified to do the work that those engineers and masons are being trained for?,"endorsed by the municipal council. 
o 271 masons including 12 women from Sindhupalchowk and 
Kavre districts were trained. In addition, 30 trainers 
(Engineers/Sub-engineers) including 2 women were 
trained for supporting safer reconstruction in EQ affected 
districts. In addition, 30 engineers include one woman 
trained on advanced SAAP software for NBC compliance 
monitoring.","Sindhupalch
owk through 
Mobile 
Clinics 
*  Training of 
270 masons 
and 90 
engineers 
About 
18,571 
people 
oriented in 
114 VDCs. 
 
271 masons 
and 60 
engineers 
trained 
 
Over 2 1000 
people 
oriented 
with 
awareness 
raising 
activities/m
obile van 
clinics, 637 
engineers 
trained, 337 
masons 
trained,  
 
No. of municipalities 
outside Kathamandu 
valley implementing 
NBC 
none",10b495d541bde688ebfea7ce2d15dbd8f163ec818657ead3663acb6511bd9560.pdf,10b495d541bde688ebfea7ce2d15dbd8f163ec818657ead3663acb6511bd9560.pdf
"Do they, like, have plans in place for how to respond to emergencies before they even happen?","monitoring. 
o Preparation of Local Disaster Risk Management Plans 
(LDRMP) of four VDCs: Irkhu, Bhotsepa, Sipapokhare, 
Badegaun and 2 wards of Chautara municipality (earlier 
Kuvinde VDC) have been initiated. 
Progress on ""Resilient Communities through Building Back Better"" Project – ECHO funded","comprising of livelihood improvement, restoration of small infrastructures and bio engineering 
works.  Over 2,200 community members with around 50% women (LDRMCs/CBDRMCs) have been 
trained/oriented on DRR -CCA, First Aid, Search and Rescue, Livelihood improvement and other 
orientation trainings. 
10 Local Disaster Risk Management Plans (LD RMPs) have been prepared/ revised in Dolakha and",10b495d541bde688ebfea7ce2d15dbd8f163ec818657ead3663acb6511bd9560.pdf,10b495d541bde688ebfea7ce2d15dbd8f163ec818657ead3663acb6511bd9560.pdf
How did they make sure the rebuilding after that big earthquake was safe for the people in those affected areas?,"Under this component,  CDRMP continued its support to the government of Nepal, especially the National 
Reconstruction Authority (NRA) for safer reconstruction in Sindhupalchowk and Dolakha, the two of most-
hard hit districts by EQ 2015, with funding support from ECHO. The project was commenced in the ten VDCs","context of post EQ 2015 for ensuring safe construction/reconstruction practices in the EQ affected 
districts. The CDRMP is being implemented by UNDP  in Nepal  since 2011 with UNDP’s internal  
resources (CPR TTF, TRAC) and financial support from several donors, which include: DFID, ECHO, 
World Bank, UNISDR, Government of Japan and KOICA. Together, these partners aim to address the",10b495d541bde688ebfea7ce2d15dbd8f163ec818657ead3663acb6511bd9560.pdf,10b495d541bde688ebfea7ce2d15dbd8f163ec818657ead3663acb6511bd9560.pdf
,"in the two districts(5 VDCs: Sipapokhare, Bhotsipa, Badegaun, Irkhu and Kubhinde of Sindhupalchowk and 
5 VDCs: Fasku, Katakuti, Lakuridanda, Magapauwa and Boch of Dolakha). 
The project team was hired and deployed at Kathmandu and in the two districts. Two local NGOs, one each 
in the two districts, were contracted to effectively 
mobilize the junior staff team (comprising Junior","Solukhumbu. In terms of community level interventions, three municipalities (Chautara and Melamchi of 
Sindhupalchowk and Panchkhal of Kavre district) and 10 VDCs (Fasku, Katakutti, Lankuridanda, Bocha and 
Magapauwa in Dolakha district and Sipapokhari, Ir khu, Kubhinde, Bhotsipa and Badagaun in",10b495d541bde688ebfea7ce2d15dbd8f163ec818657ead3663acb6511bd9560.pdf,10b495d541bde688ebfea7ce2d15dbd8f163ec818657ead3663acb6511bd9560.pdf
,"Engineers, Awaas Nirman Sathi, Community 
Mobilizers) for supporting a team of three project 
officers (one Project Officer, one District Engineer and  
one Senior Soc ial Worker) deployed by the project.  
Project Coordinator has been based in CDRMP's 
Kathmandu Office to look after the project 
implementation at field level as well as keeping close","December, 2016 ANNUAL PROGRESS REPORT 
 
26 | P a g e  
 
  
objectives. Awaas Nirman Saathi (ANS) who have been 
trained by the project have been mobilized to visit door-
to-door and orient people on safer houses 
constructions. Community Mobilizers (CMs) have also 
been mobilized to encourage house -owners from poor 
and vulnerable groups (Dalits, Janajatis, people with",10b495d541bde688ebfea7ce2d15dbd8f163ec818657ead3663acb6511bd9560.pdf,10b495d541bde688ebfea7ce2d15dbd8f163ec818657ead3663acb6511bd9560.pdf
Do they have a team that helps coordinate with different groups to implement these projects?,"coordination with central level stakeholders. Some of 
major achievements of the project in 2016 are briefly 
mentioned below: 
ToT trainees in practical sessions for safer 
construction 
Local people gathered for project interaction, 
Panchkhal Municipality, Kavre 
Figure 1 District level Inception, Charikot, Dolakha 
December, 2016 ANNUAL PROGRESS REPORT 
 
25 | P a g e","needs. 
Awareness 
raising and 
collaboration at 
the local level to 
build ownership 
and trust 
2 
4 
 
Participatory 
planning at local 
level was 
carried out and 
the risk was 
managed. 
 
Jan 2011 
Nov 2016 Improved 
4 Difficulty in 
funding and 
finding high 
quality 
experts on a 
timely basis 
Financial Delays in 
implementatio
n and low 
quality of work 
 
 
P = 3 
Maintain close",10b495d541bde688ebfea7ce2d15dbd8f163ec818657ead3663acb6511bd9560.pdf,10b495d541bde688ebfea7ce2d15dbd8f163ec818657ead3663acb6511bd9560.pdf
What happens after the initial meetings with the district stakeholders?,"25 | P a g e  
 
  
Inception Meetings : Inception meetings were organized in both 
the districts and district stakeholders were briefed about the 
project's working approach, targets groups, expected outputs and 
coordination mechanism. The inception workshops  concluded to 
move with the implementation in coordination with all the","stakeholders. At VDC level, inception consultations were organized. 
A total of 647 local people (194 women)  were oriented about the 
project through VDC level meetings and 4,277 people (1498 women, 
549 Dalits, 2139 Janajatis) were oriented about the project activities 
and approach through ward level consultations in all the 10 VDCs in 
two districts.",10b495d541bde688ebfea7ce2d15dbd8f163ec818657ead3663acb6511bd9560.pdf,10b495d541bde688ebfea7ce2d15dbd8f163ec818657ead3663acb6511bd9560.pdf
Do people living in the areas affected actually get a say in how decisions are made about what gets done there?,"stakeholders. At VDC level, inception consultations were organized. 
A total of 647 local people (194 women)  were oriented about the 
project through VDC level meetings and 4,277 people (1498 women, 
549 Dalits, 2139 Janajatis) were oriented about the project activities 
and approach through ward level consultations in all the 10 VDCs in 
two districts.","25 | P a g e  
 
  
Inception Meetings : Inception meetings were organized in both 
the districts and district stakeholders were briefed about the 
project's working approach, targets groups, expected outputs and 
coordination mechanism. The inception workshops  concluded to 
move with the implementation in coordination with all the",10b495d541bde688ebfea7ce2d15dbd8f163ec818657ead3663acb6511bd9560.pdf,10b495d541bde688ebfea7ce2d15dbd8f163ec818657ead3663acb6511bd9560.pdf
How do they make sure they have the right people and supplies to start rebuilding?,"two districts.  
Reconstruction Action Plan (RAP): Reconstruction Action Plan has been envisaged by the project to guide 
the VDCs in moving forward for effective reconstruction with the principle of B uilding Back Better. 
Availability of reconstruction materials,  trained masons, other 
resources and major issues are the key attributes a RAP should","contexts and different ways of response. This will be helpful for government and non-government 
agencies for preparedness, response and recovery planning in the future. 
• Development of trained pool of engineers and masons by the project before and after the EQ 2015 
has been meaningful as the trained engineers and masons have been involved in the reconstruction 
process during 2016 as well.",10b495d541bde688ebfea7ce2d15dbd8f163ec818657ead3663acb6511bd9560.pdf,10b495d541bde688ebfea7ce2d15dbd8f163ec818657ead3663acb6511bd9560.pdf
What kind of local assistance was set up for people who were impacted by earthquakes?,"have. In 2016, consultations at ward and VDC level were 
initiated. VDC secretaries of the project VDCs and district 
stakeholders were consulted to share importance of RAP and to 
gather feedback for moving forward in a participatory way.  
Technology Demonstration Houses (TDH) : One of the main 
objectives of this project is to provide EQ affected people locally","Socio-technical Facilitation to House Owners with awareness raising activities : Raising awareness 
among the house-owners i.e. local people on different aspects of EQ safe housing models is major among its 
VDC level consultation for Reconstruction Action 
Plan, Irkhu, Sindhupalchowk 
VDC level consultation, Katakuti, Dolakha 
Trainees of GI Wire Containment training, Katakuti, Dolakha",10b495d541bde688ebfea7ce2d15dbd8f163ec818657ead3663acb6511bd9560.pdf,10b495d541bde688ebfea7ce2d15dbd8f163ec818657ead3663acb6511bd9560.pdf
What's the plan for making sure these safe houses are actually used by the people who need them in the long term?,"relevant and appropriate safe house technology. For this 
purpose, project has initiated construction of 40 TDHs (4 each 
in the 10 VDCs) which serve as housing models to local people 
to adopt in reconstruction of their houses . In order to ensure 
that the TDHs are well owned locally and are available for local 
people to learn about the technology for a longer period, the","owners (23 women, 21 Janajatis, 8 Dalits and 1 3 
Disabled) have been selected for construction of their 
houses under close support and facilitation of the 
project in order to demonstrate them as Technology 
Demonstration Ho uses (TDHs) for others in the 
villages.  Out of 450 targetted, 360 local masons have 
been identified to be trained on TD H construction",10b495d541bde688ebfea7ce2d15dbd8f163ec818657ead3663acb6511bd9560.pdf,10b495d541bde688ebfea7ce2d15dbd8f163ec818657ead3663acb6511bd9560.pdf
How did they decide which families were the most in need of help?,"project adopted an approach to select most vulnerable fa milies in the VDC who are not able to build their 
houses through only government's NRs. 3,00,000 grant. These house -owners were selected in very 
participatory manner  involving local people 
including members of ward citizen forums and other 
local institutio ns. In the two districts, 40 House -","approval. 
Awareness raising activities for safer house construction at 
rural level were conducted in various VDCs and few 
municipalities in Sindhupalchowk, Gorkha and Dolakha 
districts. A new initiative of UNDP - ""Mobile Video Van- MTC 
Campaigns"" was mobilized in over 11 4 VDCs in the three 
districts through which over 18 ,571 house owners/farmers",10b495d541bde688ebfea7ce2d15dbd8f163ec818657ead3663acb6511bd9560.pdf,10b495d541bde688ebfea7ce2d15dbd8f163ec818657ead3663acb6511bd9560.pdf
Are people in the village who aren't part of this project being trained to help others build these houses?,"owners (23 women, 21 Janajatis, 8 Dalits and 1 3 
Disabled) have been selected for construction of their 
houses under close support and facilitation of the 
project in order to demonstrate them as Technology 
Demonstration Ho uses (TDHs) for others in the 
villages.  Out of 450 targetted, 360 local masons have 
been identified to be trained on TD H construction","18,571 people (approximately 40% women)  from these districts have been oriented on national 
building code and safer construction practices. 40 most affected and vulnerable house-owners from 
10 VDCs of Sindhupalchowk and Dolakha have initiated construction of Technology Demonstration 
House (TDH) through on -the-job training of the masons, integrating resources provided by the",10b495d541bde688ebfea7ce2d15dbd8f163ec818657ead3663acb6511bd9560.pdf,10b495d541bde688ebfea7ce2d15dbd8f163ec818657ead3663acb6511bd9560.pdf
Do you think the people who were training the local masons were already experienced in disaster relief or was it just general construction experience they brought to the table?,"process through On-the-Job training  In addition, 51 
local working masons were trained on building safer 
houses of GI wir e containment through  two events, 
one each in Sindhupalchowk and Dolakha, of the 
training entitled (""Random Rubble Masonry  with GI 
wire containment reinforcement system"") to facilitate the reconstruction process in the project VDCs.","trained 
# Awareness 
raising to all 
VDCs in 
Sindhupalchowk
, Large no. of 
population 
aware on safer 
construction, at 
least 500 
engineers 
trained on post 
damage 
assessment, 60 
masons trained. 
577 
engineers 
trained, 66 
masons 
trained, 
awareness 
raising done 
in 32 VDCs. 
To raise 
awareness 
for house - 
owners of 
Gorkha, 
Dolakha and 
Sindhupalch
owk through 
Mobile 
Clinics",10b495d541bde688ebfea7ce2d15dbd8f163ec818657ead3663acb6511bd9560.pdf,10b495d541bde688ebfea7ce2d15dbd8f163ec818657ead3663acb6511bd9560.pdf
,"Socio-technical Facilitation to House Owners with awareness raising activities : Raising awareness 
among the house-owners i.e. local people on different aspects of EQ safe housing models is major among its 
VDC level consultation for Reconstruction Action 
Plan, Irkhu, Sindhupalchowk 
VDC level consultation, Katakuti, Dolakha 
Trainees of GI Wire Containment training, Katakuti, Dolakha","2016:  
• Awareness raising on earthquake and safe construction practices in EQ affected districts, Gorkha, 
Sindhupalchowk and Dolakha have been effective to motivate local people for adoption of safe 
construction practices for reconstruction. It has also created enabled environment for project 
implementation. 
• Implementation of project activities under MCG through LDRMCs/CBDRMCs/Women",10b495d541bde688ebfea7ce2d15dbd8f163ec818657ead3663acb6511bd9560.pdf,10b495d541bde688ebfea7ce2d15dbd8f163ec818657ead3663acb6511bd9560.pdf
Do they have people who help homeowners in low-income areas build houses that can better withstand certain types of disasters?,"December, 2016 ANNUAL PROGRESS REPORT 
 
26 | P a g e  
 
  
objectives. Awaas Nirman Saathi (ANS) who have been 
trained by the project have been mobilized to visit door-
to-door and orient people on safer houses 
constructions. Community Mobilizers (CMs) have also 
been mobilized to encourage house -owners from poor 
and vulnerable groups (Dalits, Janajatis, people with","Ten Awas 
Nirman 
Saathi 
(trained 
masons with 
social skills) 
and two 
Mobile 
Clinics reach 
out to 
affected 
households 
to facilitate 
their 
construction 
plans to be 
consistent 
with build 
back better 
principles  
(ATLAS 
Activity 3) 
3.1: Selection, orientation 
and deployment of Awas 
Nirman Saathis (trained 
masons with social skills) 
to 10 VDCs   
10 ANS has been 
selected,",10b495d541bde688ebfea7ce2d15dbd8f163ec818657ead3663acb6511bd9560.pdf,10b495d541bde688ebfea7ce2d15dbd8f163ec818657ead3663acb6511bd9560.pdf
"Do they have, like, special vehicles or something that go around to help people make their homes safer?","disabilities) in different consultations organized by the 
project to address their needs and thoughts in the 
reconstructions. Another approach for raising 
awareness among the local people for adopting safer 
housing models, Mobile Te chnological Clinics (MTCs) 
have been organized at different locations in project 
VDCs. MTC involves different Information, Education","people. Between Jan-Dec 2016, total of 2477 people (37% women) were oriented through 44 events of MTC 
campaigns in project VDCs. These events include few events organized by UNDP/CDRMP before the project 
commenced.  
Progress on promoting exchange of learning and experiences on safer building construction 
under ""Community Based Disaster Management in Asia- CBDMA-II""",10b495d541bde688ebfea7ce2d15dbd8f163ec818657ead3663acb6511bd9560.pdf,10b495d541bde688ebfea7ce2d15dbd8f163ec818657ead3663acb6511bd9560.pdf
What's involved with getting the word out to people in a community right after a disaster?,"and Communication (IEC) materials including audio -
visuals embedded in a mobile van (jeep). A technical 
staff (Civil Engineer /Architect) leads the campaigns by showing videos, distributing printed materials and 
inspiring communities on safer reconstruction followed by responses to the queries and concerns of the local","have. In 2016, consultations at ward and VDC level were 
initiated. VDC secretaries of the project VDCs and district 
stakeholders were consulted to share importance of RAP and to 
gather feedback for moving forward in a participatory way.  
Technology Demonstration Houses (TDH) : One of the main 
objectives of this project is to provide EQ affected people locally",10b495d541bde688ebfea7ce2d15dbd8f163ec818657ead3663acb6511bd9560.pdf,10b495d541bde688ebfea7ce2d15dbd8f163ec818657ead3663acb6511bd9560.pdf
Did they have some kind of program for teaching people how to build their homes or communities in a way that would be safer during emergencies?,"people. Between Jan-Dec 2016, total of 2477 people (37% women) were oriented through 44 events of MTC 
campaigns in project VDCs. These events include few events organized by UNDP/CDRMP before the project 
commenced.  
Progress on promoting exchange of learning and experiences on safer building construction 
under ""Community Based Disaster Management in Asia- CBDMA-II""","Community Based Disaster Management in Asia Phase II. Two teams of de legates visited China in 2016 to 
share and learn different aspects of CBDM. First team of 7 members (MoHA, UNDP and CBDRMCs) 
participated in experience sharing workshop in Chengdu from 28 -29 June. Another team of 8 members 
(MoHA, UNDP, UNRCO, NEA, Nepal Army, OMPCM, Redcross) visited in October 2016. Similarly, a team of 7",10b495d541bde688ebfea7ce2d15dbd8f163ec818657ead3663acb6511bd9560.pdf,10b495d541bde688ebfea7ce2d15dbd8f163ec818657ead3663acb6511bd9560.pdf
What kind of projects were they working on to help communities in Asia be safer during disasters?,"Furthering support to safer construction, s ome initiatives were initiated in 2016 under Community Based 
Disaster Management in Asia (CBDMA – phase II), a project being led by UNDP China with fundi ng support 
from DFID/UK Aid and being implemented in China, Nepal and Bangladesh. Following activities were 
initiated under CBDMA II in 2016:","building the capacity of the Ministry of Home Affairs, other line ministries and local governments.  
In addition, its objective was also to support implementation of the Government of Nepal’s National 
Strategy for Disaster Risk Management (2009). 
 
UNDP, being coordinating agency in Nepal for the erstwhile Nepal Risk Reduction Consortium",10b495d541bde688ebfea7ce2d15dbd8f163ec818657ead3663acb6511bd9560.pdf,10b495d541bde688ebfea7ce2d15dbd8f163ec818657ead3663acb6511bd9560.pdf
Does the CBDMA II initiative have to do with how cities prepare for potential crises?,"initiated under CBDMA II in 2016: 
• Electronic Building Permit System (e-BPS) learning documentation has been completed, which is 
based on the intervention and experience with KMC, LSMC and Kirtipur Municipality. 
• Learning on the process of Risk Sensitive Land Use Plan development and implementation by 
Kathmandu Valley Development Authority/MoUD has been documented.","planning and e-BPS 
(Electronic Building Permit 
System) for safer 
construction 
Carry out study 
on eBPS and 
RSLUP 
Documentation 
on e-BPS and 
RSLUP done 
100% 
CBDM 
Asia  5,000       
CBDM 
Asia  2,500       
CBDM 
Asia  5,146 
      
  Subtotal         69,474       
Output 2: 
Exchanges 
of practice 
on 
community-
2.1 Conduct participatory 
risk assessment/ mapping",10b495d541bde688ebfea7ce2d15dbd8f163ec818657ead3663acb6511bd9560.pdf,10b495d541bde688ebfea7ce2d15dbd8f163ec818657ead3663acb6511bd9560.pdf
Is there a system in place to identify and assess potential hazards in buildings?,"• Building Inventory Creation Technology and Demonstration (Rapid Vulnerability Assessment of 
Buildings in Kathmandu valley) is being piloted in ward number 29 of Kathmandu Metropolitan City. 
A mobile based app has been developed and is in the process of testing.  
• Mobile based App for NBC compliance monitoring has been developed and is being piloted in the","Sindhupalchowk district. Furthermore, a mobile based App has also been piloted to track reconstruction in 
EQ affected district and is being revised for approval and scale up. Development of a tool ""Rapid Vulnerability 
Assessment of building s” has also been initiated  in Kathmandu Valley  to facilitate assessment of existing 
buildings and future planning toward EQ safety in the valley.",10b495d541bde688ebfea7ce2d15dbd8f163ec818657ead3663acb6511bd9560.pdf,10b495d541bde688ebfea7ce2d15dbd8f163ec818657ead3663acb6511bd9560.pdf
Is it true that some communities have gotten better at dealing with natural disasters lately?,"three municipalities: Melamchi and Chautara of Sindhupalchowk and Panchkhal of Kavre districts 
under support from UNDP/CDRMP. 
 
Progress on Output - Vulnerable populations have increased knowledge about disaster risk 
management and capacity for climate change adaptation and mitigation of risks (Output 
7.3).","e-BPS. 
Chautara, 
Melamchi and 
Panchkhal 
municipalities 
started NBC 
implementation 
2016 CDRMP 
Output 7.3 
Vulnerable 
populations have 
increased 
knowledge about 
disaster risk 
management and 
capacity for climate 
change adaptation 
VDCs/Municipal wards 
fulfil at least 3 -4 of the 
minimum characteristics 
of Disaster Resilient 
communities as per FS 4     
187 VDCs 
for NRRC",10b495d541bde688ebfea7ce2d15dbd8f163ec818657ead3663acb6511bd9560.pdf,10b495d541bde688ebfea7ce2d15dbd8f163ec818657ead3663acb6511bd9560.pdf
What kind of programs or initiatives are there to help communities prepare for and respond to disasters?,"7.3). 
This component mainly deals with enhancing capabilities of local communities, who are vulnerable to 
climate and disaster risks, for   their increased resilience to these risks.  As mentioned below, the first part 
deals with the progress on ""ICRM Initiatives"" implemented under funding from UNDP Bureau of Crisis","contributes to CPAP output 7.2). 
 
3. Integrated Climate Risk Management (ICRM):  
This component aims to enhance the capacities of local communities in responding to disaster 
and climate risks. It focuses on training local communities on the early warning system, search 
and rescue, and other  social and technical aspects. It also promotes Climate Change (CC)",10b495d541bde688ebfea7ce2d15dbd8f163ec818657ead3663acb6511bd9560.pdf,10b495d541bde688ebfea7ce2d15dbd8f163ec818657ead3663acb6511bd9560.pdf
What role does the international community play in helping communities recover from major disasters?,"Prevention and Recovery (BCPR) and the second part deals with the progress on ""Fast Tracking Millennium 
MTC Campaign, Lankuridanda, Dolakha 
December, 2016 ANNUAL PROGRESS REPORT 
 
27 | P a g e  
 
  
Development Goals and Safeguarding Development Gains"" under Millennium Development Goal Trust Fund 
Initiative (MDGTFI) of the Republic of Korea/KOICA and UNDP (ROK-UNDP).","13. PROGRESS AGAINST ANNUAL WORK PLAN 47 
14. ANNEXES 85 
• Annex 1: Photo gallery 85 
• Annex 2: Media Coverage 89 
• Annex 3: Stories on Women Empowerment 91 
December, 2016 ANNUAL PROGRESS REPORT 
 
vi | P a g e  
 
  
 
ABBREVIATIONS 
  
ANS : Awaas Nirman Saathi (People's reconstruction friends - trained masons) 
AWP : Annual Work Plan 
BCPR : Bureau for Crisis Prevention and Recovery",10b495d541bde688ebfea7ce2d15dbd8f163ec818657ead3663acb6511bd9560.pdf,10b495d541bde688ebfea7ce2d15dbd8f163ec818657ead3663acb6511bd9560.pdf
Do you think those high-resolution maps of the area were used for something specific like emergency planning?,"The key progress made in 2016 under Community based Climate  Risk Management initiatives in Dolakha 
and Surkhet (under ICRMP, Sweden-UNDP) are as mentioned below: 
• Consultations with DHM were held to provide technical support for improved database 
administration and Geospatial data analysis. A high resolution Digital Elevation Model (DEM) of Riu-","Model (DEM) development for Maadi and Tsho Rolpa, 3 days weather forecast and website upgrade were 
also provided to DHM. Thus, capacities of different ministries and departments have been enhanced for 
improved DRM planning and implementation.  
 
7.5 Sustainability    
The project continued its effort to implement its activities with prime objective to institutionalize the key",10b495d541bde688ebfea7ce2d15dbd8f163ec818657ead3663acb6511bd9560.pdf,10b495d541bde688ebfea7ce2d15dbd8f163ec818657ead3663acb6511bd9560.pdf
Do they have some sort of weather monitoring setup in the countryside?,"Khola Sub watershed, Chitwan extracted from the stereo pair images as well as the DEM of 
Rolwaling valley, Dolakha extracted from the secondary data have been prepared.  
• The Agro-met Automatic Station along with Display system has been installed at Baddichaur, 
Kunathari VDC-4, Surkhet. 
• A community based Climate risk management and livelihood promotion interventions especially","sub-watersheds 
of Dolakha (10 
VDC) completed  
Small mitigation 
measures in 
Khare Suri and 
Sorung Khola 
sub-watersheds 
of Dolakha (10 
VDC) completed  
100% BCPR-
SWE 30,715   
    
Small mitigation 
measures in Sot 
Khola sub-
watersheds of 
Surkhet (3 VDC) 
completed  
Small mitigation 
measures in Sot 
Khola sub-
watersheds of 
Surkhet (3 VDC) 
completed  
100% BCPR-
SWE 28,057",10b495d541bde688ebfea7ce2d15dbd8f163ec818657ead3663acb6511bd9560.pdf,10b495d541bde688ebfea7ce2d15dbd8f163ec818657ead3663acb6511bd9560.pdf
Do these disaster management groups work with the local community in some way?,"focusing on the thematic sectors as Livelihood Promotion, Bioengineering and Natural Resource 
Management have been implemented in three sub-watersheds namely Khare-Suri khola and 
Sorungkhola sub-watersheds in Dolakha district and Sot-khola sub-watershed in Surkhet district. 
Key progresses include: 
o Local Disaster Risk Management Committees 
and Community Based Disaster Risk","well as CR 
Assessment 
(Sot Khola, 
Surkhet) 
completed 
 
Small 
mitigation 
measures in 
2 districts 
Activity 3.3.2: Facilitate 
development and 
implementation of sector-
specific or community level 
CRM interventions to build 
resilience in collaboration 
with MoSTE, MoAD, 
MoFALD 
Small mitigation 
measures in 
Khare Suri and 
Sorung Khola 
sub-watersheds 
of Dolakha (10 
VDC) completed",10b495d541bde688ebfea7ce2d15dbd8f163ec818657ead3663acb6511bd9560.pdf,10b495d541bde688ebfea7ce2d15dbd8f163ec818657ead3663acb6511bd9560.pdf
Does all this work with the communities to prevent damage when a big storm hits?,"and Community Based Disaster Risk 
Management Committees (LDRMCs and 
CBDRMCs) have been supported with off-
season vegetable farming and goat farming, 
Construction of tanks for irrigation and 
drinking water; Construction of cardamom 
nursery, conservation ponds, plastic tunnels, 
dry cemented canal for flash flood control and 
gabion structures have been completed in","BCPR : Bureau for Crisis Prevention and Recovery 
CBDRM : Community Based Disaster Risk Management 
CBDRMC/P : Community Based Disaster Risk Management Committee/Plan 
CBEWS : Community Based Early Warning System 
CBOs : Community Based Organizations 
CC : Climate Change 
CCA : Climate Change Adaptation 
CDG : Central Department of Geography, Tribhuvan University",10b495d541bde688ebfea7ce2d15dbd8f163ec818657ead3663acb6511bd9560.pdf,10b495d541bde688ebfea7ce2d15dbd8f163ec818657ead3663acb6511bd9560.pdf
"Are these gabion structures helping protect people from something, like landslides or flooding?","gabion structures have been completed in 
Dolakha collectively benefitting about 3588 
people (1836 women & 1752 men) from 1516 
HHs of Babare, Khopachangu, Lapilang, 
lamidanda, kalinchok VDCs of Sorungkhola 
subwatershed and Khare, Suri, Jhyaku, Chankhu, Marbu VDCs of Kharesuri khola subwatershed in 
Dolakha.","Khare Suri and 
Sorung Khola 
sub-watersheds 
of Dolakha (10 
VDC) completed  
100% BCPR-
SWE 4,058   
    
CBDRM Offices 
in Dolakha 
institutionalized
/reformed and 
equipped  
CBDRM Offices 
in Dolakha 
institutionalized
/reformed and 
equipped  
  BCPR-
SWE 2,669   
    
    
Total Budget/BCPR-SWE         65,499 0     
  
Activity 3.4.3: Facilitate 
collaboration between 
administrative",10b495d541bde688ebfea7ce2d15dbd8f163ec818657ead3663acb6511bd9560.pdf,10b495d541bde688ebfea7ce2d15dbd8f163ec818657ead3663acb6511bd9560.pdf
Has the training and support for these groups had an impact on how communities in Dolakha prepare for emergencies?,"Dolakha.  
o 1,713 persons (CBDRMCs/LDRMCs/VDC Secretaries) including 914 women have been trained on 
different aspects: livelihood, skills, SAR, First Aid, DRR/CCA, etc. 
o 15 ECO-DRR clubs have been supported/oriented involving 160 students of 15 schools in the ten 
VDCs; ECA guidelines have been prepared for all the clubs.","comprising of livelihood improvement, restoration of small infrastructures and bio engineering 
works.  Over 2,200 community members with around 50% women (LDRMCs/CBDRMCs) have been 
trained/oriented on DRR -CCA, First Aid, Search and Rescue, Livelihood improvement and other 
orientation trainings. 
10 Local Disaster Risk Management Plans (LD RMPs) have been prepared/ revised in Dolakha and",10b495d541bde688ebfea7ce2d15dbd8f163ec818657ead3663acb6511bd9560.pdf,10b495d541bde688ebfea7ce2d15dbd8f163ec818657ead3663acb6511bd9560.pdf
"Were there any specific steps taken to help vulnerable groups, like women and minorities, in these areas?","o  5 new LDRMPs (Khare, Suri, Jhyaku, Chankhu, Marbu VDCs ) have been prepared and 5 LDRMPs 
(Babare, Khopachangu, Lapilang, lamidanda, kalinchok VDCs ) have been reviewed/updated 
benefiting entire 22,725 (12425 female, 505 dalits and 13280 janajati) population. 
A woman farmer in her vegetable farm, Dolakha 
December, 2016 ANNUAL PROGRESS REPORT 
 
28 | P a g e","prepared/updated 
5 LDRMPs 
in Dolakha 
but 
10 LDRMPs 
active in 
Dolakha 
5 LDRMPs 
prepared 
but needed 
update, no 
Update of 5 
LDRMPs and 
preparation 
of 5 LDRMPs 
LDRMPs of 5 
VDCs 
(Khopachag
u, 
LDRMPs of 
10 VDCs of 
Kharesuri 
and 
LDRMPs 
December, 2016 ANNUAL PROGRESS REPORT 
 
18 | P a g e  
   
Project Output 
statement 
Output indicator Baseline Cumulative 
Target for",10b495d541bde688ebfea7ce2d15dbd8f163ec818657ead3663acb6511bd9560.pdf,10b495d541bde688ebfea7ce2d15dbd8f163ec818657ead3663acb6511bd9560.pdf
How did they make the water available during emergencies in Surkhet?,"28 | P a g e  
 
  
o Similarly, in Surkhet, the construction of drinking 
water reservoir tanks and collection chamber, 
filter tank and rainwater harvesting ponds, 
plastic tunnels, Construction of irrigation canals 
and fitting of pipes, installation of Bio-gas plants, 
bamboo plantation, gabion structures and 
establishment of school garden have collectively","establishment of school garden have collectively 
benefitted about 7,905 people (4028 women and 
3,877 men) from 1,155 HHs of Kunathari, 
Lekhgaun and Gadhi VDCs of Sot khola sub-
watershed in Surkhet. 
• The results and achievements of the project 
activities implemented in the two districts were 
shared with local, district and national stakeholders",10b495d541bde688ebfea7ce2d15dbd8f163ec818657ead3663acb6511bd9560.pdf,10b495d541bde688ebfea7ce2d15dbd8f163ec818657ead3663acb6511bd9560.pdf
How do people in a community find out about the progress of projects that are helping them?,"establishment of school garden have collectively 
benefitted about 7,905 people (4028 women and 
3,877 men) from 1,155 HHs of Kunathari, 
Lekhgaun and Gadhi VDCs of Sot khola sub-
watershed in Surkhet. 
• The results and achievements of the project 
activities implemented in the two districts were 
shared with local, district and national stakeholders","28 | P a g e  
 
  
o Similarly, in Surkhet, the construction of drinking 
water reservoir tanks and collection chamber, 
filter tank and rainwater harvesting ponds, 
plastic tunnels, Construction of irrigation canals 
and fitting of pipes, installation of Bio-gas plants, 
bamboo plantation, gabion structures and 
establishment of school garden have collectively",10b495d541bde688ebfea7ce2d15dbd8f163ec818657ead3663acb6511bd9560.pdf,10b495d541bde688ebfea7ce2d15dbd8f163ec818657ead3663acb6511bd9560.pdf
What's the relationship between those representatives and the strategy they were discussing?,"by organizing a sharing workshop on 11 - 12 September 2016 in Kathmandu and the workshop was 
participated by the representatives from central GoN as MoFALD, DSCWM, DHM, DWIDM, DoA and 
district GoN as VDC secretaries of Surkhet and Dolakha, and DADO Surkhet. 
• A CRM Strategy to serve as a guidance for integrating CCA and DRR approaches into programmes","partnership in future. Representatives from the Government, UNDP, University, professional institutions of 
Nepal, China and Bangladesh and DFID UK attended the workshop. The participants from the three countries 
shared their learning and experiences on D/CRM. The participants from Nepal shared their experiences and",10b495d541bde688ebfea7ce2d15dbd8f163ec818657ead3663acb6511bd9560.pdf,10b495d541bde688ebfea7ce2d15dbd8f163ec818657ead3663acb6511bd9560.pdf
Do they have some kind of training program in place for people dealing with natural disasters in Nepal?,"and projects supported by UN agencies in Nepal has been developed which is under finalization 
process. 
• A Training Module on Integrated Climate Risk Management Approach in Structural and Non-
Structural Measures for Department of Water Induced Disaster Management (DWIDM) officials has 
been prepared based on the training need assessment.","DPNet : Disaster Preparedness Network 
DSCWM : Department of Soil Conservation and Watershed Management 
DWIDP : Department of Water Induced Disaster Prevention 
e-BPS : Electronic Building Permit System 
ECHO : European Commission's Humanitarian aid and Civil Protection Department 
EECDRM : Energy, Environment, Climate Change and Disaster Risk Management Unit 
of UNDP Nepal",10b495d541bde688ebfea7ce2d15dbd8f163ec818657ead3663acb6511bd9560.pdf,10b495d541bde688ebfea7ce2d15dbd8f163ec818657ead3663acb6511bd9560.pdf
What kind of local groups were involved in helping communities prepare for something like a disaster?,"The key progress made in 2016 under MDGTFI (with funding support from RoK-UNDP) project in 
Chitwan and Sindhupalchowk are mentioned below: 
• The activities under this sub-component also includes both, national level and community level. At 
community level, activities were carried out through 6 CBOs in Chitwan and 10 CBOs in 
Sindhupalchowk district under MCG modality.","Sindhupalchowk district under MCG modality.  
• Some of main activities carried out as central level are presented with below points: 
o Completion of research activities by 7 students, in funding support of MDGTFI, linking climate 
risks in agriculture sector in collaboration with the Institute of Agriculture and Animal Science 
(IAAS), Kirtipur.",10b495d541bde688ebfea7ce2d15dbd8f163ec818657ead3663acb6511bd9560.pdf,10b495d541bde688ebfea7ce2d15dbd8f163ec818657ead3663acb6511bd9560.pdf
How do research projects that look at climate-related risks in farming usually get planned and supported?,"Sindhupalchowk district under MCG modality.  
• Some of main activities carried out as central level are presented with below points: 
o Completion of research activities by 7 students, in funding support of MDGTFI, linking climate 
risks in agriculture sector in collaboration with the Institute of Agriculture and Animal Science 
(IAAS), Kirtipur.","The key progress made in 2016 under MDGTFI (with funding support from RoK-UNDP) project in 
Chitwan and Sindhupalchowk are mentioned below: 
• The activities under this sub-component also includes both, national level and community level. At 
community level, activities were carried out through 6 CBOs in Chitwan and 10 CBOs in 
Sindhupalchowk district under MCG modality.",10b495d541bde688ebfea7ce2d15dbd8f163ec818657ead3663acb6511bd9560.pdf,10b495d541bde688ebfea7ce2d15dbd8f163ec818657ead3663acb6511bd9560.pdf
Does this have to do with helping communities recover from disasters?,"(IAAS), Kirtipur.   
o Agri Apps with the collaboration of MoAD/ DoA/ DADO was launched in Sindhupalchowk district 
where 80 participated the inauguration ceremony and 33 individuals provided with master ToT 
on the Agri App application. 
o DEOCs of Sindhupalchowk and Chitwan were supported after the consultations were held with","District Administration Offices (DAOs) of Sindhupalchowk and Chitwan to identify the need for 
strengthening the respective District Emergency Operation Centre (DEOCs) towards making them 
model DEOCs. 
o In Sindhupalchowk district, construction of multipurpose nursery with the collaboration of DFO 
Sindhupalchowk was done.  Further, Operational Plan (OP) and Constitutions of 17 Community",10b495d541bde688ebfea7ce2d15dbd8f163ec818657ead3663acb6511bd9560.pdf,10b495d541bde688ebfea7ce2d15dbd8f163ec818657ead3663acb6511bd9560.pdf
Do districts have some kind of emergency center that they use to coordinate responses to natural disasters?,"District Administration Offices (DAOs) of Sindhupalchowk and Chitwan to identify the need for 
strengthening the respective District Emergency Operation Centre (DEOCs) towards making them 
model DEOCs. 
o In Sindhupalchowk district, construction of multipurpose nursery with the collaboration of DFO 
Sindhupalchowk was done.  Further, Operational Plan (OP) and Constitutions of 17 Community","• Major accomplishments in Sindhupalchowk through the ten CBOs are briefly mentioned below: 
o The project activities were carried out in the 3 VDCs Haibung, Bhotechaur and Thakani and four 
wards of Melamchi municipality (earlier Sindhukot and Bansbari VDCs). 
o  The main activities carried out were from the three thematic areas and they are restoration of",10b495d541bde688ebfea7ce2d15dbd8f163ec818657ead3663acb6511bd9560.pdf,10b495d541bde688ebfea7ce2d15dbd8f163ec818657ead3663acb6511bd9560.pdf
What role did the District Forest Office play in preparing those groups for whatever challenges were happening in the area?,"Forest User Groups (CFUGs) of Sindhu khola sub-watershed, Sindhupalchowk were 
prepared/revised in coordination with the DFO. An orientation workshop involving CFUG 
members, District Forest Office and other stakeholders was organized at the beginning and 
sharing was also conducted at the end.   
o Micro-capital Grant (MCG) result sharing workshop organized in Sindhupalchowk and Chitwan to","Sindhupalchowk district under MCG modality.  
• Some of main activities carried out as central level are presented with below points: 
o Completion of research activities by 7 students, in funding support of MDGTFI, linking climate 
risks in agriculture sector in collaboration with the Institute of Agriculture and Animal Science 
(IAAS), Kirtipur.",10b495d541bde688ebfea7ce2d15dbd8f163ec818657ead3663acb6511bd9560.pdf,10b495d541bde688ebfea7ce2d15dbd8f163ec818657ead3663acb6511bd9560.pdf
Did they find any specific ways to make sure the projects they were working on were well connected to the local community and other organizations?,"share the key achievement and lessons learnt. 16 CBOs developed their capacity to implement 
project interventions related to integrated climate risk management and livelihood promotion. A 
better linkage with local and district level agencies was found to be developed. As per the CBOs, 
Tanks constructed with project support, Lekhgaun 
Drinking Water Scheme, Lekhgaun, Surkhet","3.4.13 Support to CBOs of 
Sotkhola Subwatershed, 
Surkhet for Water Source 
Protection and RVT 
Fencing 
  
The activities for 
drinking water 
source 
protection have 
been completed. 
100% TRAC 5,690   
    
3.4.14 Strengthening the 
capacity of Communities 
(CBO) Journalists, GoN 
agencies at all levels on 
Integrated Climate Risk 
Management 
      TRAC 8,000",10b495d541bde688ebfea7ce2d15dbd8f163ec818657ead3663acb6511bd9560.pdf,10b495d541bde688ebfea7ce2d15dbd8f163ec818657ead3663acb6511bd9560.pdf
Does the Drinking Water Scheme in Surkhet also do something with sharing good ideas and learning from their experiences?,"Drinking Water Scheme, Lekhgaun, Surkhet 
December, 2016 ANNUAL PROGRESS REPORT 
 
29 | P a g e  
 
  
presentation, their intuitional, capacity on decision making, planning and implementation and 
documentation was improved.  
o Compilation of best practices: the MCG project completion reports, reflection photo stories and 
video will be knowledge management tool for MDGTFI.","preparations, studies/reviews are taking more time than expected. 
 
• Due to priorities of stakeholders in reconstruction, delay in project implementation and delivery 
were realized.  
 
 
10. A SPECIFIC STORY 
 
Changes brought by the water source conservation and its utilization for drinking water 
purpose by lifting system in Lekhgaun VDC Surkhet",10b495d541bde688ebfea7ce2d15dbd8f163ec818657ead3663acb6511bd9560.pdf,10b495d541bde688ebfea7ce2d15dbd8f163ec818657ead3663acb6511bd9560.pdf
What was the goal behind creating those ponds and providing fishing equipment to the farmers?,"• In Riu-khola sub-watershed Maadi, Chitwan, mainly three types of activities were accomplished, 
they are: livelihood promotion related, community infrastructure/bio-engineering works and 
capacity building. The key progress includes: 
o Excavation of 13 ponds was completed and 
support with fishing equipment, fingerlings etc. 
was also provided to the farmers. 21 farmers","engineering, River training, 
Landslide protection 
measures, community 
infrastructures) 
mitigation 
measures at six 
places including 
structures and 
bio-engineering 
works 
Bio-engineering 
activities carried 
out in Chitwan 
and 
Sindhupalchowk 
100% MOFATK
OREA 21,818   
    
1.7 Installation of 
Community Based EWS in 
Riu Khola subwatershed, 
Maadi (Chitwan) and 
Hydro-met Stations in",10b495d541bde688ebfea7ce2d15dbd8f163ec818657ead3663acb6511bd9560.pdf,10b495d541bde688ebfea7ce2d15dbd8f163ec818657ead3663acb6511bd9560.pdf
Does this project help people grow their own food at home?,"was also provided to the farmers. 21 farmers 
started mushroom cultivation through the project 
support. One market information and collection 
centre was constructed in Maadi for easing the 
marketing of the agri-products of the project 
beneficiaries. Another construction for 
community seed bank was also started in the first 
quarter. 
o Furthermore, home gardening with drip irrigation","locations of above structures.  
o In order to promote the agricultural marketing, an 
agricultural collection and information center is 
constructed with 7 stalls, one live fish marketing, 
two roomed-building, 1 hand-pump for drinking 
water and two room toilets.  
o A workshop on promotion of agricultural 
marketing and role of different stakeholders was",10b495d541bde688ebfea7ce2d15dbd8f163ec818657ead3663acb6511bd9560.pdf,10b495d541bde688ebfea7ce2d15dbd8f163ec818657ead3663acb6511bd9560.pdf
,"40 HHs, IPM farmers’ school 1, support to 
rehabilitation of small irrigation 5 benefitting 150 
HHs, support construction of plastic ponds 4 benefitting 100 HHs, pump-sets for                                                                                    
irrigation 41 HHs was accomplished.  
o About 1200 meters of flood control mitigation structures such as check-dam construction using","community in this ward. 
Even though the financial aid to the community was not enough to fulfill all the 
requirements of the project, the initiation was impressive enough to bring 
benefit for the whole community. Especially it is saving time of women 
and children who are often responsible for fetching household water. An irrigation pond of 42.5 cubic",10b495d541bde688ebfea7ce2d15dbd8f163ec818657ead3663acb6511bd9560.pdf,10b495d541bde688ebfea7ce2d15dbd8f163ec818657ead3663acb6511bd9560.pdf
,"gabion boxes was completed at several vulnerable sites of Riu-Khola, Bandarmude Khola, Magaoi 
Khola, about 2 Km trench was opened to divert the Riu-khola in Rauteni as river training,  
o 14 Km forest area fencing with mesh-wire to prevent human & wildlife conflicts were also 
completed. 
o  More than 2,000 bamboo clumps were 
transplanted as bioengineering works at different","gabion structures have been completed in 
Dolakha collectively benefitting about 3588 
people (1836 women & 1752 men) from 1516 
HHs of Babare, Khopachangu, Lapilang, 
lamidanda, kalinchok VDCs of Sorungkhola 
subwatershed and Khare, Suri, Jhyaku, Chankhu, Marbu VDCs of Kharesuri khola subwatershed in 
Dolakha.",10b495d541bde688ebfea7ce2d15dbd8f163ec818657ead3663acb6511bd9560.pdf,10b495d541bde688ebfea7ce2d15dbd8f163ec818657ead3663acb6511bd9560.pdf
What's usually done at a disaster to protect the water supply?,"locations of above structures.  
o In order to promote the agricultural marketing, an 
agricultural collection and information center is 
constructed with 7 stalls, one live fish marketing, 
two roomed-building, 1 hand-pump for drinking 
water and two room toilets.  
o A workshop on promotion of agricultural 
marketing and role of different stakeholders was","was also provided to the farmers. 21 farmers 
started mushroom cultivation through the project 
support. One market information and collection 
centre was constructed in Maadi for easing the 
marketing of the agri-products of the project 
beneficiaries. Another construction for 
community seed bank was also started in the first 
quarter. 
o Furthermore, home gardening with drip irrigation",10b495d541bde688ebfea7ce2d15dbd8f163ec818657ead3663acb6511bd9560.pdf,10b495d541bde688ebfea7ce2d15dbd8f163ec818657ead3663acb6511bd9560.pdf
Does the formation of a specific committee have any direct impact on how disasters are handled in the area?,"marketing and role of different stakeholders was 
organized in Maadi, Chitwan jointly by DADO and 
UNDP and in technical support of Directorate of 
Agribusiness Promotion and Market Development 
(DABPMD). A market operation committee is 
formed as per the guidelines of MoAD, Directorate of Agribusiness Promotion and Market 
Development.","(IAAS), Kirtipur.   
o Agri Apps with the collaboration of MoAD/ DoA/ DADO was launched in Sindhupalchowk district 
where 80 participated the inauguration ceremony and 33 individuals provided with master ToT 
on the Agri App application. 
o DEOCs of Sindhupalchowk and Chitwan were supported after the consultations were held with",10b495d541bde688ebfea7ce2d15dbd8f163ec818657ead3663acb6511bd9560.pdf,10b495d541bde688ebfea7ce2d15dbd8f163ec818657ead3663acb6511bd9560.pdf
What kind of role does Kisan play in keeping those seed storage facilities running?,"Development. 
o Construction of community seed bank of 34 x 18 x 12 cubic feet with a capcity of about 60-70 MT 
seed storage has been completed. In addition, machines for seed cleaning, grading, treating and 
generator for operation of those machines has been supported. The community seed bank is 
construction jointly by UNDP, DADO and Community. It’s operation will be managed by Kisan","Climate reslient 
seeds 
distributed to 
farmers 
100% MOFATK
OREA 4,220   
    
1.4 Establish community 
climate resilient seed banks 
1 community 
seed banks 
construction  
Seed bank 
established in 
Maadi 
100% 
MOFATK
OREA 4,556       
MOFATK
OREA 5,197       
MOFATK
OREA 5,000       
1.5 Promotion of home 
gardens 
at least 100 HHs 
have home 
gardens (50% of 
them are women",10b495d541bde688ebfea7ce2d15dbd8f163ec818657ead3663acb6511bd9560.pdf,10b495d541bde688ebfea7ce2d15dbd8f163ec818657ead3663acb6511bd9560.pdf
Do you think the project helped farmers prepare for or recover from any specific kind of disaster?,"Jagriti Beej Briddhi Samuh, Barua, Maadi, Chitwan. In addition to that 50 sets of metal bins were 
distributed to the poor and vulnerable farmers to store seed and grains at household level. 
Farmers harvesting fish from the ponds constructed 
with support from the project 
Bio-engineering structures, Chandrapuri, Maadi, 
Chitwan 
December, 2016 ANNUAL PROGRESS REPORT 
 
30 | P a g e","• In Riu-khola sub-watershed Maadi, Chitwan, mainly three types of activities were accomplished, 
they are: livelihood promotion related, community infrastructure/bio-engineering works and 
capacity building. The key progress includes: 
o Excavation of 13 ponds was completed and 
support with fishing equipment, fingerlings etc. 
was also provided to the farmers. 21 farmers",10b495d541bde688ebfea7ce2d15dbd8f163ec818657ead3663acb6511bd9560.pdf,10b495d541bde688ebfea7ce2d15dbd8f163ec818657ead3663acb6511bd9560.pdf
Were those types of projects also focused on helping households recover after a crisis or disaster?,"30 | P a g e  
 
  
o For raising household income, different activities like goat keeping, swine rearing and laying 
poultry birds raising at HHs level was promoted to 200 HHs. Cattle shed improvement 20 HHs 
and plantation of fodder were done benefiting 70 HHs.  
o Seed Production support by foundation seeds 3 MT of wheat (Gautam variety) and 4 MT of paddy","o Bio-engineering schemes (drinking water supply 
schemes, community buildings, wire-mesh fence, 
irrigation canals, landslide protection, gabion 
walls, water source protection) were constructed 
o Income generating activities (goat raising, swine 
raising, off-season vegetable farming, bee-
keeping, poultry, floriculture). The community 
members were oriented on these activities as 
well.",10b495d541bde688ebfea7ce2d15dbd8f163ec818657ead3663acb6511bd9560.pdf,10b495d541bde688ebfea7ce2d15dbd8f163ec818657ead3663acb6511bd9560.pdf
Are they talking about some kind of sustainable agriculture project that they're supporting with the farmers?,"(Radha-4 and Sabitri) seeds to 100 HHs was provided. In addition, 10 MT of improved seeds of 
Sukha 3 & 5 for dry area and Sabha Sab for flooded area was support to 2,000 farmers in Maadi. 
o  A total of 150 biogas plants were installed in collaboration with Buffer zone committee and 
Biogas Company.  
o In order to enhance the capacity of the community","and 12 biogas plants in Belchaur each with 6 cubic meter 
capacity. In Sajgaire , the community consists of 20 
households, of which 1 4 are Janajatis  and 6 are 
Bahun/Chhetri). Total no. of beneficiaries population are 
104 (Female: 60,Male :44) base d on ethnicity.  Twenty 
Biogas plants have been constructed with the support of 
UNDP/CDRMP.During the period of construction Masina",10b495d541bde688ebfea7ce2d15dbd8f163ec818657ead3663acb6511bd9560.pdf,10b495d541bde688ebfea7ce2d15dbd8f163ec818657ead3663acb6511bd9560.pdf
What are they doing to help people in areas that are prone to flooding or other natural disasters in Maadi?,"based organizations, one training on institutional 
development and documentation and 1 exposure 
visit was organized in which about 100 individuals 
and local actors benefitted. 
o For community based early warning system in 
Maadi, Chitwan, 5 Automatic hydrological and 
meteorological stations were established at 
different locations: Bankatta, Chharchare,","87 | P a g e  
 
  
 
 
 
 
 
 
 
 
 
  
 
Community based Early Warning System, Riu-khola, Maadi, 
Chitwan 
Masons in practical session of safer construction training, 
Maadi, Chitwan 
Community based Early Warning System, Riu-khola, Maadi,",10b495d541bde688ebfea7ce2d15dbd8f163ec818657ead3663acb6511bd9560.pdf,10b495d541bde688ebfea7ce2d15dbd8f163ec818657ead3663acb6511bd9560.pdf
What role did local stakeholders play in the response efforts at those different locations?,"different locations: Bankatta, Chharchare, 
Kalyanpur, Govindabasti and Thori. An operation 
unit and lighting station was set up at Narayani 
Basin Office, DHM. To orient the relevant local 
stakeholders EWS Action team, a training manual 
was also drafted and the orientation training was planned for second quarter.","EQ 2015, District Emergency Operation Centers ( DEOCs) were established and activated in four 
December, 2016 ANNUAL PROGRESS REPORT 
 
2 | P a g e  
 
  
additional districts- Gorkha, Nuwakot, Rasuwa a nd Solukhumbu, strengthening the network now 
comprising 56 EOCs across the country including National Emergency Operation Center (NEOC)",10b495d541bde688ebfea7ce2d15dbd8f163ec818657ead3663acb6511bd9560.pdf,10b495d541bde688ebfea7ce2d15dbd8f163ec818657ead3663acb6511bd9560.pdf
Do they have special teams that help fix things in areas that got really damaged?,"• Major accomplishments in Sindhupalchowk through the ten CBOs are briefly mentioned below: 
o The project activities were carried out in the 3 VDCs Haibung, Bhotechaur and Thakani and four 
wards of Melamchi municipality (earlier Sindhukot and Bansbari VDCs). 
o  The main activities carried out were from the three thematic areas and they are restoration of","Sindhupalchowk) were added in 2016 exclusively to address post EQ 2015 contexts by facilitating safer 
reconstruction of houses. The project continued its community level activities in 3 VDCs (Kunathari, Gadhi 
and Lekhgaun) of Surkhet, Maadi municipality of Chitwan, 4 VDCs/municipality in (Haibung, Bhotechaur,",10b495d541bde688ebfea7ce2d15dbd8f163ec818657ead3663acb6511bd9560.pdf,10b495d541bde688ebfea7ce2d15dbd8f163ec818657ead3663acb6511bd9560.pdf
What kind of projects were put in place to help people in those affected areas?,"community small infrastructures, livelihood improvement activities and bioengineering 
measures.  
o In the above 3 VDCs and Melamchi municipality, 
altogether over 4,000 HHs have been benefitted 
through one or more activities under the project 
interventions.  
o About 110 schemes of community small 
infrastructures were constructed/repaired. 
o Bio-engineering schemes (drinking water supply","o Bio-engineering schemes (drinking water supply 
schemes, community buildings, wire-mesh fence, 
irrigation canals, landslide protection, gabion 
walls, water source protection) were constructed 
o Income generating activities (goat raising, swine 
raising, off-season vegetable farming, bee-
keeping, poultry, floriculture). The community 
members were oriented on these activities as 
well.",10b495d541bde688ebfea7ce2d15dbd8f163ec818657ead3663acb6511bd9560.pdf,10b495d541bde688ebfea7ce2d15dbd8f163ec818657ead3663acb6511bd9560.pdf
How were the community members supposed to be involved in taking care of these projects and activities?,"o Bio-engineering schemes (drinking water supply 
schemes, community buildings, wire-mesh fence, 
irrigation canals, landslide protection, gabion 
walls, water source protection) were constructed 
o Income generating activities (goat raising, swine 
raising, off-season vegetable farming, bee-
keeping, poultry, floriculture). The community 
members were oriented on these activities as 
well.","community small infrastructures, livelihood improvement activities and bioengineering 
measures.  
o In the above 3 VDCs and Melamchi municipality, 
altogether over 4,000 HHs have been benefitted 
through one or more activities under the project 
interventions.  
o About 110 schemes of community small 
infrastructures were constructed/repaired. 
o Bio-engineering schemes (drinking water supply",10b495d541bde688ebfea7ce2d15dbd8f163ec818657ead3663acb6511bd9560.pdf,10b495d541bde688ebfea7ce2d15dbd8f163ec818657ead3663acb6511bd9560.pdf
,"well.  
 
 
 
 
Plastic Pond, Giranchaur, Sindhupalchowk 
Figure 2 EWS Station, Riu-khola, Chitwan 
December, 2016 ANNUAL PROGRESS REPORT 
 
31 | P a g e  
 
  
Progress on Output - National preparedness and emergency systems are able to effectively 
prepare for and respond to hazard related disaster. (Output 7.4). 
 
As per the consensus between MoHA and MoFALD, four","promoting activities, restoration of community small infrastructures and bio-engineering structures 
in these four districts. Last mile connectivity to safeguard lives from sudden hydro-meteorological 
disasters has been strengthened by linking DEOCs of Sindhupalchowk, Dolakha, Surkhet and 
Chitwan with six  Early Warning System ( EWS) stations established in Maadi , Chitwan,",10b495d541bde688ebfea7ce2d15dbd8f163ec818657ead3663acb6511bd9560.pdf,10b495d541bde688ebfea7ce2d15dbd8f163ec818657ead3663acb6511bd9560.pdf
Is there some kind of communication system being set up in these different centers?,"Municipal Emergency Operation Centres (MEOCs) were 
converted into DEOCs, thus DEOC was established in four new 
districts: Gorkha, Rasuwa, Nuwakot and Solukhumbu. 
Installation of VHF Radio Base Stations in a total of 3 4 EOCs 
including all five REOCs and 2 9 DEOCs covering all five 
development regions. Likewise, the long pending Workshop on","EQ 2015, District Emergency Operation Centers ( DEOCs) were established and activated in four 
December, 2016 ANNUAL PROGRESS REPORT 
 
2 | P a g e  
 
  
additional districts- Gorkha, Nuwakot, Rasuwa a nd Solukhumbu, strengthening the network now 
comprising 56 EOCs across the country including National Emergency Operation Center (NEOC)",10b495d541bde688ebfea7ce2d15dbd8f163ec818657ead3663acb6511bd9560.pdf,10b495d541bde688ebfea7ce2d15dbd8f163ec818657ead3663acb6511bd9560.pdf
"So, how do different locations prepare for emergencies and respond when they happen?","Disaster Preparedness and Response for the disaster focal 
persons at DAO, the ACDOs and the assigned officials, and also 
from Regional Administration Offices (RAO) were conducted 
successfully in this period where a total of 40 EOCs 
participated. Strengthening support to the EOCs, as an 
immediate intervention, recommended by the EOC Network","113 personnel including 5 women and five from NRCS . Assistant CDOs (also in -charge for DEOCs) 
from 40 EOCs were oriented on preparedness, disaster information management and dissemination. 
National Early Recovery Framework has been formulated as a part of continued support to the 
Ministry of Federal Affairs and Local Development (MoFALD). 
 
 
 
December, 2016 ANNUAL PROGRESS REPORT",10b495d541bde688ebfea7ce2d15dbd8f163ec818657ead3663acb6511bd9560.pdf,10b495d541bde688ebfea7ce2d15dbd8f163ec818657ead3663acb6511bd9560.pdf
What's the relationship between those radio base stations and the performance of emergency teams?,"Evaluation, has also been provided to EOCs from across the 
country. The strengthening support, installation of VHF Radio 
Base Stations and conduction of the workshop of DM focal persons from each district having EOCs comprised 
efforts in further institutionalizing the operational performance of EOCs in meeting its functional benchmark.  
Four events of DIMS training were organized for far -","Municipal Emergency Operation Centres (MEOCs) were 
converted into DEOCs, thus DEOC was established in four new 
districts: Gorkha, Rasuwa, Nuwakot and Solukhumbu. 
Installation of VHF Radio Base Stations in a total of 3 4 EOCs 
including all five REOCs and 2 9 DEOCs covering all five 
development regions. Likewise, the long pending Workshop on",10b495d541bde688ebfea7ce2d15dbd8f163ec818657ead3663acb6511bd9560.pdf,10b495d541bde688ebfea7ce2d15dbd8f163ec818657ead3663acb6511bd9560.pdf
Is there some kind of central hub where people go to coordinate relief efforts during a disaster?,"western, mid -western, western, central and eastern 
development regions' EOCs. 113 persons including 5 women 
from DEOCs, REOC, NEOC and five NRCS were oriented on 
DIMS including integration of SAHANA into the DRR portal.   
The Early Recovery framework was reviewed by MOFAL D 
and their concurrence obtained for finalization and printing. 
It is also expected to be translated into Nepali.","Emergency Operation Centers (DEOCs) established, Gorkha, Rasuwa, Nuwakot and Solukhumbu 
districts, resulting in augmentation of national network of 56 EOCs (1 NEOC, 49 DEOCs, 5 REOCs, 
and 1 MEOC). Capacities of DEOCs, REOC, NEOC  have been enhanced through training on  DIMS 
including integration of SAHANA Disaster Information Management System into the DRR portal for",10b495d541bde688ebfea7ce2d15dbd8f163ec818657ead3663acb6511bd9560.pdf,10b495d541bde688ebfea7ce2d15dbd8f163ec818657ead3663acb6511bd9560.pdf
How do emergency operations centers coordinate with local groups in times of disaster?,"As part of strengthening the EOCs, three staff, one each at 
NEOC, DEOC Sindhupalchowk and Surkhet have been 
deployed to provide technical supp ort to the EOCs for 
improved disaster information management, coordination 
with local stakeholders.  
  
 
6. BUDGET AND EXPENDITURE 
The approved annual budget for 201 6 was US$ 2,856,904.00. The total expenditure of 201 6 is US$ US$","Achieve
ments of 
Targets 
in % 
Funding 
Source 
(code) 
Approved 
Budget 
Amount 
Spent 
Expenditure 
in % against 
approved 
budget 
Remarks if 
targets not 
fully 
achieved 
National 
Consultative 
Workshop on 
EOC Network 
Strengthening 
    
DFID 1,623       
DFID 3,352       
Baidu 
Foundati
on 
2,500   
    
ACDO Workshop 
on disaster 
Preparedness 
and EOC 
Management 
2 events of",10b495d541bde688ebfea7ce2d15dbd8f163ec818657ead3663acb6511bd9560.pdf,10b495d541bde688ebfea7ce2d15dbd8f163ec818657ead3663acb6511bd9560.pdf
What's the typical goal of a project like CBDMA-II or ECHO when it comes to spending its budget?,"2,726,277.00 i.e. 95.42% of annual budget. As shown in the table below expenditures for most of the outputs, except 
output 6, CBDMA-II and ECHO are above 90%.  Project activities for both CBDMA II and ECHO project started 
lately then expected which resulted in comparatively lesser expenditures than planned. 
 
 
Participants and MoHA-UNDP team in EOC Focal Persons 
Orientation, Nepalganj","Orientation, Nepalganj 
CDO of Rasuwa Mr. Krishna Prasad Adhikari activating 
DEOC, April 2016, Rasuwa 
December, 2016 ANNUAL PROGRESS REPORT 
 
32 | P a g e  
 
  
Table 4: Output wise annual budget and corresponding expenditures 
     Amount in US$ 
Output  Annual 
Budget  
Annual Expenditure 
through project 
Annual 
Expenditure 
through UNDP 
Total Expenditure Budget 
Utilization%",10b495d541bde688ebfea7ce2d15dbd8f163ec818657ead3663acb6511bd9560.pdf,10b495d541bde688ebfea7ce2d15dbd8f163ec818657ead3663acb6511bd9560.pdf
What's the situation with the money allocated for disaster response in that area?,"Orientation, Nepalganj 
CDO of Rasuwa Mr. Krishna Prasad Adhikari activating 
DEOC, April 2016, Rasuwa 
December, 2016 ANNUAL PROGRESS REPORT 
 
32 | P a g e  
 
  
Table 4: Output wise annual budget and corresponding expenditures 
     Amount in US$ 
Output  Annual 
Budget  
Annual Expenditure 
through project 
Annual 
Expenditure 
through UNDP 
Total Expenditure Budget 
Utilization%","2,726,277.00 i.e. 95.42% of annual budget. As shown in the table below expenditures for most of the outputs, except 
output 6, CBDMA-II and ECHO are above 90%.  Project activities for both CBDMA II and ECHO project started 
lately then expected which resulted in comparatively lesser expenditures than planned. 
 
 
Participants and MoHA-UNDP team in EOC Focal Persons 
Orientation, Nepalganj",10b495d541bde688ebfea7ce2d15dbd8f163ec818657ead3663acb6511bd9560.pdf,10b495d541bde688ebfea7ce2d15dbd8f163ec818657ead3663acb6511bd9560.pdf
Do you remember how long some of those projects lasted and when they actually ended?,"It also shows the funds received from different donors for the different durations. The activities under ECHO 
funding and UNISDR funding were completed in 2013 and that under World Bank were completed in 2015. 
The project on seismic resilience under DFID funding also ended in the first quarter of 2016. However, two","projects i.e. CBDMA II with DFID funding through UNDP China and Resilient communities through Building 
Back Better funded by ECHO started in  2016. Similarly, Government of Japan funded  ""Support to three 
municipalities for National Building Codes Implementation"" also started in January 2016. 
Table 5: Sources of funds Budget and Utilization of the project period 
Amount in US$ 
Source of",10b495d541bde688ebfea7ce2d15dbd8f163ec818657ead3663acb6511bd9560.pdf,10b495d541bde688ebfea7ce2d15dbd8f163ec818657ead3663acb6511bd9560.pdf
Do those government-funded projects have something to do with helping communities rebuild after big disasters?,"projects i.e. CBDMA II with DFID funding through UNDP China and Resilient communities through Building 
Back Better funded by ECHO started in  2016. Similarly, Government of Japan funded  ""Support to three 
municipalities for National Building Codes Implementation"" also started in January 2016. 
Table 5: Sources of funds Budget and Utilization of the project period 
Amount in US$ 
Source of","It also shows the funds received from different donors for the different durations. The activities under ECHO 
funding and UNISDR funding were completed in 2013 and that under World Bank were completed in 2015. 
The project on seismic resilience under DFID funding also ended in the first quarter of 2016. However, two",10b495d541bde688ebfea7ce2d15dbd8f163ec818657ead3663acb6511bd9560.pdf,10b495d541bde688ebfea7ce2d15dbd8f163ec818657ead3663acb6511bd9560.pdf
How are the grants or funds being used on the ground?,"efficient utilization of the project funds. In addition, CDRMP received guidance and supervision from UNDP 
country office for preparation of annual work  plan and budget, tracking expenditures and procurement 
process. The project admin and finance staff visited some of the MCG grantees as well as service providers","staff and staff from UNDP Country Office. During the monitoring visit, government staff and representatives 
December, 2016 ANNUAL PROGRESS REPORT 
 
39 | P a g e  
 
  
from DDC, VDC and CBOs had participated and feedback from the monitoring were utilized in the project 
implementation.  
In 201 6, CDRMP carried out review of results of the MDGTFI project implemen ted in Chitwan and",10b495d541bde688ebfea7ce2d15dbd8f163ec818657ead3663acb6511bd9560.pdf,10b495d541bde688ebfea7ce2d15dbd8f163ec818657ead3663acb6511bd9560.pdf
Did they check how the money for the project was being spent before they actually spent it?,"on sample basis to ensure procurement and expenditures are done  as per the rules and regulati ons. In 
addition, financial review of the project for 2015 was also done in 2016 and the recommendations of the 
review have been implemented in the implementation. 
Project expenditures on Monitoring and Evaluation (M&E) in 2016: As elaborated in table 6, around","office and field level offices have visited regularly for effective implementation of the project activities. A 
review was also carried out by outsourcing national independent consulting firm  to assess the results of 
MDGTFI/UNDP-RoK funded project implemented in Sindhupalchowk and Chitwan districts.  
Table 6: M&E Expenditure in 2016 
S. N. M & E Items Expenditures 
2016 (US$)",10b495d541bde688ebfea7ce2d15dbd8f163ec818657ead3663acb6511bd9560.pdf,10b495d541bde688ebfea7ce2d15dbd8f163ec818657ead3663acb6511bd9560.pdf
"Do we have to follow some sort of standard process when managing these types of projects, to make sure everything is done correctly?","4.38% of the total expenditures of the project in 2016 has been spent on quality assurance of the project 
activities.  Two events of orientation to MCG grantees were organized to ensure that the grantees follow 
administrative and financial procedure s in a transparent way. Staff from center including UNDP country","efficient utilization of the project funds. In addition, CDRMP received guidance and supervision from UNDP 
country office for preparation of annual work  plan and budget, tracking expenditures and procurement 
process. The project admin and finance staff visited some of the MCG grantees as well as service providers",10b495d541bde688ebfea7ce2d15dbd8f163ec818657ead3663acb6511bd9560.pdf,10b495d541bde688ebfea7ce2d15dbd8f163ec818657ead3663acb6511bd9560.pdf
Do people who review something like this get to see how effective the project actually was?,"office and field level offices have visited regularly for effective implementation of the project activities. A 
review was also carried out by outsourcing national independent consulting firm  to assess the results of 
MDGTFI/UNDP-RoK funded project implemented in Sindhupalchowk and Chitwan districts.  
Table 6: M&E Expenditure in 2016 
S. N. M & E Items Expenditures 
2016 (US$)","on sample basis to ensure procurement and expenditures are done  as per the rules and regulati ons. In 
addition, financial review of the project for 2015 was also done in 2016 and the recommendations of the 
review have been implemented in the implementation. 
Project expenditures on Monitoring and Evaluation (M&E) in 2016: As elaborated in table 6, around",10b495d541bde688ebfea7ce2d15dbd8f163ec818657ead3663acb6511bd9560.pdf,10b495d541bde688ebfea7ce2d15dbd8f163ec818657ead3663acb6511bd9560.pdf
Doesn't the management of this project have some kind of budget for monitoring and evaluating its progress?,"S. N. M & E Items Expenditures 
2016 (US$) 
1. Monitoring related activities/events 
(workshops, trainings etc.) 
30,000.00 
2. Project Reviews/Evaluations 9,500.00 
3. Travel (National) 45,000.00 
4. Staff salaries 35000.00 
 Total M&E Expenditures in 2016 119,500.00 
 Total expenditures of CDRMP in 2016 2,726,277.00 
 M&E expenditures in % of total  4.38 
 
 
7. CROSS CUTTING ISSUES","office and field level offices have visited regularly for effective implementation of the project activities. A 
review was also carried out by outsourcing national independent consulting firm  to assess the results of 
MDGTFI/UNDP-RoK funded project implemented in Sindhupalchowk and Chitwan districts.  
Table 6: M&E Expenditure in 2016 
S. N. M & E Items Expenditures 
2016 (US$)",10b495d541bde688ebfea7ce2d15dbd8f163ec818657ead3663acb6511bd9560.pdf,10b495d541bde688ebfea7ce2d15dbd8f163ec818657ead3663acb6511bd9560.pdf
How does this project interact with people at the local community level?,"7. CROSS CUTTING ISSUES 
 
7.1 Targeting and voice/Participation of Target groups 
 
CDRMP supports the Government of Nepal for overall improvement in disaster risk management system in 
the country. It works from community level to policy/strategy level. Thus, it has two categories of","The Ministry of Home Affairs and other ministries and departments have been the main agencies of 
the Government of Nepal to reduce the disaster risks in Nepal in collaboration with development 
partners. In this context, CDRMP was launched in 2011 with an aim to support th e Government of 
Nepal to strengthen the institutional and legislative aspects of Disaster Risk Management (DRM) by",10b495d541bde688ebfea7ce2d15dbd8f163ec818657ead3663acb6511bd9560.pdf,10b495d541bde688ebfea7ce2d15dbd8f163ec818657ead3663acb6511bd9560.pdf
"So after a major earthquake in 2015, did the area create some kind of emergency response hubs to help coordinate relief efforts?","beneficiaries: at-risk communities from disaster and climate risks and Government institutions, officials and 
others working in D/CRM sectors. In 2016, some additional districts were added to address the post EQ 2015 
context. District Emergency Operation Centers (DEOCs) were added in Gorkha, Nuwakot, Rasuwa an d","EQ 2015, District Emergency Operation Centers ( DEOCs) were established and activated in four 
December, 2016 ANNUAL PROGRESS REPORT 
 
2 | P a g e  
 
  
additional districts- Gorkha, Nuwakot, Rasuwa a nd Solukhumbu, strengthening the network now 
comprising 56 EOCs across the country including National Emergency Operation Center (NEOC)",10b495d541bde688ebfea7ce2d15dbd8f163ec818657ead3663acb6511bd9560.pdf,10b495d541bde688ebfea7ce2d15dbd8f163ec818657ead3663acb6511bd9560.pdf
How do communities in areas prone to natural disasters typically organize themselves to respond to emergencies?,"Solukhumbu. In terms of community level interventions, three municipalities (Chautara and Melamchi of 
Sindhupalchowk and Panchkhal of Kavre district) and 10 VDCs (Fasku, Katakutti, Lankuridanda, Bocha and 
Magapauwa in Dolakha district and Sipapokhari, Ir khu, Kubhinde, Bhotsipa and Badagaun in","Sindhupalchowk) were added in 2016 exclusively to address post EQ 2015 contexts by facilitating safer 
reconstruction of houses. The project continued its community level activities in 3 VDCs (Kunathari, Gadhi 
and Lekhgaun) of Surkhet, Maadi municipality of Chitwan, 4 VDCs/municipality in (Haibung, Bhotechaur,",10b495d541bde688ebfea7ce2d15dbd8f163ec818657ead3663acb6511bd9560.pdf,10b495d541bde688ebfea7ce2d15dbd8f163ec818657ead3663acb6511bd9560.pdf
"After a big earthquake, are there special programs to help people rebuild their homes in a way that makes them safer?","Sindhupalchowk) were added in 2016 exclusively to address post EQ 2015 contexts by facilitating safer 
reconstruction of houses. The project continued its community level activities in 3 VDCs (Kunathari, Gadhi 
and Lekhgaun) of Surkhet, Maadi municipality of Chitwan, 4 VDCs/municipality in (Haibung, Bhotechaur,","• Major accomplishments in Sindhupalchowk through the ten CBOs are briefly mentioned below: 
o The project activities were carried out in the 3 VDCs Haibung, Bhotechaur and Thakani and four 
wards of Melamchi municipality (earlier Sindhukot and Bansbari VDCs). 
o  The main activities carried out were from the three thematic areas and they are restoration of",10b495d541bde688ebfea7ce2d15dbd8f163ec818657ead3663acb6511bd9560.pdf,10b495d541bde688ebfea7ce2d15dbd8f163ec818657ead3663acb6511bd9560.pdf
What specific areas were chosen for some kind of assessment or support in this report?,"Thakani, Sindhukot and Bansbari, later two being now 4 wards of Maadi municipality) and 10 VDCs (Marbu, 
Chankhu, Jhyaku, Khare, Suri, Khopachagu, Babare, Lapilan g, Kalinchowk and Lamedanda) of Surkhet.  
District and VDCs have been selected in coordination with the concerned government agencies to address 
December, 2016 ANNUAL PROGRESS REPORT 
 
34 | P a g e","communities as per FS 4     
187 VDCs 
for NRRC 
(national 
target) 0 
for UNDP 
100 
VDCs/wards 
of 
municipalitie
s by UNDP 
63 VDCs Further 
strengthening 
to maintain at 
least 3 -4 
characteristics 
achieved earlier  
3 VDCs 
Kunathari, 
Lekhgaun and 
Gardi) in 
Surkeht, 1 
municipality 
(Maadi) of 
Chitwan, 3 VDCs 
(Haibung, 
2016 CDRMP 
December, 2016 ANNUAL PROGRESS REPORT",10b495d541bde688ebfea7ce2d15dbd8f163ec818657ead3663acb6511bd9560.pdf,10b495d541bde688ebfea7ce2d15dbd8f163ec818657ead3663acb6511bd9560.pdf
Are community groups involved in disaster management projects usually made up of a mix of different people from the local area?,"34 | P a g e  
 
  
the needs of local people. Community Based Organisations(CBOs) that project has been working with consist 
of 36% women, 10% Dalit and 43% Janajatis respectively. In community level capacity building events, about 
45% of participants have been  women. 
 
 
7.2 Gender Equality, Women’s Empowerment, and Social Inclusion","5.2 Progress on Project Outputs 14 
6. BUDGET AND EXPENDITURE 31 
7. CROSS CUTTING ISSUES 33 
7.1 Targeting and Voice/Participation of target groups 33 
7.2 Gender equality, Women’s empowerment and Social Inclusion 34 
7.3 Scaling up 34 
7.4 National Capacity Development  35 
7.5 Sustainability 35 
7.6 South- South and Triangular cooperation 35 
7.7 Partnerships 36",10b495d541bde688ebfea7ce2d15dbd8f163ec818657ead3663acb6511bd9560.pdf,10b495d541bde688ebfea7ce2d15dbd8f163ec818657ead3663acb6511bd9560.pdf
"Do you think there's a process for evaluating how well a disaster management plan is working, especially in light of past experiences?","• GESI has been integrated in the annual work plan (AWP) 2016 with targets and indicators wherever 
applicable. Different studies and reviews (e.g. Study on Gorkha Earthquake 2015: Experience and 
Learning, Result Review of MDGTFI project) carried out under the project have been reviewed with 
GESI perspectives and comments/inputs have been provided by the project team as well as by the","were discussed. The meetings identified a need to orient GESI focal persons/officials and DRR focal 
persons jointly to enhance understanding of mainstreaming GESI in DRR planning, implementation 
and project cycle.  
•  45 GoN officials (GESI Focal Persons and DRR Focal Persons) were oriented on integration of GESI 
in DRR/CCA planning and implementation through two days' workshop.",10b495d541bde688ebfea7ce2d15dbd8f163ec818657ead3663acb6511bd9560.pdf,10b495d541bde688ebfea7ce2d15dbd8f163ec818657ead3663acb6511bd9560.pdf
Do you think there's a role for community involvement in responding to natural disasters?,"concerned Government officials.  
• Follow up consultations with the Ministry of Home Affairs (MoHA), Department of Women and 
Children were done to activate GESI Action Task Force formed in 2015 before the EQ and the action 
group has been active now. Three meetings were held and different aspects of GESI mainstreaming","were discussed. The meetings identified a need to orient GESI focal persons/officials and DRR focal 
persons jointly to enhance understanding of mainstreaming GESI in DRR planning, implementation 
and project cycle.  
•  45 GoN officials (GESI Focal Persons and DRR Focal Persons) were oriented on integration of GESI 
in DRR/CCA planning and implementation through two days' workshop.",10b495d541bde688ebfea7ce2d15dbd8f163ec818657ead3663acb6511bd9560.pdf,10b495d541bde688ebfea7ce2d15dbd8f163ec818657ead3663acb6511bd9560.pdf
"Is there a specific way that officials are trained to think about how gender, social issues, and disasters all fit together in their planning?","were discussed. The meetings identified a need to orient GESI focal persons/officials and DRR focal 
persons jointly to enhance understanding of mainstreaming GESI in DRR planning, implementation 
and project cycle.  
•  45 GoN officials (GESI Focal Persons and DRR Focal Persons) were oriented on integration of GESI 
in DRR/CCA planning and implementation through two days' workshop.","Orientation for GESI focal 
persons and DRR-CCA focal 
persons  
1 event, 
meetings 
1 event 
organized, 45 
GoN officials 
oriented 
100% TRAC 8,908   
    
        TRAC 662       
Activity 7.2 Print 
documents, Synthesize 
study/researches carried 
out by CDRMP including 
database updates_2011-15 
thematic 
reports, 1 
synthesis doc on 
studies/researc
hes, other 
reports, 
database 
updated",10b495d541bde688ebfea7ce2d15dbd8f163ec818657ead3663acb6511bd9560.pdf,10b495d541bde688ebfea7ce2d15dbd8f163ec818657ead3663acb6511bd9560.pdf
What kind of support did they have for rebuilding their communities after that time of need?,"• Contributing 16 days (25 Nov-10 Dec 2016) campaign against Gender based violence, CDRMP 
organized six events, five in Dolakha and one in Sindhupalchowk, and these events were integrated 
in its ECHO funded “Resilience Communities through Building Back Better” project. Total of 369 
community members (139 women, 37%) participated. Community members were oriented on the","The project's effort towards making communities disaster resilient is continued. Over 17,000 families from 
Sindhu-khola sub-watershed of Sindhupalchowk and Riu-khola sub-watershed of Maadi Chitwan have been 
benefited through project activities. The outcomes of the project intervention since 2012/013 are visible -",10b495d541bde688ebfea7ce2d15dbd8f163ec818657ead3663acb6511bd9560.pdf,10b495d541bde688ebfea7ce2d15dbd8f163ec818657ead3663acb6511bd9560.pdf
Do people in the community have a specific role or responsibility to help prevent this kind of violence?,"background and importance of the campaign, its theme (slogan) for 2016 and roles of local people 
for elimination of different kind of gender based violence. Speeches and presentations were followed 
by open discussions where community members put forward their views and commitment to stop 
such violence. The discussions concluded that both men and women should work together against","• Contributing 16 days (25 Nov-10 Dec 2016) campaign against Gender based violence, CDRMP 
organized six events, five in Dolakha and one in Sindhupalchowk, and these events were integrated 
in its ECHO funded “Resilience Communities through Building Back Better” project. Total of 369 
community members (139 women, 37%) participated. Community members were oriented on the",10b495d541bde688ebfea7ce2d15dbd8f163ec818657ead3663acb6511bd9560.pdf,10b495d541bde688ebfea7ce2d15dbd8f163ec818657ead3663acb6511bd9560.pdf
Does the project have a plan to keep helping people even after the money or resources from it run out?,"the gender based violence.  
7.3 Scaling up 
CDRMP has been working in close coordination with the line ministries and concerned departments of the 
Government of Nepal to ensure that the interventions could be continued even after the completion of the 
project activities. The support by CDRMP in diff erent legal, policy and normative documents have been","7. CROSS CUTTING ISSUES 
 
7.1 Targeting and voice/Participation of Target groups 
 
CDRMP supports the Government of Nepal for overall improvement in disaster risk management system in 
the country. It works from community level to policy/strategy level. Thus, it has two categories of",10b495d541bde688ebfea7ce2d15dbd8f163ec818657ead3663acb6511bd9560.pdf,10b495d541bde688ebfea7ce2d15dbd8f163ec818657ead3663acb6511bd9560.pdf
"So there are these programs being implemented in partnership with various organizations, is there some kind of coordination or central authority overseeing all that?","owned by the government and were being implemented by the concerned ministries, departments including 
National Planning Commission. The partnership completed and/or ongoing with the Administrative Staff  
College, Local Development Training Academy and TU Central Department of Environmental Science, Council","Project was implemented under overall guidance and oversight of Project Executive Board (involving MoHA, 
MoFALD, MoUD, NPC, MoF, MoAD as board members). Project executed its annual plan of activities in close 
consultation and collaboration with concerned departments, district level agencies, municipalities for",10b495d541bde688ebfea7ce2d15dbd8f163ec818657ead3663acb6511bd9560.pdf,10b495d541bde688ebfea7ce2d15dbd8f163ec818657ead3663acb6511bd9560.pdf
Do they have some kind of role in helping with disaster preparedness after this specific project is over?,"for Technical Education and Vocational Training Center and other institutions have been envisaged to build 
their capacities towards delivering the trainings and researches on DRM even after the completion of CDRMP. 
The results are apparent and consultation with NASC and LDTA has revealed that these institutions have","communities. The two leading government training institutions are NASC and Local Development 
and Training Academy (LDTA). Both have been supporting CDRMP in building the capacities of 
government and other officials. Additional ly, CDRMP has been mainstreaming D/CRM into 
academia through TU-CDES. (This component contributes to CPAP output 7.1).",10b495d541bde688ebfea7ce2d15dbd8f163ec818657ead3663acb6511bd9560.pdf,10b495d541bde688ebfea7ce2d15dbd8f163ec818657ead3663acb6511bd9560.pdf
Does the community involvement in this project require working closely with government agencies at the local level?,"planned to deliver the D/CRM trainings from GoN fund. Similarly, the capacities building support provided 
to  TU -CDES are being utilized. Likely, the intervention at the community level has been done in close 
coordination and consultation with the concerned ministries and departments at the central level and with","CDRMP in 2014 revealed that around 5% of resource allocation from the key ministries is directed for D/CRM 
and it needs to be increased. In 2016,  a study entitled ""Risk Informed Development Planning"" was carried 
out to support NPC for better integration of D/CRM in the Approach Paper for the 14th Three-Year plan.",10b495d541bde688ebfea7ce2d15dbd8f163ec818657ead3663acb6511bd9560.pdf,10b495d541bde688ebfea7ce2d15dbd8f163ec818657ead3663acb6511bd9560.pdf
,"line agencies of district level including DDC and VDC and other CBOs at the local level. The coordination and 
consultation with these institutions have been done to ensure that the intervention will go beyond the project 
for benefiting the local vulnerable communities in a sustainable way.  
December, 2016 ANNUAL PROGRESS REPORT 
 
35 | P a g e  
 
  
7.4  National Capacity Development","level rather than just outputs from the implemented activities. Support to vulnerable communities 
associated in Local Disaster Risk Man agement Committee for their plan (LDRMP) preparation and 
implementation and capacity building effort involve local stakeholders like VDCs, DDCs and other 
government and non -government actors, which ultimately lead to improved DRM at local levels by all",10b495d541bde688ebfea7ce2d15dbd8f163ec818657ead3663acb6511bd9560.pdf,10b495d541bde688ebfea7ce2d15dbd8f163ec818657ead3663acb6511bd9560.pdf
Doesn't Nepal have a plan or system in place to help different areas work together in case of an emergency?,"7.4  National Capacity Development  
 
In 2016, CDRMP continued to build capacities of national institutions. The programme supported the 
Ministry of Home Affairs through conducting study on ""Gorkha Earthquake: Response and Learning"", 
orienting EOC network  staff including Assistant CDOs for improved functioning of EOCs, strengthening","concerned. Other areas supported by CDRMP include capacity building of professionals, masons and 
Kathmandu valley authorities including municipalities for effective implementation of NBC and RSLUP 
for safer building construction practices. Support to the mini stries and departments for policy, legal",10b495d541bde688ebfea7ce2d15dbd8f163ec818657ead3663acb6511bd9560.pdf,10b495d541bde688ebfea7ce2d15dbd8f163ec818657ead3663acb6511bd9560.pdf
,"support to over 25 EOCs. Technical support was provided to National Planning Commission through a study 
""Risk Informed development planning"" with an aim to integrate D/CRM issu es in the 14th periodic plan. 
Around 125 officials from regional and national level were oriented on integration of D/CRM into national","Further, national stakeholders were oriented at regional level (eastern region) and central level towards 
better integration of D/CRM into planning; the workshop s concluded that NPC would lead implementation 
of the action plans  for budget planning  agreed during the consultations . These efforts are expecte d to",10b495d541bde688ebfea7ce2d15dbd8f163ec818657ead3663acb6511bd9560.pdf,10b495d541bde688ebfea7ce2d15dbd8f163ec818657ead3663acb6511bd9560.pdf
Does the municipality have a system in place to prepare for and respond to emergencies?,"and local level planning and implementation. NPC was provided with technical support for development of 
mainstreaming guideline for disaster risk reduction and climate change adaptation.  Technical support was 
provided to Kirtipur municipality and Lalitpur Sub Metropolitan City, which resulted into formalization of e-","episode) and on 30th Nov, 2016 (second episode). 
Technical support to the National Planning Commission  (NPC) on mainstreaming disaster risk 
reduction in national level planning and implementation process led to a study on ""Risk informed 
planning"" ensuring issues of disaster and climate risk management are well addressed in the",10b495d541bde688ebfea7ce2d15dbd8f163ec818657ead3663acb6511bd9560.pdf,10b495d541bde688ebfea7ce2d15dbd8f163ec818657ead3663acb6511bd9560.pdf
Does this program have something to do with prioritizing areas that are more at risk from natural disasters?,"BPS by both the institutions towards improved governance in safer construction practices. The programme 
supported the Department of Soil Conservation and Watershed Management (DSCWM) for development of 
IT based watershed prioritization which helps the department and district agencies to prioritize the","DPNet : Disaster Preparedness Network 
DSCWM : Department of Soil Conservation and Watershed Management 
DWIDP : Department of Water Induced Disaster Prevention 
e-BPS : Electronic Building Permit System 
ECHO : European Commission's Humanitarian aid and Civil Protection Department 
EECDRM : Energy, Environment, Climate Change and Disaster Risk Management Unit 
of UNDP Nepal",10b495d541bde688ebfea7ce2d15dbd8f163ec818657ead3663acb6511bd9560.pdf,10b495d541bde688ebfea7ce2d15dbd8f163ec818657ead3663acb6511bd9560.pdf
,"watersheds/sub-watersheds for resource allocation and interventions. Support to the Department of 
Hydrology and Meterology (DHM) was continued in 2016 which resulted in establishment of Community 
based Early Warning System in Maadi, Chitwan and Surkhet. Besides, other support such as Digital Elevation","system of DHM. 
100% BCPR-
SWE 5,852   
    
                  
Activity 3.1.4: Assess and 
install a community based 
early warning system in 
one sub watershed and link 
with DEOC/REOC and 
NEOC- Surkhet 
Installation of 
telemetric 
stations in Sot 
Khola sub-
watershed, 
Surkhet (as per 
the assessment - 
see activity 
below) and 
Capacity 
Building 
Training for the 
Community 
(GESI",10b495d541bde688ebfea7ce2d15dbd8f163ec818657ead3663acb6511bd9560.pdf,10b495d541bde688ebfea7ce2d15dbd8f163ec818657ead3663acb6511bd9560.pdf
Does it have something to do with making sure disaster management planning is ongoing even after the project is finished?,"Model (DEM) development for Maadi and Tsho Rolpa, 3 days weather forecast and website upgrade were 
also provided to DHM. Thus, capacities of different ministries and departments have been enhanced for 
improved DRM planning and implementation.  
 
7.5 Sustainability    
The project continued its effort to implement its activities with prime objective to institutionalize the key","The key progress made in 2016 under Community based Climate  Risk Management initiatives in Dolakha 
and Surkhet (under ICRMP, Sweden-UNDP) are as mentioned below: 
• Consultations with DHM were held to provide technical support for improved database 
administration and Geospatial data analysis. A high resolution Digital Elevation Model (DEM) of Riu-",10b495d541bde688ebfea7ce2d15dbd8f163ec818657ead3663acb6511bd9560.pdf,10b495d541bde688ebfea7ce2d15dbd8f163ec818657ead3663acb6511bd9560.pdf
How do local groups help with disaster planning in smaller areas around here?,"achievements at community, institutional and policy level. Local committees namely Community based 
Disaster Risk Management Committees and Local Disaster Risk Management Committees have been formed 
as per prevailing policy framework of the GoN and have been registered in the respective VDCs. These","(NRRC) Flagship Area 5:  Policy and Institutional Support for Disaster Risk Management, has been 
supporting the GoN in policy and institutional systems as well as to enhance communities' resilience 
to manage the effects of disaster and climate risks. The support has been even more relevant in the",10b495d541bde688ebfea7ce2d15dbd8f163ec818657ead3663acb6511bd9560.pdf,10b495d541bde688ebfea7ce2d15dbd8f163ec818657ead3663acb6511bd9560.pdf
Does that plan of action involve coordinating with emergency teams outside the government?,"committees have been capacitated with different technical and social trainings and have owned their plan of 
actions. Support provided to MoHA and other ministries and NPC belonged to the national legal and policy 
initiatives which have inherently been owned by the GoN. EOC network established and supported in 54","network in 
country 
Network of 
56 EOCs 
functional 
Further 
support 
need based 
3 EOCs: 
NEOC, 
Surkeht 
REOC and 
Sindhupalch
owk DEOC 
supported 
with IT 
Person 
All EOCs 
functioning 
at varying 
degrees. 
EOCs have 
been 
supported 
with IT, 
logistic, and 
Reports",10b495d541bde688ebfea7ce2d15dbd8f163ec818657ead3663acb6511bd9560.pdf,10b495d541bde688ebfea7ce2d15dbd8f163ec818657ead3663acb6511bd9560.pdf
Do local governments have a system in place to deal with emergencies and disasters?,"districts across the country has already been taken up under MoHA's NEOC functions. The programme's 
initiatives to facilitate NBC implementation in Kathmandu Valley have been well taken up by the 
municipalities and Kathmandu Valley Development Authority. Electronic building permit system (e-BPS) has","initiated under CBDMA II in 2016: 
• Electronic Building Permit System (e-BPS) learning documentation has been completed, which is 
based on the intervention and experience with KMC, LSMC and Kirtipur Municipality. 
• Learning on the process of Risk Sensitive Land Use Plan development and implementation by 
Kathmandu Valley Development Authority/MoUD has been documented.",10b495d541bde688ebfea7ce2d15dbd8f163ec818657ead3663acb6511bd9560.pdf,10b495d541bde688ebfea7ce2d15dbd8f163ec818657ead3663acb6511bd9560.pdf
What happened with these new urban plans for Kathmandu that got approved?,"been formally operationalized by Kirtipur municipality and Lalitpur Sub Metropolitan city in 2016, 
Kathmandu Metropolitan City had formalized in 2015. Ministry of Urban Development has approved the 
Retrofitting guidelines and RSLUP of Kathmandu Valley, project's housing designs have been included in the","process during 2016 as well. 
• Study carried out by the project in 2012/13 - Urban Growth Trend and Hazards in Kathmandu 
Valley was relevant for development for RSLUP for Kathmandu Valley. The RSLUP experience from 
Kathmandu Valley became a knowledge base for developing RSLUP guidelines in Nepali for all the",10b495d541bde688ebfea7ce2d15dbd8f163ec818657ead3663acb6511bd9560.pdf,10b495d541bde688ebfea7ce2d15dbd8f163ec818657ead3663acb6511bd9560.pdf
How do communities that have been affected by a disaster get help to rebuild in a way that's safer for people?,"DUDBC's design catalogues. Support for safer reconstruction has been done to the municipalities and 
municipalities are progressing towards assurance of continuity of the interventions.  
7.6 South-South and Triangular Cooperation  
A team of seven persons (one each from MoHA/NEOC, MoFALD, MoUD, TU -CDES, and NEA and two from","by MoUD further reviewed the submitted design s and final 15 designs have been submitted to MoUD for 
endorsement and inclusion in the Housing Technology Catalogue Volume -II in order to support safer re -
construction in the EQ affected districts. Moreover, UNDP/CDRMP also supported DUDBC in finalization  of",10b495d541bde688ebfea7ce2d15dbd8f163ec818657ead3663acb6511bd9560.pdf,10b495d541bde688ebfea7ce2d15dbd8f163ec818657ead3663acb6511bd9560.pdf
Is that project related to getting different groups of people to work together to respond to disasters?,"UNDP) visited China to attend a learning workshop under ""Sharing and Learning on Community Based 
Disaster Management in Asia (CBDM Asia)"" project of China. The wo rkshop aimed to enhance experience 
sharing of Phase I and explore the essential challenges, requirements and opportunities of multi-stakeholder","Community Based Disaster Management in Asia Phase II. Two teams of de legates visited China in 2016 to 
share and learn different aspects of CBDM. First team of 7 members (MoHA, UNDP and CBDRMCs) 
participated in experience sharing workshop in Chengdu from 28 -29 June. Another team of 8 members 
(MoHA, UNDP, UNRCO, NEA, Nepal Army, OMPCM, Redcross) visited in October 2016. Similarly, a team of 7",10b495d541bde688ebfea7ce2d15dbd8f163ec818657ead3663acb6511bd9560.pdf,10b495d541bde688ebfea7ce2d15dbd8f163ec818657ead3663acb6511bd9560.pdf
How do different countries typically work together on disaster prevention and response efforts?,"partnership in future. Representatives from the Government, UNDP, University, professional institutions of 
Nepal, China and Bangladesh and DFID UK attended the workshop. The participants from the three countries 
shared their learning and experiences on D/CRM. The participants from Nepal shared their experiences and","closely with the government. Thus, the learning from the workshop including field visits would be beneficial 
in upcoming recovery and reconstruction planning and implementation in Nepal. 
UNDP China with support from DFID has been supporting Nepal for improved D/CRM planning and 
implementation through exchange of knowledge and experiences with China, Bangladesh and UK under",10b495d541bde688ebfea7ce2d15dbd8f163ec818657ead3663acb6511bd9560.pdf,10b495d541bde688ebfea7ce2d15dbd8f163ec818657ead3663acb6511bd9560.pdf
What kind of help did the government and other groups give to people whose homes were destroyed in the earthquake?,"learning of April 25 Earthquake and response -recovery-reconstruction effort that had been taken by the 
government and other actors. The field visit to 2008 earthquake hit areas provided extended opportunities 
December, 2016 ANNUAL PROGRESS REPORT 
 
36 | P a g e  
 
  
to learn on different aspects of recovery, reconstruction and relocation of affected families. Lea rnings also","the April 2015 earthquake, the project mobilized additional resources for facilitating the process of 
reconstruction in Dolakha, Sindhupalchowk, Kavre and Gorkha districts through awareness raising 
campaigns and building capacity of municipalities, local masons and working engineers on safer 
construction in line with own er driven reconstruction  model as conceived by the Government.",10b495d541bde688ebfea7ce2d15dbd8f163ec818657ead3663acb6511bd9560.pdf,10b495d541bde688ebfea7ce2d15dbd8f163ec818657ead3663acb6511bd9560.pdf
How do ordinary people fit in with bigger plans for recovery after a disaster happens?,"provided some insights about the participation of the community people on post disaster reconstruction 
process that was also embedded with mitigation and preparedness initiatives for DRM. The participants of 
the workshop are officials, research ers and experts who are involved in the field of D/CRM and working","level rather than just outputs from the implemented activities. Support to vulnerable communities 
associated in Local Disaster Risk Man agement Committee for their plan (LDRMP) preparation and 
implementation and capacity building effort involve local stakeholders like VDCs, DDCs and other 
government and non -government actors, which ultimately lead to improved DRM at local levels by all",10b495d541bde688ebfea7ce2d15dbd8f163ec818657ead3663acb6511bd9560.pdf,10b495d541bde688ebfea7ce2d15dbd8f163ec818657ead3663acb6511bd9560.pdf
Does Nepal have some kind of plan in place to help areas rebuild after a disaster?,"closely with the government. Thus, the learning from the workshop including field visits would be beneficial 
in upcoming recovery and reconstruction planning and implementation in Nepal. 
UNDP China with support from DFID has been supporting Nepal for improved D/CRM planning and 
implementation through exchange of knowledge and experiences with China, Bangladesh and UK under","partnership in future. Representatives from the Government, UNDP, University, professional institutions of 
Nepal, China and Bangladesh and DFID UK attended the workshop. The participants from the three countries 
shared their learning and experiences on D/CRM. The participants from Nepal shared their experiences and",10b495d541bde688ebfea7ce2d15dbd8f163ec818657ead3663acb6511bd9560.pdf,10b495d541bde688ebfea7ce2d15dbd8f163ec818657ead3663acb6511bd9560.pdf
,"Community Based Disaster Management in Asia Phase II. Two teams of de legates visited China in 2016 to 
share and learn different aspects of CBDM. First team of 7 members (MoHA, UNDP and CBDRMCs) 
participated in experience sharing workshop in Chengdu from 28 -29 June. Another team of 8 members 
(MoHA, UNDP, UNRCO, NEA, Nepal Army, OMPCM, Redcross) visited in October 2016. Similarly, a team of 7","UNDP) visited China to attend a learning workshop under ""Sharing and Learning on Community Based 
Disaster Management in Asia (CBDM Asia)"" project of China. The wo rkshop aimed to enhance experience 
sharing of Phase I and explore the essential challenges, requirements and opportunities of multi-stakeholder",10b495d541bde688ebfea7ce2d15dbd8f163ec818657ead3663acb6511bd9560.pdf,10b495d541bde688ebfea7ce2d15dbd8f163ec818657ead3663acb6511bd9560.pdf
Do these exchange visits between countries have something to do with helping each other get ready for emergencies?,"members from National Disaster Reduction Center of China (NDRCC) also visited Nepal in December 2016. 
In addition, mid-term review team of two members also visited Nepal in November 2016.  These exchange 
visits have mutually benefitted the three countries towards improved emergency preparedness, response","viii | P a g e  
 
  
NEOC : National Emergency Operation Center 
NGO(s) : Non-Governmental Organization 
NP : Nepal Police 
NPC : National Planning Commission 
NR : Nepalese Rupee 
NRA : National Reconstruction Authority 
NRRC/S : Nepal Risk Reduction Consortium/Secretariat 
NSDRM : National Strategy for Disaster Risk Management 2009 
PDNA : Post Disaster Need Assessment",10b495d541bde688ebfea7ce2d15dbd8f163ec818657ead3663acb6511bd9560.pdf,10b495d541bde688ebfea7ce2d15dbd8f163ec818657ead3663acb6511bd9560.pdf
How do emergency situations like the one mentioned here get planned for in future years?,"and recovery learning. More specifically, learning and experience gained from these visits have been utilized 
in planning and implementation of activities in 2016 and forward planning of 2017 as well.  
 
7.7 Partnerships 
UNDP has continued partnerships with different donor agencies and has mobilized resources for CDRMP","established/acti
vated. 
2016 CDRMP 
 
December, 2016 ANNUAL PROGRESS REPORT 
 
13 | P a g e  
 
  
Progress towards Outcome 7:  
 
UNDP through CDRMP has been supporting the National Planning Commission for better integration of 
Disaster and Climate Risk Management in sectoral planning and implementation. A study  carried out by",10b495d541bde688ebfea7ce2d15dbd8f163ec818657ead3663acb6511bd9560.pdf,10b495d541bde688ebfea7ce2d15dbd8f163ec818657ead3663acb6511bd9560.pdf
Did the project get funding from any organizations that weren't partners from the start?,"activities implementation in 2016. Besides its own resources (TRAC, CPR TTF), DFID, GoJ, ECHO, RoK-UNDP, 
Baidu Foundation, CDBMA/DFID were the principal par tners that provided financial resources for project 
implementation.  ECHO funding was new one mobilized in 2016 for supporting National Reconstruction 
Authority in safer reconstructions in 10 VDCs of Sindhupalchowk and Dolakha.","ECHO 6,500   
    
1.2:Carry out community 
consultation meetings at 
VDC level to formulate an 
inclusive reconstruction 
plan at VDC level.  
  Community 
consultation 
meeting has 
been conducted 
in all 5 VDCs of 
Sindhupalchowk 
and the 
preliminary data 
of RAP has been 
collected but in 
case of Dolakha 
(5VDC) this has 
been remained 
75% ECHO 6,000       
  ECHO 3,000",10b495d541bde688ebfea7ce2d15dbd8f163ec818657ead3663acb6511bd9560.pdf,10b495d541bde688ebfea7ce2d15dbd8f163ec818657ead3663acb6511bd9560.pdf
How does a project like this typically work with local government agencies?,"Project was implemented under overall guidance and oversight of Project Executive Board (involving MoHA, 
MoFALD, MoUD, NPC, MoF, MoAD as board members). Project executed its annual plan of activities in close 
consultation and collaboration with concerned departments, district level agencies, municipalities for","and lessons 
learnt compiled 
from 2 dist 
Video 
documentary 
and Photo story 
done 
100% 
MOFATK
OREA 4,520       
MOFATK
OREA 5,000   
    
3.9 Organize coordination 
meetings and interactions 
for collaboration among 
concerned line agencies 
and stakeholders on 
project activities 
At least 10 
interaction 
meetings (i.e. 
DPCC, DDRC) 
conducted at 
National/ 
District/ VDC 
level 
Meetings",10b495d541bde688ebfea7ce2d15dbd8f163ec818657ead3663acb6511bd9560.pdf,10b495d541bde688ebfea7ce2d15dbd8f163ec818657ead3663acb6511bd9560.pdf
Does working with local organizations and training people on-site help with rebuilding after a disaster?,"increased efficiency and effectiveness. Partnership with CTEVT for building capacities of masons and 
engineers in safer construction/reconstructions, that with TU -CDES and NASC for capacity building of 
officials and practitioners, that with Nepal Engineers Association, Institute of Engineering and other national","Development 
Planning"" 
carried out as a 
technical 
support to NPC. 
100% 
TRAC-
2015-PO 5,467   
    
Consultations meetings for 
study/review 
TRAC 34       
TRAC 327       
TRAC 6,509       
TRAC 154   
    
Capacities of 
CTEVT's 
Trainers 
(140) 
enhanced 
and local 
masons 
(280) 
trained on 
safe 
construction 
in post EQ 
2015 
scenario 
(ATLAS 
Activity 2) 
Support to enhance",10b495d541bde688ebfea7ce2d15dbd8f163ec818657ead3663acb6511bd9560.pdf,10b495d541bde688ebfea7ce2d15dbd8f163ec818657ead3663acb6511bd9560.pdf
What role did some of these organizations play in studying the impact of natural disasters in certain areas?,"NGOs were done for better implementation of the project. The partnerships with Institute of Animal and 
Agriculture Science (IAAS) resulted into researches related to cli mate risks management and that with TU -
MERU resulted into study on landslide hazards in two of the EQ 2015 affected districts..","agencies, 
Government 
department
s; 
     
 Expected 
Result 3.2: 
Improved 
humanitaria
n 
coordinatio
n and 
cooperation 
in response 
to floods, 
landslides, 
earthquakes 
and 
accidental 
3.1 Create opportunities for 
research, technology and 
knowledge transfer 
between Korean and 
Nepalese research and 
academic institutes 
(students, researchers, etc.) 
1 LoA with IAAS 
for thesis",10b495d541bde688ebfea7ce2d15dbd8f163ec818657ead3663acb6511bd9560.pdf,10b495d541bde688ebfea7ce2d15dbd8f163ec818657ead3663acb6511bd9560.pdf
How do different organizations work together to help communities rebuild after a disaster?,"In addition, interagencies collaborations within UN system was also followed. Project has discussed 
collaboration with UN Habita t for reconstruction project implementation, wider consultations were 
undertaken with UN agencies: UN Women, UNFPA, UNICEF, FAO, UNRCO for national level strategy 
formulation, conducting strategies and strengthening institutional capacities at different level.","and recovery learning. More specifically, learning and experience gained from these visits have been utilized 
in planning and implementation of activities in 2016 and forward planning of 2017 as well.  
 
7.7 Partnerships 
UNDP has continued partnerships with different donor agencies and has mobilized resources for CDRMP",10b495d541bde688ebfea7ce2d15dbd8f163ec818657ead3663acb6511bd9560.pdf,10b495d541bde688ebfea7ce2d15dbd8f163ec818657ead3663acb6511bd9560.pdf
Do they also make sure the local communities are involved in helping with disaster situations somehow?,"These partnerships have fostered the capacities of government institutions towards delivering technical 
services on D/CRM in long run. 
 
December, 2016 ANNUAL PROGRESS REPORT 
 
37 | P a g e  
 
  
7.8 Promotion of Civic Engagement 
Civic engagement has been promoted through project implementation at different levels. Local communities","7.7 Partnerships 36 
7.8 Promotion of Civic Engagement 37 
7.9 Expanding opportunities for youth 37 
7.10 Innovation 37 
7.11 Knowledge Management and Products 37 
7.12 Monitoring and Evaluation 38 
8. LESSON LEARNED 39 
9. IMPLEMENTATION ISSUES AND CHALLENGES 40 
10. A SPECIFIC STORY 40 
11. PRIORITIES FOR 2017 42 
12. ISSUES AND RISK LOGS 43 
13. PROGRESS AGAINST ANNUAL WORK PLAN 47",10b495d541bde688ebfea7ce2d15dbd8f163ec818657ead3663acb6511bd9560.pdf,10b495d541bde688ebfea7ce2d15dbd8f163ec818657ead3663acb6511bd9560.pdf
How do communities that are more likely to be affected by natural disasters get involved in planning and managing projects to help them prepare for those risks?,"and groups who are vulnerable to climate and disaster risks have bee n involved in project planning, 
implementation and monitoring through the projects. Local NGOs and CBOs were selected for delivering 
project activities through contractual services as well as through Micro -Capital Grants (MCGs). Women","share the key achievement and lessons learnt. 16 CBOs developed their capacity to implement 
project interventions related to integrated climate risk management and livelihood promotion. A 
better linkage with local and district level agencies was found to be developed. As per the CBOs, 
Tanks constructed with project support, Lekhgaun 
Drinking Water Scheme, Lekhgaun, Surkhet",10b495d541bde688ebfea7ce2d15dbd8f163ec818657ead3663acb6511bd9560.pdf,10b495d541bde688ebfea7ce2d15dbd8f163ec818657ead3663acb6511bd9560.pdf
How did the people involved in making decisions about the project make sure they got input from the community?,"Networks, Forest User  Groups, Ward Citizen Forums and other CBOs were also encouraged in project 
implementation. Local representatives from the political parties, representatives from communities' 
groups/networks were also consulted at different stages of project implementatio n. National NGOs and","consultations 
have been 
carried out to 
enable 
environment for 
project 
implementation 
 
Jan 2011 
 
Nov 2016  
 
No change 
2 Poor 
ownership 
and 
coordination 
among 
various IPs 
and end 
users 
Political 
 
 
 
 
Unsustainable 
results due to 
lack of ability 
to 
adjust/direct 
the 
programme 
results 
towards the 
needs 
 
 
P = 2 
Regular 
consultations/co
ordination",10b495d541bde688ebfea7ce2d15dbd8f163ec818657ead3663acb6511bd9560.pdf,10b495d541bde688ebfea7ce2d15dbd8f163ec818657ead3663acb6511bd9560.pdf
Are there some kind of groups or programs for young people that help them get involved in disaster management in their communities?,"Consulting Firms as well as international service providers were also involved in project implementation. 
 
7.9 Expanding opportunities for youth 
Youth have also involved and benefited through project activities. ECO -DRR clubs have been for med in 
Dolakha, Sindhupalchowk, Chitwan and Surkhet districts and students and teachers are capacitated through","consultations 
have been 
carried out to 
enable 
environment for 
project 
implementation 
 
Jan 2011 
 
Nov 2016  
 
No change 
2 Poor 
ownership 
and 
coordination 
among 
various IPs 
and end 
users 
Political 
 
 
 
 
Unsustainable 
results due to 
lack of ability 
to 
adjust/direct 
the 
programme 
results 
towards the 
needs 
 
 
P = 2 
Regular 
consultations/co
ordination",10b495d541bde688ebfea7ce2d15dbd8f163ec818657ead3663acb6511bd9560.pdf,10b495d541bde688ebfea7ce2d15dbd8f163ec818657ead3663acb6511bd9560.pdf
What kind of programs are there to educate kids about preparing for and responding to disasters?,"different DRR-CCA sensitization activities. In 2016, around 160 students from 15 schools were oriented on 
disaster risk reduction and environmen tal conservation activities. Students, children, youth have been 
encouraged to participate in awareness raising activities on safer reconstruction in EQ affected districts","and aired through Nepal TV for wider dissemination. With lead role of National Planning 
Commission, a Mainstreaming Guideline for Disaster Risk Reduction and Climate Change Adaptation 
(DRR-CCA) has been drafted in a participatory manner after regional consultations carried out for 
all the five development regions since 2014 and a  national workshop in Sep 2016. A study was",10b495d541bde688ebfea7ce2d15dbd8f163ec818657ead3663acb6511bd9560.pdf,10b495d541bde688ebfea7ce2d15dbd8f163ec818657ead3663acb6511bd9560.pdf
What role do local people play in making sure buildings are safe after a really bad event?,"through Mobile Van Technological Clinics (MTC) and house-to-house campaigns by project's Aawas Nirman 
Saathi (trained masons). Local youths have also been trained as ""masons"" from the EQ affected districts to 
contribute for safer reconstructions towards building resilient communities. 
 
7.10 Innovation","Ten Awas 
Nirman 
Saathi 
(trained 
masons with 
social skills) 
and two 
Mobile 
Clinics reach 
out to 
affected 
households 
to facilitate 
their 
construction 
plans to be 
consistent 
with build 
back better 
principles  
(ATLAS 
Activity 3) 
3.1: Selection, orientation 
and deployment of Awas 
Nirman Saathis (trained 
masons with social skills) 
to 10 VDCs   
10 ANS has been 
selected,",10b495d541bde688ebfea7ce2d15dbd8f163ec818657ead3663acb6511bd9560.pdf,10b495d541bde688ebfea7ce2d15dbd8f163ec818657ead3663acb6511bd9560.pdf
Did they figure out a way to use new technologies to help rebuild places that were damaged?,"7.10 Innovation 
Several innovative works were carried out in 2016. T echnological research and demonstration for 
supporting reconstruction in the EQ affected districts  were carried out through four different initiatives 
namely (i) construction of prototype for GI contained stone masonry building, (ii) construction of prototype","could reach about 2,000 HHs in 54 VDCs of Sindhupalchowk. 
Similarly, technological research and demonstration for 
supporting reconstruction in the EQ affected districts, piloting 
of four different initiatives namely (i) construction of 
prototype for GI contained stone masonry building, (ii) 
construction of prototype for Compressed Stabilized Earthen",10b495d541bde688ebfea7ce2d15dbd8f163ec818657ead3663acb6511bd9560.pdf,10b495d541bde688ebfea7ce2d15dbd8f163ec818657ead3663acb6511bd9560.pdf
What's the approach they're using to rebuild or reorganize communities affected by the disaster in that specific area?,"for Compressed Stabilized Earthen Block (CSEB), (iii) upcycled Debris Block preparation and (iv) re -
clustering of settlement . The fourth one is  for developing re -clustering approach and process manual to 
support the Government of Nepal.  The concept has been piloted in Majhigaun, Melamchi area of","Block (CSEB), (iii) upcycled Debris Block preparation and (iv) 
re-clustering of settlement have been successfully completed 
and the results are going to be disseminated. The fourth one 
is about the innovative idea, for developing re -clustering 
approach and process manual by the Government of Nepal.  
The concept has been piloted in Majhigaun, Melamchi area of 
Sindhupalchowk district.",10b495d541bde688ebfea7ce2d15dbd8f163ec818657ead3663acb6511bd9560.pdf,10b495d541bde688ebfea7ce2d15dbd8f163ec818657ead3663acb6511bd9560.pdf
Is there a way to assess how safe buildings are in certain areas before another earthquake hits?,"Sindhupalchowk district. Furthermore, a mobile based App has also been piloted to track reconstruction in 
EQ affected district and is being revised for approval and scale up. Development of a tool ""Rapid Vulnerability 
Assessment of building s” has also been initiated  in Kathmandu Valley  to facilitate assessment of existing 
buildings and future planning toward EQ safety in the valley.","context of post -Earthquake (EQ) 2015. The project activities have been carried out in Gorkha, 
Sindhupalchowk, Kavre and Dolakha districts in addition to t he Kathmandu Valley in awareness raising, 
technology research and demonstration, and providing institutional support to the municipalities. The key 
achievements made in 2016 have been briefed below.",10b495d541bde688ebfea7ce2d15dbd8f163ec818657ead3663acb6511bd9560.pdf,10b495d541bde688ebfea7ce2d15dbd8f163ec818657ead3663acb6511bd9560.pdf
Do they have some kind of system in place for sharing information with people after a disaster has happened?,"7.11 Knowledge Management and Products  
 
CDRMP's results and achievements have been disseminated with a wider level audiences through different 
ways. Project progress and achievements have been shared in different level of workshops and sharing 
events. Moreover, success stories, event news, photo stories and others have been produced and","hes, other 
reports, 
database 
updated 
different 
documents/publ
ications printed 
out for different 
components. 
  TRAC 1,996   
    
Activity 7.3 National 
workshop for Achievement 
sharing of CDRMP  
1 sharing 
workshop moved for 2017   TRAC 3,000   
    
        TRAC -42       
Activity 7.4 Consulation 
meeting for next phase  
project formualtions  
Consultations/m
eetings-
workshops",10b495d541bde688ebfea7ce2d15dbd8f163ec818657ead3663acb6511bd9560.pdf,10b495d541bde688ebfea7ce2d15dbd8f163ec818657ead3663acb6511bd9560.pdf
"Did they, like, use any social media to help share information about the response to the earthquake?","disseminated including posting in UNDP website, Facebook, twitter, etc. 
A study was carried out on ""Gorkha Earthquake 2015: Response and Learning"" and book has been printed 
to share with wider audiences. Simi larly, two episodes of Video -Documentary (Gorkha Earthquake: 
December, 2016 ANNUAL PROGRESS REPORT 
 
38 | P a g e","Ministry of Home Affairs (MoHA) and in consultation with all DRR stakeholders including donors 
and development partners. A study report on ""Gorkha Earthquake 2015: Learning and Experience"" 
has been printed and to better communicate the learning and experience, two episodes of Video 
Documentary have also been developed and aired by Nepal Television on 15th October, 2016 (first",10b495d541bde688ebfea7ce2d15dbd8f163ec818657ead3663acb6511bd9560.pdf,10b495d541bde688ebfea7ce2d15dbd8f163ec818657ead3663acb6511bd9560.pdf
What kind of follow-up actions were done after the emergency to help communities recover and rebuild?,"38 | P a g e  
 
  
Response and Learning Vol I & II) have been produced to share what went well and what didn't during 
response to the EQ 2015.  
A video documentary, a photo story and 10 short videos for You Tube h ave also been produced for 
dissemination of the achievements of the project - Fast Tracking MDGs and Safeguarding Development Gains","2015: 
Response 
and 
Learning"" 
carried out, 
two volumes 
of Video -
documentar
y developed, 
aired by 
Nepal TV 
Study 
""Gorkha EQ 
2015: 
Response 
and 
Learning"" 
carried out, 
two 
volumes of 
Video-
documentar
y 
developed, 
aired by 
Nepal TV 
Study 
report/print
ed, Video -
documentar
y 
December, 2016 ANNUAL PROGRESS REPORT 
 
15 | P a g e  
   
Project Output 
statement",10b495d541bde688ebfea7ce2d15dbd8f163ec818657ead3663acb6511bd9560.pdf,10b495d541bde688ebfea7ce2d15dbd8f163ec818657ead3663acb6511bd9560.pdf
Are those community groups involved in disaster preparedness also producing educational materials?,"funded by the Republic of Korea. Two books, one each for Maadi, Chitwan and Sindhukhola Chitwan have 
been printed out and be ing distributed to reflect different activities accomplished under MCG by the 
CBOs/CBDRMCs.  
Different publications and IEC materials have been produced on safer construction practices.  A book on","2016:  
• Awareness raising on earthquake and safe construction practices in EQ affected districts, Gorkha, 
Sindhupalchowk and Dolakha have been effective to motivate local people for adoption of safe 
construction practices for reconstruction. It has also created enabled environment for project 
implementation. 
• Implementation of project activities under MCG through LDRMCs/CBDRMCs/Women",10b495d541bde688ebfea7ce2d15dbd8f163ec818657ead3663acb6511bd9560.pdf,10b495d541bde688ebfea7ce2d15dbd8f163ec818657ead3663acb6511bd9560.pdf
Does that mobile technology project have something to do with helping people who've been affected by natural disasters?,"""Urban Growth Trend and Multi-Hazards in Kathmandu Valley"" has been printed and the book was launched 
on 28 Nov 2016 by Honorable Arjun Narsi ngh KC, the Minster for Urban Development. Mobile Technology 
Clinics (Mobile Van Initiatives) have been organized in over 100 VDCs of Gorkha, Sindhupalchowk and","beneficiaries of  on-the-job-training of  450 local artisans/masons leading to construction of 40 
Technology Demonstration Houses . Awareness raising on safer reconstruction has reached about 
2475 people through mobile technology clinics (MTC). 
 
  
2. BACKGROUND AND RATIONALE 
 
Nepal is exposed to risks from a range of natural hazards and human induced disasters. More than",10b495d541bde688ebfea7ce2d15dbd8f163ec818657ead3663acb6511bd9560.pdf,10b495d541bde688ebfea7ce2d15dbd8f163ec818657ead3663acb6511bd9560.pdf
Are there some guidelines or resources being shared with people in the area for building safer structures?,"Dolakha districts. For such clinics different IEC materials on safer construction have been produced and 
being distributed to local people, CBOs, civil society organizations and practitioners. 
Project progress and different IEC materials, publications have been uploaded in the project website: 
www.undp.np/cdrmp as well.","Melamchi 
municipality 
(earlier 
Sindhukot and 
Bansbari VDCs), 
10 VDCs 
(Kalinchowk, 
Lamidanda, 
Babare, Lapilang 
and 
Khopachagu, 
Marbu, Khare, 
Suri, Jhayku, 
Chankhe) in 
Dolakha 
supported with 
CBDRM 
activities. 10 
LDRMPs in 
Dolakha 
reviewed/prepa
red. 
Output 7.4 National 
preparedness and 
emergency systems 
are able to 
effectively prepare 
for and respond to 
hazard-related",10b495d541bde688ebfea7ce2d15dbd8f163ec818657ead3663acb6511bd9560.pdf,10b495d541bde688ebfea7ce2d15dbd8f163ec818657ead3663acb6511bd9560.pdf
How do local governments typically get the word out about important updates or projects that they're working on?,"www.undp.np/cdrmp as well. 
Event news on project interventions, events are disseminated through UNDP websites, face book, twitter etc. 
Some of the have been given below: 
 
 
1. Launch of eBPS by Lalitpur Sub Metropolitan City 
http://kathmandupost.ekantipur.com/news/2016-12-17/lalitpur-launching-e-bps-starting-
today.html","UNDP/CDRMP has been supporting KMC and LSMC for 
electronic-building permit system (eBPS) since 2012. KMC 
formally launched the system in 2015. The project continued 
support to Lalitpur Sub -metropolitan city and in addition to 
Kirtipur municipality as well in establishment of electronic -
building permit system (eB PS). Both the municipalities have",10b495d541bde688ebfea7ce2d15dbd8f163ec818657ead3663acb6511bd9560.pdf,10b495d541bde688ebfea7ce2d15dbd8f163ec818657ead3663acb6511bd9560.pdf
How do they usually share information with farmers to help them deal with extreme weather conditions?,"today.html 
 
 
2. Dissemination of Dissemination of Krish Apps for farmers to access information on 
climate resilient cropping techniques, etc.  
http://www.aawajonline.com/flash-news-newsarticle.php?id=421#sthash.4DR7Gdx4.dpuf 
http://np.karobardaily.com/2016/05/85775/#sthash.r1TcuMAW.eEFqYWhK.gbpl&st_refDomain
=www.facebook.com&st_refQuery=","collection center 
in Maadi, 
Chitwan estd 
and linked to 
market 
Collection 
Center 
established in 
Maadi, Chitwan 
100% 
MOFATK
OREA 750       
MOFATK
OREA 3,500       
MOFATK
OREA 5,262   
    
1.3 Distribute climate 
resilient seed varieties to 
selected farmers & support 
/ practice for crop 
insurance  
1000 Farmers 
50 Quintal 
Climate reslient 
seeds 
distributed to 
farmers",10b495d541bde688ebfea7ce2d15dbd8f163ec818657ead3663acb6511bd9560.pdf,10b495d541bde688ebfea7ce2d15dbd8f163ec818657ead3663acb6511bd9560.pdf
What kind of systems are in place to alert communities in areas prone to natural disasters?,"=www.facebook.com&st_refQuery= 
 
 
3. Installation of Community based Early Warning System (CBEWS) 
http://narayanionline.com/archives/6745 
 
4. Drinking Water Supply Scheme supported by CDRMP in Lekhgaun, Surkhet 
http://www.annapurnapost.com/news/54884 
 
5. MTOT for Engineers for Safer Construction practices","87 | P a g e  
 
  
 
 
 
 
 
 
 
 
 
  
 
Community based Early Warning System, Riu-khola, Maadi, 
Chitwan 
Masons in practical session of safer construction training, 
Maadi, Chitwan 
Community based Early Warning System, Riu-khola, Maadi,",10b495d541bde688ebfea7ce2d15dbd8f163ec818657ead3663acb6511bd9560.pdf,10b495d541bde688ebfea7ce2d15dbd8f163ec818657ead3663acb6511bd9560.pdf
Doesn't the project have some system in place for checking how things are going and making adjustments if needed?,"http://www.np.undp.org/content/nepal/en/home/operations/projects/environment_and_energy
/cdrmp/news/ 
 
7.12 Monitoring and Evaluation  
Monitoring of the project activities is being done on regular basis and it involves communities, donor 
representatives as well as stakeholders. Monitoring was carried out on regular and periodic basis by CDRMP","The Ministry of Home Affairs and other ministries and departments have been the main agencies of 
the Government of Nepal to reduce the disaster risks in Nepal in collaboration with development 
partners. In this context, CDRMP was launched in 2011 with an aim to support th e Government of 
Nepal to strengthen the institutional and legislative aspects of Disaster Risk Management (DRM) by",10b495d541bde688ebfea7ce2d15dbd8f163ec818657ead3663acb6511bd9560.pdf,10b495d541bde688ebfea7ce2d15dbd8f163ec818657ead3663acb6511bd9560.pdf
How do they usually make sure the people helping with the project are actually involved and have a say in its progress?,"staff and staff from UNDP Country Office. During the monitoring visit, government staff and representatives 
December, 2016 ANNUAL PROGRESS REPORT 
 
39 | P a g e  
 
  
from DDC, VDC and CBOs had participated and feedback from the monitoring were utilized in the project 
implementation.  
In 201 6, CDRMP carried out review of results of the MDGTFI project implemen ted in Chitwan and","efficient utilization of the project funds. In addition, CDRMP received guidance and supervision from UNDP 
country office for preparation of annual work  plan and budget, tracking expenditures and procurement 
process. The project admin and finance staff visited some of the MCG grantees as well as service providers",10b495d541bde688ebfea7ce2d15dbd8f163ec818657ead3663acb6511bd9560.pdf,10b495d541bde688ebfea7ce2d15dbd8f163ec818657ead3663acb6511bd9560.pdf
Was there something about working with local organizations to prepare for emergencies in that region?,"Sindhupalchowk districts. In addition, CDRMP implemented some of applicable recommendations received 
from the two interventions: (i) Evaluation of the partnership with Nepal Administrative Staff College (NASC), 
Local Development Training  Academy (LDTA) and Tribhuvan University Central Department of","Under this component,  CDRMP continued its support to the government of Nepal, especially the National 
Reconstruction Authority (NRA) for safer reconstruction in Sindhupalchowk and Dolakha, the two of most-
hard hit districts by EQ 2015, with funding support from ECHO. The project was commenced in the ten VDCs",10b495d541bde688ebfea7ce2d15dbd8f163ec818657ead3663acb6511bd9560.pdf,10b495d541bde688ebfea7ce2d15dbd8f163ec818657ead3663acb6511bd9560.pdf
Did anything specific come out of the project's activities in 2016 that we can learn from?,"Environmental Science (TU -CDES) for assessing the effectiveness of capacity building on D/CRM and 
mainstreaming D/CRM into academia, and (ii) Evaluation of Emergency Operation Centres (EOCs) ne twork 
in 53 districts across the country carried out in 2015.  
 
8. LESSONS LEARNED 
 
The below points are some of the key lesson that project realized during implementation of activities in 
2016:","beneficiaries: at-risk communities from disaster and climate risks and Government institutions, officials and 
others working in D/CRM sectors. In 2016, some additional districts were added to address the post EQ 2015 
context. District Emergency Operation Centers (DEOCs) were added in Gorkha, Nuwakot, Rasuwa an d",10b495d541bde688ebfea7ce2d15dbd8f163ec818657ead3663acb6511bd9560.pdf,10b495d541bde688ebfea7ce2d15dbd8f163ec818657ead3663acb6511bd9560.pdf
"Does it help to have different groups, like the local people and the women, involved in making decisions about rebuilding after a big disaster?","2016:  
• Awareness raising on earthquake and safe construction practices in EQ affected districts, Gorkha, 
Sindhupalchowk and Dolakha have been effective to motivate local people for adoption of safe 
construction practices for reconstruction. It has also created enabled environment for project 
implementation. 
• Implementation of project activities under MCG through LDRMCs/CBDRMCs/Women","the April 2015 earthquake, the project mobilized additional resources for facilitating the process of 
reconstruction in Dolakha, Sindhupalchowk, Kavre and Gorkha districts through awareness raising 
campaigns and building capacity of municipalities, local masons and working engineers on safer 
construction in line with own er driven reconstruction  model as conceived by the Government.",10b495d541bde688ebfea7ce2d15dbd8f163ec818657ead3663acb6511bd9560.pdf,10b495d541bde688ebfea7ce2d15dbd8f163ec818657ead3663acb6511bd9560.pdf
Do you mean that some kind of local group helped people recover from that big earthquake a few years ago?,"Networks/Forest User Groups has been a good learning in terms of their capacities enhancement 
and for sustainability of the project interventions. They were contracted to implement MDGTFI 
project activities through Micro-Capital Grant (MCG). 
• Study on Gorkha Earthquake 2015: Response and Learning has been very useful to understand the","MCG : Micro Capital Grant 
MDG : Millennium Development Goal 
MDGTFI : Millennium Development Goal Trust Fund Initiative 
MEDEP : Micro-Enterprise Development Programme 
M&E : Monitoring & Evaluation 
MEOC : Municipality Emergency Operation Center 
MfDR : Managing for Development Results 
MoAD : Ministry of Agriculture Development 
MoFALD : Ministry of Federal Affairs and Local Development",10b495d541bde688ebfea7ce2d15dbd8f163ec818657ead3663acb6511bd9560.pdf,10b495d541bde688ebfea7ce2d15dbd8f163ec818657ead3663acb6511bd9560.pdf
How do communities typically work with trained professionals after a disaster to help with rebuilding?,"contexts and different ways of response. This will be helpful for government and non-government 
agencies for preparedness, response and recovery planning in the future. 
• Development of trained pool of engineers and masons by the project before and after the EQ 2015 
has been meaningful as the trained engineers and masons have been involved in the reconstruction 
process during 2016 as well.","progress 
up to 2016 
Means of 
verification 
Reconstruction of 
damaged/destroy
ed houses 
undertaken in a 
risk informed   
resilient building 
# No. EQ affected 
districts/VDCs 
covered under 
awareness raising 
on safer buildi ng 
constructions 
# Engineers/ 
masons trained 
 
Very less 
awareness 
outside KV 
Inadequat
e 
engineers/
masons 
trained 
# Awareness 
raising to all 
VDCs in",10b495d541bde688ebfea7ce2d15dbd8f163ec818657ead3663acb6511bd9560.pdf,10b495d541bde688ebfea7ce2d15dbd8f163ec818657ead3663acb6511bd9560.pdf
"Wasn't there a study that looked at growing cities and potential risks in a certain valley in Nepal, and how that might have informed some kind of plan or guidelines?","process during 2016 as well. 
• Study carried out by the project in 2012/13 - Urban Growth Trend and Hazards in Kathmandu 
Valley was relevant for development for RSLUP for Kathmandu Valley. The RSLUP experience from 
Kathmandu Valley became a knowledge base for developing RSLUP guidelines in Nepali for all the","Kathmandu Valley. Due to increased significance after EQ 2015, NBC implementation has begun in Panchkhal 
municipality of Kavre district and Chautara and Melamchi of Sindhupalchowk district. Similarly, Risk 
Sensitive Land Use Plan (RSLUP) has been drafted for Chautara Municipality after the successful completion 
and ownership of RSLUP for KV by Kathmandu Valley Development Authority (KVDA).",10b495d541bde688ebfea7ce2d15dbd8f163ec818657ead3663acb6511bd9560.pdf,10b495d541bde688ebfea7ce2d15dbd8f163ec818657ead3663acb6511bd9560.pdf
Does the government have a direct role in overseeing emergency response systems in these municipalities?,"municipalities in Nepal and is being used for development of RSLUP of Chautara municipality 
•  Project's intervention done jointly with the government agencies has been owned by the 
government system/mechanisms. Examples include formalization of eBPS by KMC, LSMC and 
Kiritpur municipality, increased ownership of EOC network across the country.","Kathmandu Valley. Due to increased significance after EQ 2015, NBC implementation has begun in Panchkhal 
municipality of Kavre district and Chautara and Melamchi of Sindhupalchowk district. Similarly, Risk 
Sensitive Land Use Plan (RSLUP) has been drafted for Chautara Municipality after the successful completion 
and ownership of RSLUP for KV by Kathmandu Valley Development Authority (KVDA).",10b495d541bde688ebfea7ce2d15dbd8f163ec818657ead3663acb6511bd9560.pdf,10b495d541bde688ebfea7ce2d15dbd8f163ec818657ead3663acb6511bd9560.pdf
Is there any plan to expand the use of this building inventory system after the recent disaster?,"• Implementation of e BPS has become even more effective after the earthquake and there has 
already been a huge demand for integrating the entire building inventory of Kathmandu Valley in e 
BPS. E BPS has become an integral part of KMC and will be integrated in ADB supported Municipal 
Administration and Revenue System (MARS) software tool. 
 
December, 2016 ANNUAL PROGRESS REPORT","through 295 events of awareness raising campaigns. They were oriented through various mediums 
including audio-visuals by organizing Mobile Technology Clinics (MTCs) or Mobile Van campaigns.  
Electronic Building Permit System (e -BPS) has been  successfully established  by Lalitpur Sub -
Metropolitan City and Kirtipur Municipality. Kathmandu was the first to launch e-BPS in 2015.",10b495d541bde688ebfea7ce2d15dbd8f163ec818657ead3663acb6511bd9560.pdf,10b495d541bde688ebfea7ce2d15dbd8f163ec818657ead3663acb6511bd9560.pdf
Doesn't it take a while for new safety procedures to become a standard part of how people work?,"December, 2016 ANNUAL PROGRESS REPORT 
 
40 | P a g e  
 
  
9. IMPLEMENTATION ISSUES AND CHALLENGES  
• Institutionalization of an intervention takes time. As NBC and RSLUP are new interventions, 
there is need for continued and sustained efforts. Long term engagement is needed for issues like 
NBC implementation and enforcement.","NBC implementation and enforcement. 
 
• Coordination and collaboration at local level has been a challenge due to a large number of actors 
present at district level in EQ affected districts. 
 
• Wider consultations and involvement of multiple stakeholders in policy level engagement e.g. 
finalization of National Early Recovery Framework, ongoing National DRR Strategic Action Plan",10b495d541bde688ebfea7ce2d15dbd8f163ec818657ead3663acb6511bd9560.pdf,10b495d541bde688ebfea7ce2d15dbd8f163ec818657ead3663acb6511bd9560.pdf
Do we typically involve a lot of different groups in making decisions after a major disaster?,"NBC implementation and enforcement. 
 
• Coordination and collaboration at local level has been a challenge due to a large number of actors 
present at district level in EQ affected districts. 
 
• Wider consultations and involvement of multiple stakeholders in policy level engagement e.g. 
finalization of National Early Recovery Framework, ongoing National DRR Strategic Action Plan","• Formulation of National DRR Policy and Strategic Action Plan, 2017-2030. 
• Finalization of Mainstreaming Guideline for DRR-CCA 
• Completion of activities under CBDMA II activities 
• Completion of activities under ECHO’s “Resilience Communities through BBB” 
• Completion of activities under GoJ supported “NBC implementation in 3 municipalities”",10b495d541bde688ebfea7ce2d15dbd8f163ec818657ead3663acb6511bd9560.pdf,10b495d541bde688ebfea7ce2d15dbd8f163ec818657ead3663acb6511bd9560.pdf
Are there certain steps that have to be taken before the project can even start construction?,"preparations, studies/reviews are taking more time than expected. 
 
• Due to priorities of stakeholders in reconstruction, delay in project implementation and delivery 
were realized.  
 
 
10. A SPECIFIC STORY 
 
Changes brought by the water source conservation and its utilization for drinking water 
purpose by lifting system in Lekhgaun VDC Surkhet","December, 2016 ANNUAL PROGRESS REPORT 
 
41 | P a g e  
 
  
Having to face the scarcity of water, long time, the local people of Lekgaun VDC demanded to prioritize the 
conservation of the water source on Local Disaster Risk Mana gement Plan in 2014. The CDRMP/ICRMP 
project decided to provide financial aid of NRs. 16 lakhs thirty -eight thousand for Lekhgaun Dharapani",10b495d541bde688ebfea7ce2d15dbd8f163ec818657ead3663acb6511bd9560.pdf,10b495d541bde688ebfea7ce2d15dbd8f163ec818657ead3663acb6511bd9560.pdf
Does it get to the point where something has to be done to secure a different water source for those people?,"Lekhgaun Dharapani Drinking water resource located at Lekhgaun VDC ward-9 is a natural water resource 
for all seasons. The local people have been using this source for drinking and irrigation purpose. However, 
for the last few years, they have been complaining that the area parched due to prolong drought that seems 
to be resulting from climate change. As a result, the local people","December, 2016 ANNUAL PROGRESS REPORT 
 
41 | P a g e  
 
  
Having to face the scarcity of water, long time, the local people of Lekgaun VDC demanded to prioritize the 
conservation of the water source on Local Disaster Risk Mana gement Plan in 2014. The CDRMP/ICRMP 
project decided to provide financial aid of NRs. 16 lakhs thirty -eight thousand for Lekhgaun Dharapani",10b495d541bde688ebfea7ce2d15dbd8f163ec818657ead3663acb6511bd9560.pdf,10b495d541bde688ebfea7ce2d15dbd8f163ec818657ead3663acb6511bd9560.pdf
Do they have a system in place to make sure people in the area have access to enough water?,"including the local bodies like schools, VDC office and the health 
post are facing scarcity of drinking water. Women and children 
from this ward are compelled to set aside half an hour to one hour 
twice a day to fetch water. Every day, the students of Shree 
Sarashwoti Higher Secondary School have to fetch drinking water 
for their class room. In 
each class room, the 
school provides a 7-","the drinking water 
supply project in each 
of twenty-four 
households and twenty 
four community taps. A hotel owner Mrs. Khagisara Adhikari 28 
says, “I am very happy to have drinking water facility in my own 
house. It saves my time and has improved sanitation. Now I can 
utilize the extra time to join the cookery classes in Birendranagar so",10b495d541bde688ebfea7ce2d15dbd8f163ec818657ead3663acb6511bd9560.pdf,10b495d541bde688ebfea7ce2d15dbd8f163ec818657ead3663acb6511bd9560.pdf
Does the school have a system for making sure everyone gets a chance to use the water during emergencies?,"each class room, the 
school provides a 7-
liter gallon f or the 
students to fetch 
water turn by turn.  
There are 120 households in the community (Dalit=31, 
Janajati=56 and Others=33); institutions  include: two schools, 
Lekhgaun VDC and one Health Post. Beneficiary population 640 
(Dalit=176, Janajati=287 & Others=177), organizations:","establishment of school garden have collectively 
benefitted about 7,905 people (4028 women and 
3,877 men) from 1,155 HHs of Kunathari, 
Lekhgaun and Gadhi VDCs of Sot khola sub-
watershed in Surkhet. 
• The results and achievements of the project 
activities implemented in the two districts were 
shared with local, district and national stakeholders",10b495d541bde688ebfea7ce2d15dbd8f163ec818657ead3663acb6511bd9560.pdf,10b495d541bde688ebfea7ce2d15dbd8f163ec818657ead3663acb6511bd9560.pdf
Do you know how they figure out the number of people who might need help in case of an emergency in that area?,"Lekhgaun VDC (4 men staff), Health Post ( 10 staff: 4 women & 6 
men ) and Shree Saraswoti Higher Secondary School (5ll: 241 
Girls, 245 Boys and 25 Staffs) in the ward 7,8, 9 & one school i.e Shree Nepal Rastriye Lower Secondary School 
(114: 61 Girls, 48 Boys, 5Staffs) in ward 2.","Dolakha.  
o 1,713 persons (CBDRMCs/LDRMCs/VDC Secretaries) including 914 women have been trained on 
different aspects: livelihood, skills, SAR, First Aid, DRR/CCA, etc. 
o 15 ECO-DRR clubs have been supported/oriented involving 160 students of 15 schools in the ten 
VDCs; ECA guidelines have been prepared for all the clubs.",10b495d541bde688ebfea7ce2d15dbd8f163ec818657ead3663acb6511bd9560.pdf,10b495d541bde688ebfea7ce2d15dbd8f163ec818657ead3663acb6511bd9560.pdf
What kind of support or funding did the community in Lekgaun VDC receive to help with managing a specific risk they were concerned about?,"December, 2016 ANNUAL PROGRESS REPORT 
 
41 | P a g e  
 
  
Having to face the scarcity of water, long time, the local people of Lekgaun VDC demanded to prioritize the 
conservation of the water source on Local Disaster Risk Mana gement Plan in 2014. The CDRMP/ICRMP 
project decided to provide financial aid of NRs. 16 lakhs thirty -eight thousand for Lekhgaun Dharapani","Lekhgaun Dharapani Drinking water resource located at Lekhgaun VDC ward-9 is a natural water resource 
for all seasons. The local people have been using this source for drinking and irrigation purpose. However, 
for the last few years, they have been complaining that the area parched due to prolong drought that seems 
to be resulting from climate change. As a result, the local people",10b495d541bde688ebfea7ce2d15dbd8f163ec818657ead3663acb6511bd9560.pdf,10b495d541bde688ebfea7ce2d15dbd8f163ec818657ead3663acb6511bd9560.pdf
How does the water collection system in the Drinking Water Project affect the local community?,"Drinking Water Project.  
The local community based organization ""Gaun Nagarik Manch – 
Ward Citizen Forum""  implemented project activities  under 
CDRMP's ICRM . Under this project, it has completed the 
construction of a water collection chamber of 80000  L capacity 
and two reservoir tanks of 20 cubic 
meter capacity each. Moreover, it has 
completed the construction of 24","December, 2016 ANNUAL PROGRESS REPORT 
 
42 | P a g e  
 
  
Mrs. Sunita Lamichane, president of Gaun Nagarik Manch says, “I am very happy that the community got a 
new life. The people were suffering from water scarcity in their households and in the community as well for 
decades. No other organizations helped in this situation till now. Water supply is crucial in sanitation and also",10b495d541bde688ebfea7ce2d15dbd8f163ec818657ead3663acb6511bd9560.pdf,10b495d541bde688ebfea7ce2d15dbd8f163ec818657ead3663acb6511bd9560.pdf
Does this project help protect the main source of water in case a disaster happens?,"completed the construction of 24 
community taps to distribute water 
to VDC, Health Post and two schools 
plus 24 private connections  
(households). Technically, water has 
been lifted 94  m vertically up to the 
reservoir tanks from the collection chamber. This way, the construction helped 
conserve water source and also provided drinking water facility to the 
community in this ward.","community in this ward. 
Even though the financial aid to the community was not enough to fulfill all the 
requirements of the project, the initiation was impressive enough to bring 
benefit for the whole community. Especially it is saving time of women 
and children who are often responsible for fetching household water. An irrigation pond of 42.5 cubic",10b495d541bde688ebfea7ce2d15dbd8f163ec818657ead3663acb6511bd9560.pdf,10b495d541bde688ebfea7ce2d15dbd8f163ec818657ead3663acb6511bd9560.pdf
Doesn't this project help reduce the time people spend collecting water?,"community in this ward. 
Even though the financial aid to the community was not enough to fulfill all the 
requirements of the project, the initiation was impressive enough to bring 
benefit for the whole community. Especially it is saving time of women 
and children who are often responsible for fetching household water. An irrigation pond of 42.5 cubic","completed the construction of 24 
community taps to distribute water 
to VDC, Health Post and two schools 
plus 24 private connections  
(households). Technically, water has 
been lifted 94  m vertically up to the 
reservoir tanks from the collection chamber. This way, the construction helped 
conserve water source and also provided drinking water facility to the 
community in this ward.",10b495d541bde688ebfea7ce2d15dbd8f163ec818657ead3663acb6511bd9560.pdf,10b495d541bde688ebfea7ce2d15dbd8f163ec818657ead3663acb6511bd9560.pdf
Does this project help other areas with water problems too?,"meter capacity has also been constructed in support of UNDP/Nepal. The excess  water overflown from the 
collection chamber is collected to the irrigation pond built aside. Evidently, 13 households are able to irrigate 
their land. A village of scarce water supply which was fighting against the drought turned into a model village","community in this ward. 
Even though the financial aid to the community was not enough to fulfill all the 
requirements of the project, the initiation was impressive enough to bring 
benefit for the whole community. Especially it is saving time of women 
and children who are often responsible for fetching household water. An irrigation pond of 42.5 cubic",10b495d541bde688ebfea7ce2d15dbd8f163ec818657ead3663acb6511bd9560.pdf,10b495d541bde688ebfea7ce2d15dbd8f163ec818657ead3663acb6511bd9560.pdf
What happens to the waste water that's being reused in these households?,"in the field of water conservation and utilization. In addition to the drinking water benefits, personal hygiene 
and toilet sanitation have also been improved. 
Local people are very much excited by these activities. Further, they are planning to utilize the wa ste water 
for their own benefit. In the VDC ward -7 and 8, 35 households have already initiated setting up kitchen","completed the construction of 24 
community taps to distribute water 
to VDC, Health Post and two schools 
plus 24 private connections  
(households). Technically, water has 
been lifted 94  m vertically up to the 
reservoir tanks from the collection chamber. This way, the construction helped 
conserve water source and also provided drinking water facility to the 
community in this ward.",10b495d541bde688ebfea7ce2d15dbd8f163ec818657ead3663acb6511bd9560.pdf,10b495d541bde688ebfea7ce2d15dbd8f163ec818657ead3663acb6511bd9560.pdf
Does this project have something to do with helping communities after a big disaster?,"gardens. It will improve their nutritional status as they can 
consume vegetables from their own garden and eventually it will 
uplift their economic status as well. 
Local people and Shree Gaun Nagarik Manch heartily thanked 
UNDP/CDRMP project for the financial support to the water 
source conservation 
project as well as 
providing support to 
the drinking water 
supply project in each","December, 2016 ANNUAL PROGRESS REPORT 
 
42 | P a g e  
 
  
Mrs. Sunita Lamichane, president of Gaun Nagarik Manch says, “I am very happy that the community got a 
new life. The people were suffering from water scarcity in their households and in the community as well for 
decades. No other organizations helped in this situation till now. Water supply is crucial in sanitation and also",10b495d541bde688ebfea7ce2d15dbd8f163ec818657ead3663acb6511bd9560.pdf,10b495d541bde688ebfea7ce2d15dbd8f163ec818657ead3663acb6511bd9560.pdf
Does the project help in emergency situations too?,"the drinking water 
supply project in each 
of twenty-four 
households and twenty 
four community taps. A hotel owner Mrs. Khagisara Adhikari 28 
says, “I am very happy to have drinking water facility in my own 
house. It saves my time and has improved sanitation. Now I can 
utilize the extra time to join the cookery classes in Birendranagar so","Drinking Water Project.  
The local community based organization ""Gaun Nagarik Manch – 
Ward Citizen Forum""  implemented project activities  under 
CDRMP's ICRM . Under this project, it has completed the 
construction of a water collection chamber of 80000  L capacity 
and two reservoir tanks of 20 cubic 
meter capacity each. Moreover, it has 
completed the construction of 24",10b495d541bde688ebfea7ce2d15dbd8f163ec818657ead3663acb6511bd9560.pdf,10b495d541bde688ebfea7ce2d15dbd8f163ec818657ead3663acb6511bd9560.pdf
Would adding more dining options actually bring in a lot more customers?,"that I can increase the cuisines in my hotel. I am sure it will increase 
my income.”","the drinking water 
supply project in each 
of twenty-four 
households and twenty 
four community taps. A hotel owner Mrs. Khagisara Adhikari 28 
says, “I am very happy to have drinking water facility in my own 
house. It saves my time and has improved sanitation. Now I can 
utilize the extra time to join the cookery classes in Birendranagar so",10b495d541bde688ebfea7ce2d15dbd8f163ec818657ead3663acb6511bd9560.pdf,10b495d541bde688ebfea7ce2d15dbd8f163ec818657ead3663acb6511bd9560.pdf
What happens when it's hard to get access to basic things like water?,"December, 2016 ANNUAL PROGRESS REPORT 
 
42 | P a g e  
 
  
Mrs. Sunita Lamichane, president of Gaun Nagarik Manch says, “I am very happy that the community got a 
new life. The people were suffering from water scarcity in their households and in the community as well for 
decades. No other organizations helped in this situation till now. Water supply is crucial in sanitation and also","Drinking Water Project.  
The local community based organization ""Gaun Nagarik Manch – 
Ward Citizen Forum""  implemented project activities  under 
CDRMP's ICRM . Under this project, it has completed the 
construction of a water collection chamber of 80000  L capacity 
and two reservoir tanks of 20 cubic 
meter capacity each. Moreover, it has 
completed the construction of 24",10b495d541bde688ebfea7ce2d15dbd8f163ec818657ead3663acb6511bd9560.pdf,10b495d541bde688ebfea7ce2d15dbd8f163ec818657ead3663acb6511bd9560.pdf
Is there some kind of emergency plan in place around here to deal with unexpected situations?,"in our lives. The lessons we learnt from this project are self -confidence, passion and accountability. Unity and 
support from the community lead to success”. 
 
  
 
11.  PRIORITIES FOR 2017 
  
Extension of CDRMP till 31 Dec 2017 has been approved by PEB held on 20 Nov 2016. The major 
activities to be accomplished are briefly mentioned below:","and trainers on safer constructions. Some of these initiatives are planned to be completed in 2017, 
which justifies extension of CDRMP till end of 2017. PEB meeting held on 20 Nov 2016 has 
accordingly approved the extension of the project till Dec 2017.  
 
  
December, 2016 ANNUAL PROGRESS REPORT 
 
10 | P a g e  
 
  
5. NARRATIVE ON KEY RESULTS ACHIEVED IN 2016",10b495d541bde688ebfea7ce2d15dbd8f163ec818657ead3663acb6511bd9560.pdf,10b495d541bde688ebfea7ce2d15dbd8f163ec818657ead3663acb6511bd9560.pdf
Does the country have a specific program or plan in place to help communities prepare for and respond to big disasters?,"• Formulation of National DRR Policy and Strategic Action Plan, 2017-2030. 
• Finalization of Mainstreaming Guideline for DRR-CCA 
• Completion of activities under CBDMA II activities 
• Completion of activities under ECHO’s “Resilience Communities through BBB” 
• Completion of activities under GoJ supported “NBC implementation in 3 municipalities”","fourteenth periodic plan 2016/17 -2018/019. Consolidation of learning, issues, gaps and way 
forward for effective mainstreaming of DRR in the planning process was achieved through  a 
Mainstreaming Guideline on DRR-CCA drafted based on a regional level DRR mainstreaming 
workshop held in Biratnaga r for eastern region stakeholders  (fourth in series - one for central",10b495d541bde688ebfea7ce2d15dbd8f163ec818657ead3663acb6511bd9560.pdf,10b495d541bde688ebfea7ce2d15dbd8f163ec818657ead3663acb6511bd9560.pdf
Do they usually keep track of potential problems in a specific kind of record throughout a disaster management process?,"• Strengthening and follow up support to EOC networks 
• Follow up and support to the respective ministries/NPC for sustainability of the interventions. 
 
December, 2016 ANNUAL PROGRESS REPORT 
 
43 | P a g e  
   
12. RISK AND ISSUE LOGS 
 
Table 7: Risk Log Matrix 
 
S. 
N 
Description Category (financial, 
political, 
operational, 
organizational, 
environmental, 
regulatory, security,","integrated risk management framework that can address issues across different time scales.  
5. Participation of women, communities and community-based organizations is vital, not just an 
option.    
 
 
 
 
December, 2016 ANNUAL PROGRESS REPORT 
 
8 | P a g e  
 
  
 
 
 
 
 
 
 
 
 
 
 
 
Risk and mitigation measures: 
 
Risk Risk Mitigation Strategy",10b495d541bde688ebfea7ce2d15dbd8f163ec818657ead3663acb6511bd9560.pdf,10b495d541bde688ebfea7ce2d15dbd8f163ec818657ead3663acb6511bd9560.pdf
Do you remember how officials decide whether a potential disaster is likely to happen or how severe the effects would be?,"environmental, 
regulatory, security, 
strategic, other)  
Likelihood of 
risk (scale of 1 
to 5 with 5 
being the most 
likely) 
A 
Impact  
(scale of 1 to 5 
with 5 being the 
highest impact) 
B 
Risk 
factor (A 
x B) 
Mitigation 
measures if 
risk occurs 
Date risk is 
Identified 
Last Updated Status 
1 Inadequate 
Political/lead
ership 
support 
Political Implementatio
n delays.  DRM","integrated risk management framework that can address issues across different time scales.  
5. Participation of women, communities and community-based organizations is vital, not just an 
option.    
 
 
 
 
December, 2016 ANNUAL PROGRESS REPORT 
 
8 | P a g e  
 
  
 
 
 
 
 
 
 
 
 
 
 
 
Risk and mitigation measures: 
 
Risk Risk Mitigation Strategy",10b495d541bde688ebfea7ce2d15dbd8f163ec818657ead3663acb6511bd9560.pdf,10b495d541bde688ebfea7ce2d15dbd8f163ec818657ead3663acb6511bd9560.pdf
Doesn't a country's ability to respond to a disaster depend on some kind of prior planning and coordination among different government bodies?,"support 
Political Implementatio
n delays.  DRM 
law may not be 
enacted; 
NDMA and 
other 
authorities 
may not be set 
up 
 
 
P = 4 
Regular 
consultations at 
senior level and 
analysis of 
political 
developments. 
Work on 
developing 
consensus within 
the government 
change in 
programme 
priorities 
accordingly 
4 
16 Regular 
consultations 
have been 
carried out to 
enable","consultations 
have been 
carried out to 
enable 
environment for 
project 
implementation 
 
Jan 2011 
 
Nov 2016  
 
No change 
2 Poor 
ownership 
and 
coordination 
among 
various IPs 
and end 
users 
Political 
 
 
 
 
Unsustainable 
results due to 
lack of ability 
to 
adjust/direct 
the 
programme 
results 
towards the 
needs 
 
 
P = 2 
Regular 
consultations/co
ordination",10b495d541bde688ebfea7ce2d15dbd8f163ec818657ead3663acb6511bd9560.pdf,10b495d541bde688ebfea7ce2d15dbd8f163ec818657ead3663acb6511bd9560.pdf
Does something need to be in place to help different groups work together on this project?,"consultations 
have been 
carried out to 
enable 
environment for 
project 
implementation 
 
Jan 2011 
 
Nov 2016  
 
No change 
2 Poor 
ownership 
and 
coordination 
among 
various IPs 
and end 
users 
Political 
 
 
 
 
Unsustainable 
results due to 
lack of ability 
to 
adjust/direct 
the 
programme 
results 
towards the 
needs 
 
 
P = 2 
Regular 
consultations/co
ordination","P = 2 
Regular 
consultations/co
ordination 
meetings with all 
implementers 
and end-users to 
ensure clarity of 
agreed results, 
flexibility to 
adjust to 
changing needs, 
put in place 
advisory 
committee 
4 
 
Regular 
consultations 
with 
stakeholders 
were carried, 
which improved 
the situation. 
Jan 2011 Nov 2016 Improved 
December, 2016 ANNUAL PROGRESS REPORT 
 
44 | P a g e",10b495d541bde688ebfea7ce2d15dbd8f163ec818657ead3663acb6511bd9560.pdf,10b495d541bde688ebfea7ce2d15dbd8f163ec818657ead3663acb6511bd9560.pdf
Do they think that meetings with all the different groups involved really helped to make the changes happen?,"P = 2 
Regular 
consultations/co
ordination 
meetings with all 
implementers 
and end-users to 
ensure clarity of 
agreed results, 
flexibility to 
adjust to 
changing needs, 
put in place 
advisory 
committee 
4 
 
Regular 
consultations 
with 
stakeholders 
were carried, 
which improved 
the situation. 
Jan 2011 Nov 2016 Improved 
December, 2016 ANNUAL PROGRESS REPORT 
 
44 | P a g e","consultations 
have been 
carried out to 
enable 
environment for 
project 
implementation 
 
Jan 2011 
 
Nov 2016  
 
No change 
2 Poor 
ownership 
and 
coordination 
among 
various IPs 
and end 
users 
Political 
 
 
 
 
Unsustainable 
results due to 
lack of ability 
to 
adjust/direct 
the 
programme 
results 
towards the 
needs 
 
 
P = 2 
Regular 
consultations/co
ordination",10b495d541bde688ebfea7ce2d15dbd8f163ec818657ead3663acb6511bd9560.pdf,10b495d541bde688ebfea7ce2d15dbd8f163ec818657ead3663acb6511bd9560.pdf
Do we need to make sure the people who are going to be affected by the disaster are actually on board with the plans we have in place?,"44 | P a g e  
   
mechanism. Two 
Technical 
Support Group 
(TSG) formed 
and moving 
ahead. 
2 
3 Resistance by 
local officials 
and 
communities 
to engage 
with projects 
Social Project 
activities 
impeded 
 
P = 2 
A careful 
identification of 
communities' 
needs and 
priorities. Need 
to respond to 
their aspirations 
and pressing 
needs. 
Awareness 
raising and 
collaboration at","output 7.1). 
December, 2016 ANNUAL PROGRESS REPORT 
 
6 | P a g e  
 
  
Crosscutting issues such as Gender Equality and Social Inclusion (GESI), Monitoring and 
Evaluation (M&E) and Knowledge Management & Communication have been int egrated in all of 
the above components. 
 
  
December, 2016 ANNUAL PROGRESS REPORT 
 
7 | P a g e  
 
  
Theory of Change (ToC) of CDRMP",10b495d541bde688ebfea7ce2d15dbd8f163ec818657ead3663acb6511bd9560.pdf,10b495d541bde688ebfea7ce2d15dbd8f163ec818657ead3663acb6511bd9560.pdf
How do communities usually stay involved and invested in disaster preparedness and recovery efforts?,"needs. 
Awareness 
raising and 
collaboration at 
the local level to 
build ownership 
and trust 
2 
4 
 
Participatory 
planning at local 
level was 
carried out and 
the risk was 
managed. 
 
Jan 2011 
Nov 2016 Improved 
4 Difficulty in 
funding and 
finding high 
quality 
experts on a 
timely basis 
Financial Delays in 
implementatio
n and low 
quality of work 
 
 
P = 3 
Maintain close","consultations 
have been 
carried out to 
enable 
environment for 
project 
implementation 
 
Jan 2011 
 
Nov 2016  
 
No change 
2 Poor 
ownership 
and 
coordination 
among 
various IPs 
and end 
users 
Political 
 
 
 
 
Unsustainable 
results due to 
lack of ability 
to 
adjust/direct 
the 
programme 
results 
towards the 
needs 
 
 
P = 2 
Regular 
consultations/co
ordination",10b495d541bde688ebfea7ce2d15dbd8f163ec818657ead3663acb6511bd9560.pdf,10b495d541bde688ebfea7ce2d15dbd8f163ec818657ead3663acb6511bd9560.pdf
How do you make sure you're staying in touch with people who give you resources during a disaster?,"quality of work 
 
 
P = 3 
Maintain close 
contact with 
donors, raise the 
profile of 
disaster risk 
reduction 
consortium and 
try to establish 
new ways of 
mobilizing 
resources in 
partnership with 
other consortium 
partners 
4 
12 
 
Sharing of 
project's 
interventions 
results and 
future 
potentialities 
with donor 
ongoing. Quality 
expert's 
selection is 
prioritized.","The project's effort towards making communities disaster resilient is continued. Over 17,000 families from 
Sindhu-khola sub-watershed of Sindhupalchowk and Riu-khola sub-watershed of Maadi Chitwan have been 
benefited through project activities. The outcomes of the project intervention since 2012/013 are visible -",10b495d541bde688ebfea7ce2d15dbd8f163ec818657ead3663acb6511bd9560.pdf,10b495d541bde688ebfea7ce2d15dbd8f163ec818657ead3663acb6511bd9560.pdf
Did the project team have a way to handle unexpected changes or setbacks during the implementation phase?,"expert's 
selection is 
prioritized. 
Jan 2011 Nov 2016 Increasing 
5 Delays in 
implementin
g activities 
Operational Delays in 
overall project 
Maintain close 
contact with IPs 
and private 
9 
 
Project tried to 
adapt in the 
changed context. 
Jan 2011 Nov 2016 Improved 
December, 2016 ANNUAL PROGRESS REPORT 
 
45 | P a g e  
   
by IPS, 
private 
professional 
suppliers etc. 
beyond","private 
professional 
suppliers etc. 
beyond 
UNDP's 
control 
implementatio
n 
 
 
P = 3 
professional 
suppliers and 
perform regular 
stocktaking of 
activities to be 
informed of any 
probable 
delay/adverse 
situation. Build 
flexibility of 
response to 
delays by 
identifying 
alternatives for 
IPs and private 
professional 
suppliers. 
3 
6 Major 
Catastrophic 
event 
Environmental Major",10b495d541bde688ebfea7ce2d15dbd8f163ec818657ead3663acb6511bd9560.pdf,10b495d541bde688ebfea7ce2d15dbd8f163ec818657ead3663acb6511bd9560.pdf
How do people prepare for unexpected problems during a disaster so that they can still respond effectively?,"private 
professional 
suppliers etc. 
beyond 
UNDP's 
control 
implementatio
n 
 
 
P = 3 
professional 
suppliers and 
perform regular 
stocktaking of 
activities to be 
informed of any 
probable 
delay/adverse 
situation. Build 
flexibility of 
response to 
delays by 
identifying 
alternatives for 
IPs and private 
professional 
suppliers. 
3 
6 Major 
Catastrophic 
event 
Environmental Major","expert's 
selection is 
prioritized. 
Jan 2011 Nov 2016 Increasing 
5 Delays in 
implementin
g activities 
Operational Delays in 
overall project 
Maintain close 
contact with IPs 
and private 
9 
 
Project tried to 
adapt in the 
changed context. 
Jan 2011 Nov 2016 Improved 
December, 2016 ANNUAL PROGRESS REPORT 
 
45 | P a g e  
   
by IPS, 
private 
professional 
suppliers etc. 
beyond",10b495d541bde688ebfea7ce2d15dbd8f163ec818657ead3663acb6511bd9560.pdf,10b495d541bde688ebfea7ce2d15dbd8f163ec818657ead3663acb6511bd9560.pdf
How do governments prepare for and respond to situations where everything is affected at once?,"Catastrophic 
event 
Environmental Major 
disruption to 
functioning of 
government, 
civil society 
and 
stakeholders 
 
P=1 
Strengthen 
national-level 
preparedness 
and recovery 
planning. 
Constant update 
with UNDMT on 
contingency 
planning 
2 
2 
 
Adaptation to 
the changed 
context was 
followed 
keeping the 
implementation 
in track as far as 
possible. 
Jan 2011 Nov 2016 No Change","natural disasters, including from climate change 
UNDP Strategic Plan Output 5.2: Effective institutional, legislative and policy frameworks in place to 
enhance the implementation of disaster and climate risk management measures at national sublevels 
UNDAF Outcome 7:  
People living in areas vulnerable to climate change and disasters benefit from improved risk management",10b495d541bde688ebfea7ce2d15dbd8f163ec818657ead3663acb6511bd9560.pdf,10b495d541bde688ebfea7ce2d15dbd8f163ec818657ead3663acb6511bd9560.pdf
,"possible. 
Jan 2011 Nov 2016 No Change 
7 Medium-
Scale  to 
Large Scale 
natural 
disasters 
including 
April 25 and 
May 12 2015 
EQs 
Environmental CO's capacity 
overloaded, 
project 
implemented 
adversely 
impacted 
 
P=2 
Strengthen ER 
capacity and 
mobilise BPPS 
support in 
responding to 
EQs, realign 
project activities 
to extent 
possible to 
address new 
situation and 
requirements","Catastrophic 
event 
Environmental Major 
disruption to 
functioning of 
government, 
civil society 
and 
stakeholders 
 
P=1 
Strengthen 
national-level 
preparedness 
and recovery 
planning. 
Constant update 
with UNDMT on 
contingency 
planning 
2 
2 
 
Adaptation to 
the changed 
context was 
followed 
keeping the 
implementation 
in track as far as 
possible. 
Jan 2011 Nov 2016 No Change",10b495d541bde688ebfea7ce2d15dbd8f163ec818657ead3663acb6511bd9560.pdf,10b495d541bde688ebfea7ce2d15dbd8f163ec818657ead3663acb6511bd9560.pdf
How does a response plan change when a new situation develops that wasn't anticipated before?,"address new 
situation and 
requirements 
4 
8 
 
Project 
extended 
support for 
response and 
recovery under 
guidance from 
Country Office 
and in 
consultation 
with 
government 
agencies. 
Jan 2011 Nov 2016 No Change 
December, 2016 ANNUAL PROGRESS REPORT 
 
46 | P a g e  
   
 
 
Table 8: Issue Log Matrix 
 
S. N. Type Date 
Identified 
Description and Comments Resolution measures","concentrated on response, relief and recovery 
delaying the project implementation. 
 ongoing, 
partly 
resolved 
Dec 2015",10b495d541bde688ebfea7ce2d15dbd8f163ec818657ead3663acb6511bd9560.pdf,10b495d541bde688ebfea7ce2d15dbd8f163ec818657ead3663acb6511bd9560.pdf
What happens if there's a delay in incorporating changes to a plan like this?,"Description and Comments Resolution measures 
recommended 
Status of 
the issue 
Status Change Date 
1 Change in the 
draft RRF, 
Programme 
Document and 5 
years work plan 
Dec 2010 LPAC postponed from December 2010 to Jan 
2011 due to more time needed to incorporate 
the government requested changes in the 
Programme Document.  
. The changes were 
incorporated in the 
document","address new 
situation and 
requirements 
4 
8 
 
Project 
extended 
support for 
response and 
recovery under 
guidance from 
Country Office 
and in 
consultation 
with 
government 
agencies. 
Jan 2011 Nov 2016 No Change 
December, 2016 ANNUAL PROGRESS REPORT 
 
46 | P a g e  
   
 
 
Table 8: Issue Log Matrix 
 
S. N. Type Date 
Identified 
Description and Comments Resolution measures",10b495d541bde688ebfea7ce2d15dbd8f163ec818657ead3663acb6511bd9560.pdf,10b495d541bde688ebfea7ce2d15dbd8f163ec818657ead3663acb6511bd9560.pdf
Does the exchange rate have a big impact on the money they're getting for this program?,"incorporated in the 
document 
Resolved March 2011 
2 Change in 
Exchange rate 
March 2011 Programme receives grants in both US dollars 
and Euros. The exchange rate of these 
currencies is fluctuating significantly exposing 
the programme in gain or loss.  
 Resolved Dec 2015 
3 Change in 
Priority 
September 
2011 
Government has prioritized early recovery in","It also shows the funds received from different donors for the different durations. The activities under ECHO 
funding and UNISDR funding were completed in 2013 and that under World Bank were completed in 2015. 
The project on seismic resilience under DFID funding also ended in the first quarter of 2016. However, two",10b495d541bde688ebfea7ce2d15dbd8f163ec818657ead3663acb6511bd9560.pdf,10b495d541bde688ebfea7ce2d15dbd8f163ec818657ead3663acb6511bd9560.pdf
Do you remember what typically happens to local officials in charge after a disaster has been declared resolved?,"Government has prioritized early recovery in 
the eastern Nepal affected by September 18 
earthquake 
 
Resources were 
mobilized to address 
the issue in Ilam and 
Taplejung. 
Resolved December 2011 
4 Transfer of 
officials from 
ministries 
Dec 2015 Senior officials from MoHA, MoFALD and MoUD 
transferred 
Joint secretary and undersecretary at MoHA, 
MoFALD and MOUD changed. Programme team","of UNDP Nepal 
December, 2016 ANNUAL PROGRESS REPORT 
 
vii | P a g e  
 
  
EOC : Emergency Operations Center 
EPRER : Emergency Preparedness, Response and Early Recovery 
EQ : Earthquake 
ER : Early Recovery 
EWS : Early Warning Systems 
F5 : Flagship 5 
FTMDGSDG : Fast Tracking Millennium Development Goals and Safeguarding 
Development Gains 
GESI : Gender Equality and Social Inclusion",10b495d541bde688ebfea7ce2d15dbd8f163ec818657ead3663acb6511bd9560.pdf,10b495d541bde688ebfea7ce2d15dbd8f163ec818657ead3663acb6511bd9560.pdf
,"MoFALD and MOUD changed. Programme team 
provided briefing to the new officials.  
Facilitation for proper 
orientation to new 
staff has been 
recommended. 
Resolved, 
Ongoing 
Nov 2016 
5 Departure of 
CDRMP 
Programme 
Manager 
August 2013 CDRMP Programme Manager resigned in 
August 2013 
Technical Expert/ Int'l 
Advisor as OIC. 
Resolved Dec 2014 
6 Declaration of 
new 
municipalities in 
KV","1 | P a g e  
 
  
1. EXECUTIVE SUMMARY  
 
Comprehensive Disaster Risk Management Progamme (CDRMP), started in 2011, is being 
implemented by UNDP in collaboration with the Ministry of Home Affairs (MoHA) as focal ministry 
in collaboration with other ministries and line departments including National Planning Commission",10b495d541bde688ebfea7ce2d15dbd8f163ec818657ead3663acb6511bd9560.pdf,10b495d541bde688ebfea7ce2d15dbd8f163ec818657ead3663acb6511bd9560.pdf
Was the big earthquake in April 2015 a major concern for the project at the time?,"6 Declaration of 
new 
municipalities in 
KV 
December 
2014 
Could potentially impact NBC implementation 
in 6 VDCs. and RSLUP formulation. Steering 
Committee meeting on the issue planned in this 
regard. 
Consultation with the 
concerned new 
municipalities done, 
issue shared. 
Resolved Sept 2015 
7 April 2015 mega 
EQ 
April 2015 GoN and project stakeholders' priorities","ity 
outside 
KV 
6 urbanizing 
VDCs and 3 
municipalitie
s, and 
KMC/LSMC 
in KV. 3 
municipalitie
s outside KV 
 
6 VDCs, 3 
municipalities 
and in KMC 
and LSM C. 3 
municipalities 
outside KV 
  
Further 
strengthening 
in KV. NBC 
implementation 
started in 3 
municipalities. 
Support to 3 
municipalities 
outside KV 
Kirtipur and 
LSMC launched 
e-BPS. 
Chautara, 
Melamchi and 
Panchkhal",10b495d541bde688ebfea7ce2d15dbd8f163ec818657ead3663acb6511bd9560.pdf,10b495d541bde688ebfea7ce2d15dbd8f163ec818657ead3663acb6511bd9560.pdf
What happens when there's a disaster and people are still trying to rebuild?,"concentrated on response, relief and recovery 
delaying the project implementation. 
 ongoing, 
partly 
resolved 
Dec 2015","address new 
situation and 
requirements 
4 
8 
 
Project 
extended 
support for 
response and 
recovery under 
guidance from 
Country Office 
and in 
consultation 
with 
government 
agencies. 
Jan 2011 Nov 2016 No Change 
December, 2016 ANNUAL PROGRESS REPORT 
 
46 | P a g e  
   
 
 
Table 8: Issue Log Matrix 
 
S. N. Type Date 
Identified 
Description and Comments Resolution measures",10b495d541bde688ebfea7ce2d15dbd8f163ec818657ead3663acb6511bd9560.pdf,10b495d541bde688ebfea7ce2d15dbd8f163ec818657ead3663acb6511bd9560.pdf
Do you recall anything about how agencies track progress towards their goals during a disaster?,"47 | P a g e  
   
13.  PROGRESS AGAINST ANNUAL WORK PLAN 2016  
 
 
Table 9: Progress against Annual Work Plan 2016 
EXPECTED  
OUTPUTS                    PLANNED ACTIVITIES                                       
Targets for 
Planned","Table 3: Progress on Output Indicators 
 
Project Output 
statement 
Output indicator Baseline Cumulative 
Target for 
2013 - 2017 
Progress up 
to 2015 
 2016 
Milestone 
2016 
Progress 
Cumulative 
progress 
up to 2016 
Means of 
verification",10b495d541bde688ebfea7ce2d15dbd8f163ec818657ead3663acb6511bd9560.pdf,10b495d541bde688ebfea7ce2d15dbd8f163ec818657ead3663acb6511bd9560.pdf
Does this report have something to do with tracking progress and spending during a crisis or emergency situation?,"Targets for 
Planned 
Activities 
Annual 
Achievements 
of Targets 
Annual 
Achieve
ments of 
Targets 
in % 
Funding 
Source 
(code) 
Approved 
Budget 
Amount 
Spent 
Expenditure 
in % against 
approved 
budget 
Remarks if 
targets not 
fully 
achieved 
CPAP Output 7.1: Government officials at all levels have capacity to lead and implement systems","Achieve
ments of 
Targets 
in % 
Funding 
Source 
(code) 
Approved 
Budget 
Amount 
Spent 
Expenditure 
in % against 
approved 
budget 
Remarks if 
targets not 
fully 
achieved 
Sub Total Activity Result 8         406,891 426,01
4.69 105%   
CPAP Output 7.2: Urban Populations are better able to prepare for and manage hazard   
  
                    
Activity 
Result 2.4 
Reconstructi
on of",10b495d541bde688ebfea7ce2d15dbd8f163ec818657ead3663acb6511bd9560.pdf,10b495d541bde688ebfea7ce2d15dbd8f163ec818657ead3663acb6511bd9560.pdf
Does this project have something to do with planning ahead for big crises and making sure the government is prepared?,"and policies to effectively manage disaster risks  and adapt to climate change (Project ID 77652)      
    
GoN capacity 
enhanced on 
institutional 
and policy 
through 
capacity 
building and 
sharing of 
experiences 
(ATLAS 
Activity 2) 
Provide technical support 
on risk informed planning 
with NPC 
Carry out study 
The study on 
""Risk Informed 
Development 
Planning"" 
carried out as a","episode) and on 30th Nov, 2016 (second episode). 
Technical support to the National Planning Commission  (NPC) on mainstreaming disaster risk 
reduction in national level planning and implementation process led to a study on ""Risk informed 
planning"" ensuring issues of disaster and climate risk management are well addressed in the",10b495d541bde688ebfea7ce2d15dbd8f163ec818657ead3663acb6511bd9560.pdf,10b495d541bde688ebfea7ce2d15dbd8f163ec818657ead3663acb6511bd9560.pdf
Do you ever have to train people in how to build safe structures after a big natural disaster?,"Development 
Planning"" 
carried out as a 
technical 
support to NPC. 
100% 
TRAC-
2015-PO 5,467   
    
Consultations meetings for 
study/review 
TRAC 34       
TRAC 327       
TRAC 6,509       
TRAC 154   
    
Capacities of 
CTEVT's 
Trainers 
(140) 
enhanced 
and local 
masons 
(280) 
trained on 
safe 
construction 
in post EQ 
2015 
scenario 
(ATLAS 
Activity 2) 
Support to enhance","(ATLAS 
Activity 2) 
Support to enhance 
capacity of 
teachers/trainers of CTEVT 
for imparting trainings for 
masons in safe 
construction practices; to 
train masons including 
online roster following skill 
tests 
Ongoing 
partnership 
2 TOT and 10 
events of mason 
trainings 
conducted 
100% 
TRAC 6,025       
TRAC 39       
CPR TTF 22,862       
CPR 
TRUST 60,885   
    
CPR TTF 1,829",10b495d541bde688ebfea7ce2d15dbd8f163ec818657ead3663acb6511bd9560.pdf,10b495d541bde688ebfea7ce2d15dbd8f163ec818657ead3663acb6511bd9560.pdf
"What happens when people aren't trained in construction safety practices, and how can that be addressed?","(ATLAS 
Activity 2) 
Support to enhance 
capacity of 
teachers/trainers of CTEVT 
for imparting trainings for 
masons in safe 
construction practices; to 
train masons including 
online roster following skill 
tests 
Ongoing 
partnership 
2 TOT and 10 
events of mason 
trainings 
conducted 
100% 
TRAC 6,025       
TRAC 39       
CPR TTF 22,862       
CPR 
TRUST 60,885   
    
CPR TTF 1,829","Development 
Planning"" 
carried out as a 
technical 
support to NPC. 
100% 
TRAC-
2015-PO 5,467   
    
Consultations meetings for 
study/review 
TRAC 34       
TRAC 327       
TRAC 6,509       
TRAC 154   
    
Capacities of 
CTEVT's 
Trainers 
(140) 
enhanced 
and local 
masons 
(280) 
trained on 
safe 
construction 
in post EQ 
2015 
scenario 
(ATLAS 
Activity 2) 
Support to enhance",10b495d541bde688ebfea7ce2d15dbd8f163ec818657ead3663acb6511bd9560.pdf,10b495d541bde688ebfea7ce2d15dbd8f163ec818657ead3663acb6511bd9560.pdf
"What's the first priority when dealing with a landslide, especially in an area that's already been affected by an earthquake?","CPR 
TRUST 60,885   
    
CPR TTF 1,829       
Carry out landslide hazard 
assessment in EQ affected 
districts 
Carry out 1 
study Study carred out 100% 
Baidu 
Foundati
on 
27,088   
    
Baidu 
Foundati
on 
2,240","trained. 
A study entitled ""Landslide Hazard Assessment in EQ affected districts"" has also been carried out for Gorkha, 
Dhading and Rasuwa districts with techni cal support from Tribhuvan University 's Mountain Engineering 
Research Unit (MERU). 
  
Progress on Output - Urban Populations are better able to prepare for and manage hazard",10b495d541bde688ebfea7ce2d15dbd8f163ec818657ead3663acb6511bd9560.pdf,10b495d541bde688ebfea7ce2d15dbd8f163ec818657ead3663acb6511bd9560.pdf
Does anyone track how successful this project's various components are in meeting its overall goals?,"Achieve
ments of 
Targets 
in % 
Funding 
Source 
(code) 
Approved 
Budget 
Amount 
Spent 
Expenditure 
in % against 
approved 
budget 
Remarks if 
targets not 
fully 
achieved 
Sub Total Activity Result 1         133,459 127,81
9.58 96%   
Activity 
Result 7:  
M&E, 
Knowledge 
Managemen
t & GESI 
(ATLAS 
Activity 7) 
Activity 7.1 Organize GESI 
Orientation for GESI focal","Achieve
ments of 
Targets 
in % 
Funding 
Source 
(code) 
Approved 
Budget 
Amount 
Spent 
Expenditure 
in % against 
approved 
budget 
Remarks if 
targets not 
fully 
achieved 
          DFID 34       
Sub Total Activity Result 7         31,001 29,702
.99 96%   
Activity 
Result 8:  
Managemen
t, M&E and 
support 
services 
(ATLAS 
Activity 8) 
Activity 8.1: Oversight 
planning as well as the",10b495d541bde688ebfea7ce2d15dbd8f163ec818657ead3663acb6511bd9560.pdf,10b495d541bde688ebfea7ce2d15dbd8f163ec818657ead3663acb6511bd9560.pdf
Is there something around preparing for or responding to big situations that we need to focus on in this document?,"Orientation for GESI focal 
persons and DRR-CCA focal 
persons  
1 event, 
meetings 
1 event 
organized, 45 
GoN officials 
oriented 
100% TRAC 8,908   
    
        TRAC 662       
Activity 7.2 Print 
documents, Synthesize 
study/researches carried 
out by CDRMP including 
database updates_2011-15 
thematic 
reports, 1 
synthesis doc on 
studies/researc
hes, other 
reports, 
database 
updated","were discussed. The meetings identified a need to orient GESI focal persons/officials and DRR focal 
persons jointly to enhance understanding of mainstreaming GESI in DRR planning, implementation 
and project cycle.  
•  45 GoN officials (GESI Focal Persons and DRR Focal Persons) were oriented on integration of GESI 
in DRR/CCA planning and implementation through two days' workshop.",10b495d541bde688ebfea7ce2d15dbd8f163ec818657ead3663acb6511bd9560.pdf,10b495d541bde688ebfea7ce2d15dbd8f163ec818657ead3663acb6511bd9560.pdf
What happens if there's a sudden change in a project's plans or goals?,"hes, other 
reports, 
database 
updated 
different 
documents/publ
ications printed 
out for different 
components. 
  TRAC 1,996   
    
Activity 7.3 National 
workshop for Achievement 
sharing of CDRMP  
1 sharing 
workshop moved for 2017   TRAC 3,000   
    
        TRAC -42       
Activity 7.4 Consulation 
meeting for next phase  
project formualtions  
Consultations/m
eetings-
workshops","7.11 Knowledge Management and Products  
 
CDRMP's results and achievements have been disseminated with a wider level audiences through different 
ways. Project progress and achievements have been shared in different level of workshops and sharing 
events. Moreover, success stories, event news, photo stories and others have been produced and",10b495d541bde688ebfea7ce2d15dbd8f163ec818657ead3663acb6511bd9560.pdf,10b495d541bde688ebfea7ce2d15dbd8f163ec818657ead3663acb6511bd9560.pdf
"How does the government involve different groups, like people with disabilities or from different cultures, in their disaster planning?","Consultations/m
eetings-
workshops 
Discussions held 
during PEB 
meetings. 
25% TRAC 2,000   
    
Activity 7.5 Support GESI 
Action Task Force Group 
under the leadership of 
DWC and MoHA for GESI 
integration in DRM at 
policy and progammative 
level across all DRR 
stakeholders.  
2 meetings, 1 ws 
organized 
1 meetings of 
GESI Action 
Task Force 
meetings held 
jointly with 
MoHA, 
MoWCSW,","were discussed. The meetings identified a need to orient GESI focal persons/officials and DRR focal 
persons jointly to enhance understanding of mainstreaming GESI in DRR planning, implementation 
and project cycle.  
•  45 GoN officials (GESI Focal Persons and DRR Focal Persons) were oriented on integration of GESI 
in DRR/CCA planning and implementation through two days' workshop.",10b495d541bde688ebfea7ce2d15dbd8f163ec818657ead3663acb6511bd9560.pdf,10b495d541bde688ebfea7ce2d15dbd8f163ec818657ead3663acb6511bd9560.pdf
What's the purpose behind these numbers and the organizations they're associated with?,"meetings held 
jointly with 
MoHA, 
MoWCSW, 
others. 
100% TRAC 2,000   
    
        TRAC 11,963       
          DFID 480","risk 
Regular 
4 QWPs, AWP 
with revisions, 4 
QPRs prepared, 
shared in PEB 
meetings 
100% TRAC 9,305   
    
        TRAC 27,304       
        TRAC 12,866       
        TRAC 5,201       
Activity 8.5. Support 
contingency activities such 
a as missions, cross 
flagship and other relevant 
Activity  as and when 
requested by the  RC and  
UNDPCO 
Regular 
Done  
100% TRAC 10,400",10b495d541bde688ebfea7ce2d15dbd8f163ec818657ead3663acb6511bd9560.pdf,10b495d541bde688ebfea7ce2d15dbd8f163ec818657ead3663acb6511bd9560.pdf
,"Achieve
ments of 
Targets 
in % 
Funding 
Source 
(code) 
Approved 
Budget 
Amount 
Spent 
Expenditure 
in % against 
approved 
budget 
Remarks if 
targets not 
fully 
achieved 
          DFID 34       
Sub Total Activity Result 7         31,001 29,702
.99 96%   
Activity 
Result 8:  
Managemen
t, M&E and 
support 
services 
(ATLAS 
Activity 8) 
Activity 8.1: Oversight 
planning as well as the","Achieve
ments of 
Targets 
in % 
Funding 
Source 
(code) 
Approved 
Budget 
Amount 
Spent 
Expenditure 
in % against 
approved 
budget 
Remarks if 
targets not 
fully 
achieved 
Programme 
Support 
(ATLAS 
Activity 4) 
Programme Support Costs 
      ECHO                  
3,793        
      ECHO                  
6,075        
      ECHO                  
7,290",10b495d541bde688ebfea7ce2d15dbd8f163ec818657ead3663acb6511bd9560.pdf,10b495d541bde688ebfea7ce2d15dbd8f163ec818657ead3663acb6511bd9560.pdf
How do people usually keep track of whether a disaster management project is going as planned?,"Activity 8.1: Oversight 
planning as well as the 
implementation of the 
AWP/QWPs 
Regular 
Oversight and 
monitoring for 
project 
implementation 
was regular 
100% 
TRAC 145,477       
TRAC 19,756   
    
Activity 8.4. Prepare four 
QWPs, QPRs, one AWP, one 
APR, one IWP and 
CPAP/UNDAF programme 
prepare and quarterly 
updates of the programme  
risk 
Regular 
4 QWPs, AWP 
with revisions, 4","risk 
Regular 
4 QWPs, AWP 
with revisions, 4 
QPRs prepared, 
shared in PEB 
meetings 
100% TRAC 9,305   
    
        TRAC 27,304       
        TRAC 12,866       
        TRAC 5,201       
Activity 8.5. Support 
contingency activities such 
a as missions, cross 
flagship and other relevant 
Activity  as and when 
requested by the  RC and  
UNDPCO 
Regular 
Done  
100% TRAC 10,400",10b495d541bde688ebfea7ce2d15dbd8f163ec818657ead3663acb6511bd9560.pdf,10b495d541bde688ebfea7ce2d15dbd8f163ec818657ead3663acb6511bd9560.pdf
Do they check in regularly with the people in charge to make sure everything is being done correctly?,"risk 
Regular 
4 QWPs, AWP 
with revisions, 4 
QPRs prepared, 
shared in PEB 
meetings 
100% TRAC 9,305   
    
        TRAC 27,304       
        TRAC 12,866       
        TRAC 5,201       
Activity 8.5. Support 
contingency activities such 
a as missions, cross 
flagship and other relevant 
Activity  as and when 
requested by the  RC and  
UNDPCO 
Regular 
Done  
100% TRAC 10,400","Activity 8.1: Oversight 
planning as well as the 
implementation of the 
AWP/QWPs 
Regular 
Oversight and 
monitoring for 
project 
implementation 
was regular 
100% 
TRAC 145,477       
TRAC 19,756   
    
Activity 8.4. Prepare four 
QWPs, QPRs, one AWP, one 
APR, one IWP and 
CPAP/UNDAF programme 
prepare and quarterly 
updates of the programme  
risk 
Regular 
4 QWPs, AWP 
with revisions, 4",10b495d541bde688ebfea7ce2d15dbd8f163ec818657ead3663acb6511bd9560.pdf,10b495d541bde688ebfea7ce2d15dbd8f163ec818657ead3663acb6511bd9560.pdf
How does the team track progress and see if they've actually accomplished what they were supposed to after all the planning?,"Achieve
ments of 
Targets 
in % 
Funding 
Source 
(code) 
Approved 
Budget 
Amount 
Spent 
Expenditure 
in % against 
approved 
budget 
Remarks if 
targets not 
fully 
achieved 
    TRAC 3,911       
    TRAC 1,784       
    TRAC 8,375       
    TRAC 3,272       
    TRAC 6,541       
    TRAC 3,447       
    TRAC 8,178       
    TRAC 40,692       
    TRAC 6,010       
    TRAC 2,883","Achieve
ments of 
Targets 
in % 
Funding 
Source 
(code) 
Approved 
Budget 
Amount 
Spent 
Expenditure 
in % against 
approved 
budget 
Remarks if 
targets not 
fully 
achieved 
      TRAC 14,324       
      TRAC 367       
      TRAC 3,823       
      TRAC 13,468   
    
      TRAC 1,678   
    
        TRAC 660   
    
        TRAC 1,500       
Preparation of RSLUP 
Guideline in Government",10b495d541bde688ebfea7ce2d15dbd8f163ec818657ead3663acb6511bd9560.pdf,10b495d541bde688ebfea7ce2d15dbd8f163ec818657ead3663acb6511bd9560.pdf
How do disaster management efforts typically get funded and allocated to different activities?,"Achieve
ments of 
Targets 
in % 
Funding 
Source 
(code) 
Approved 
Budget 
Amount 
Spent 
Expenditure 
in % against 
approved 
budget 
Remarks if 
targets not 
fully 
achieved 
Sub Total Activity Result 8         406,891 426,01
4.69 105%   
CPAP Output 7.2: Urban Populations are better able to prepare for and manage hazard   
  
                    
Activity 
Result 2.4 
Reconstructi
on of","Achieve
ments of 
Targets 
in % 
Funding 
Source 
(code) 
Approved 
Budget 
Amount 
Spent 
Expenditure 
in % against 
approved 
budget 
Remarks if 
targets not 
fully 
achieved 
 CPAP Output 7.4: National preparedness and emergency systems are able to effectively prepare for 
and respond to hazard related disaster  
        
Activity 
Result 5:  
Emergency 
facility 
provided 
and 
strengthene",10b495d541bde688ebfea7ce2d15dbd8f163ec818657ead3663acb6511bd9560.pdf,10b495d541bde688ebfea7ce2d15dbd8f163ec818657ead3663acb6511bd9560.pdf
Does the area try to rebuild homes in a way that's safer from future disasters?,"Activity 
Result 2.4 
Reconstructi
on of 
damaged/de
stroyed 
houses 
undertaken 
in a risk  
informed  
resilient 
building 
(ATLAS 
Activity 1).  
  
Design Contest 
for safe EWS 
housing 
    TRAC 10,249   
    
Implement awareness 
raising  campaign and 
demonstration of 
technologies for safer  and 
disaster resilient  building 
construction .  
One VDC One 
Mason Scheme 
(1 District)","progress 
up to 2016 
Means of 
verification 
Reconstruction of 
damaged/destroy
ed houses 
undertaken in a 
risk informed   
resilient building 
# No. EQ affected 
districts/VDCs 
covered under 
awareness raising 
on safer buildi ng 
constructions 
# Engineers/ 
masons trained 
 
Very less 
awareness 
outside KV 
Inadequat
e 
engineers/
masons 
trained 
# Awareness 
raising to all 
VDCs in",10b495d541bde688ebfea7ce2d15dbd8f163ec818657ead3663acb6511bd9560.pdf,10b495d541bde688ebfea7ce2d15dbd8f163ec818657ead3663acb6511bd9560.pdf
What's the purpose of setting up those different units or systems within this project?,"One VDC One 
Mason Scheme 
(1 District) 
    TRAC-
2015-PO 33,971   
    
      TRAC-
2015-PO 2,393       
      TRAC 13,894       
      TRAC 2,871       
      TRAC 18,015       
      TRAC 268       
Technology 
demonstration 
Units/ parks 
One TDC on GI 
Wire and one on 
CSEB 
constructed  
100% TRAC 12,610   
  
Revised to 
USD 14324 
      CPR TTF 7,203       
      CPR TTF 12,616","Development 
Planning"" 
carried out as a 
technical 
support to NPC. 
100% 
TRAC-
2015-PO 5,467   
    
Consultations meetings for 
study/review 
TRAC 34       
TRAC 327       
TRAC 6,509       
TRAC 154   
    
Capacities of 
CTEVT's 
Trainers 
(140) 
enhanced 
and local 
masons 
(280) 
trained on 
safe 
construction 
in post EQ 
2015 
scenario 
(ATLAS 
Activity 2) 
Support to enhance",10b495d541bde688ebfea7ce2d15dbd8f163ec818657ead3663acb6511bd9560.pdf,10b495d541bde688ebfea7ce2d15dbd8f163ec818657ead3663acb6511bd9560.pdf
How does one determine if they've successfully met their goals in a situation like this?,"Achieve
ments of 
Targets 
in % 
Funding 
Source 
(code) 
Approved 
Budget 
Amount 
Spent 
Expenditure 
in % against 
approved 
budget 
Remarks if 
targets not 
fully 
achieved 
      TRAC 14,324       
      TRAC 367       
      TRAC 3,823       
      TRAC 13,468   
    
      TRAC 1,678   
    
        TRAC 660   
    
        TRAC 1,500       
Preparation of RSLUP 
Guideline in Government","Achieve
ments of 
Targets 
in % 
Funding 
Source 
(code) 
Approved 
Budget 
Amount 
Spent 
Expenditure 
in % against 
approved 
budget 
Remarks if 
targets not 
fully 
achieved 
    TRAC 3,911       
    TRAC 1,784       
    TRAC 8,375       
    TRAC 3,272       
    TRAC 6,541       
    TRAC 3,447       
    TRAC 8,178       
    TRAC 40,692       
    TRAC 6,010       
    TRAC 2,883",10b495d541bde688ebfea7ce2d15dbd8f163ec818657ead3663acb6511bd9560.pdf,10b495d541bde688ebfea7ce2d15dbd8f163ec818657ead3663acb6511bd9560.pdf
Does it have something to do with planning for or responding to emergencies after a disaster?,"Preparation of RSLUP 
Guideline in Government 
format 
Revise the 
guideline as per 
MoFALD need 
Done 100% 
Baidu 
Foundati
on 
1,911   
    
LOA - IOE   cost of debris 
management  
Conduct study 
on producing 
Upcycled block 
with use of 
debris 
Done 100% 
Baidu 
Foundati
on 
4,499   
    
  
    
  
Baidu 
Foundati
on 
870   
    
University Twinning (CEPT 
University, IOE) + Site level","process during 2016 as well. 
• Study carried out by the project in 2012/13 - Urban Growth Trend and Hazards in Kathmandu 
Valley was relevant for development for RSLUP for Kathmandu Valley. The RSLUP experience from 
Kathmandu Valley became a knowledge base for developing RSLUP guidelines in Nepali for all the",10b495d541bde688ebfea7ce2d15dbd8f163ec818657ead3663acb6511bd9560.pdf,10b495d541bde688ebfea7ce2d15dbd8f163ec818657ead3663acb6511bd9560.pdf
Was this related to how people rebuild their communities after a big earthquake?,"University, IOE) + Site level 
work 
Prepare process 
manual and 
report on 
""Reclustering of 
settlements 
affected by EQ"" 
Process manual 
prepared based 
on study of 
Majhi gaun in 
Sindhupalchowk 
100% 
Baidu 
Foundati
on 
17,340   
    
        
Baidu 
Foundati
on 
151","could reach about 2,000 HHs in 54 VDCs of Sindhupalchowk. 
Similarly, technological research and demonstration for 
supporting reconstruction in the EQ affected districts, piloting 
of four different initiatives namely (i) construction of 
prototype for GI contained stone masonry building, (ii) 
construction of prototype for Compressed Stabilized Earthen",10b495d541bde688ebfea7ce2d15dbd8f163ec818657ead3663acb6511bd9560.pdf,10b495d541bde688ebfea7ce2d15dbd8f163ec818657ead3663acb6511bd9560.pdf
Do they have some sort of system in place to ensure that money spent on disaster recovery efforts is being used effectively?,"Achieve
ments of 
Targets 
in % 
Funding 
Source 
(code) 
Approved 
Budget 
Amount 
Spent 
Expenditure 
in % against 
approved 
budget 
Remarks if 
targets not 
fully 
achieved 
        
Baidu 
Foundati
on 
1,837   
    
Support to monitor 
incorporation of building 
codes and seismic safety in 
housing reconstruction 
DUDBC/ MOUD 
Secretariat 
Strengthening 
Done 100% 
TRAC-","Achieve
ments of 
Targets 
in % 
Funding 
Source 
(code) 
Approved 
Budget 
Amount 
Spent 
Expenditure 
in % against 
approved 
budget 
Remarks if 
targets not 
fully 
achieved 
installed ( 
Atlas 
Activity 1) 
Output 2.2 
Increased 
awareness 
and 
demand-
creation 
leading to 
the 
population 
having 
improved 
understandi
ng and 
awareness 
of safer 
building 
construction 
in the target",10b495d541bde688ebfea7ce2d15dbd8f163ec818657ead3663acb6511bd9560.pdf,10b495d541bde688ebfea7ce2d15dbd8f163ec818657ead3663acb6511bd9560.pdf
,"Secretariat 
Strengthening 
Done 100% 
TRAC-
2015-PO 49,900       
DFID 690       
DFID 170       
DFID 48       
Support to DUDBC to 
review technical proposals 
for including them in 
Volume II Catalogue 
Hired two 
experts in 
reviewing the 
technologies 
Done 100% TRAC 9,149   
    
Conduct 
workshop on 
forwarded 
technologies 
Done 100% TRAC 2,329   
    
  Training and 
Launching - 
EBPS","hes, other 
reports, 
database 
updated 
different 
documents/publ
ications printed 
out for different 
components. 
  TRAC 1,996   
    
Activity 7.3 National 
workshop for Achievement 
sharing of CDRMP  
1 sharing 
workshop moved for 2017   TRAC 3,000   
    
        TRAC -42       
Activity 7.4 Consulation 
meeting for next phase  
project formualtions  
Consultations/m
eetings-
workshops",10b495d541bde688ebfea7ce2d15dbd8f163ec818657ead3663acb6511bd9560.pdf,10b495d541bde688ebfea7ce2d15dbd8f163ec818657ead3663acb6511bd9560.pdf
"What's the process for getting some of these prepared documents out to the people who need them, when they're ready?","Training and 
Launching - 
EBPS 
Done 100% TRAC 3,500   
    
Printing Support to MOUD - 
Retrofitting Guideline       TRAC 9,000       
      TRAC 2,000       
Preparation of LDRMP 
Contractual 
Service to 
prepared 5 
LDRMP 
On going 40% TRAC 6,000   
    
Printing/Publication of 
Illustrated Guideline (Stone 
Masonry) 
Translation and 
printing of 
guideline 
On going   TRAC 1,000","Management 
      TRAC 8,000   
    
3.4.15 Finalization and 
printing of CRM Strategy       TRAC 1,000   
    
        TRAC 1,000       
Total 
Budget/TRA
C 
          88,154",10b495d541bde688ebfea7ce2d15dbd8f163ec818657ead3663acb6511bd9560.pdf,10b495d541bde688ebfea7ce2d15dbd8f163ec818657ead3663acb6511bd9560.pdf
What kind of help was being given to those 3 municipalities?,"printing of 
guideline 
On going   TRAC 1,000   
    
Institutional Support 
Institutional 
support 
including IT 
equipment to 3 
municipalities 
Support 
provided to 3 
municipalities 
100% 
TRAC 5,000       
TRAC 5,000       
TRAC 5,000       
TRAC 5,000","Management 
      TRAC 8,000   
    
3.4.15 Finalization and 
printing of CRM Strategy       TRAC 1,000   
    
        TRAC 1,000       
Total 
Budget/TRA
C 
          88,154",10b495d541bde688ebfea7ce2d15dbd8f163ec818657ead3663acb6511bd9560.pdf,10b495d541bde688ebfea7ce2d15dbd8f163ec818657ead3663acb6511bd9560.pdf
Do we have any kind of plan in place to make existing buildings more secure in case of disasters?,"Achieve
ments of 
Targets 
in % 
Funding 
Source 
(code) 
Approved 
Budget 
Amount 
Spent 
Expenditure 
in % against 
approved 
budget 
Remarks if 
targets not 
fully 
achieved 
  i) Training of building 
artisans and engineers in 
earthquake resilient 
random rubble masonry; ii) 
Preparation of Ready to 
Use Manual of Repair and 
Retrofitting of Masonry 
Building in Nepal","Achieve
ments of 
Targets 
in % 
Funding 
Source 
(code) 
Approved 
Budget 
Amount 
Spent 
Expenditure 
in % against 
approved 
budget 
Remarks if 
targets not 
fully 
achieved 
construction 
of both new 
buildings 
and existing 
damaged 
buildings in 
the target 
municipaliti
es 
2.3.3Train the trainers for 
Mason’s training 
30 engineers 
trained as ToT 
30 Engineers 
trained ToT for",10b495d541bde688ebfea7ce2d15dbd8f163ec818657ead3663acb6511bd9560.pdf,10b495d541bde688ebfea7ce2d15dbd8f163ec818657ead3663acb6511bd9560.pdf
"You guys are doing a lot of work related to rebuilding in Nepal, right?","Retrofitting of Masonry 
Building in Nepal 
      TRAC 8,000       
        TRAC 20,000       
        TRAC 2,000       
  
                
  Printing IEC Material on 
Safer Building Construction 
Translation and 
printing of IEC 
materials 
On going 
50% 
TRAC 7,000   
    
Sub-Total Housing Project Activities         369,243 380,87
7.79 103%   
JAPAN 
FUND: 
Activity 
Result:  
Output 2.1","Achieve
ments of 
Targets 
in % 
Funding 
Source 
(code) 
Approved 
Budget 
Amount 
Spent 
Expenditure 
in % against 
approved 
budget 
Remarks if 
targets not 
fully 
achieved 
  i) Training of building 
artisans and engineers in 
earthquake resilient 
random rubble masonry; ii) 
Preparation of Ready to 
Use Manual of Repair and 
Retrofitting of Masonry 
Building in Nepal",10b495d541bde688ebfea7ce2d15dbd8f163ec818657ead3663acb6511bd9560.pdf,10b495d541bde688ebfea7ce2d15dbd8f163ec818657ead3663acb6511bd9560.pdf
Do they have some kind of office or team in the municipalities that helps make sure buildings are safe?,"JAPAN 
FUND: 
Activity 
Result:  
Output 2.1 
Fundamenta
l 
institutional 
capacity of 
the target 
municipaliti
es to 
effectively 
facilitate 
Code 
Compliance 
Building 
Permit 
System is 
strengthene
d and 
systems 
2.1.1 Establish the 
processes in municipalities 
for issuing code-compliant 
building permits.  
NBC desks 
established and 
functional in 3 
municipalities: 
Chautara,","JAPAN  27,000   
    
2.1.3 Provide support to 
enforce code-compliance. 
GOV 
JAPAN  8,000       
GOV 
JAPAN  7,500       
GOV 
JAPAN  5,000       
2.1.4 Provide technical 
support to formulate 
RSLUP, update building 
bye-laws and integrate into 
permit system 
GOV 
JAPAN  28,200",10b495d541bde688ebfea7ce2d15dbd8f163ec818657ead3663acb6511bd9560.pdf,10b495d541bde688ebfea7ce2d15dbd8f163ec818657ead3663acb6511bd9560.pdf
How does the Japanese government help provide technical services to communities affected by disasters?,"functional in 3 
municipalities: 
Chautara, 
Panchkhal and 
Melamchi 
NBC desks 
established and 
made functional 
in the three 
municipalities. 
Technical 
support 
provided to each 
municipality 
with 2 
engineers. 
100% 
GOV 
JAPAN  7,000   
    
2.1.2 Provide technical 
support to building permit 
section engineer technical 
support 
GOV 
JAPAN  27,000   
    
2.1.3 Provide support to","JAPAN 
FUND: 
Activity 
Result:  
Output 2.1 
Fundamenta
l 
institutional 
capacity of 
the target 
municipaliti
es to 
effectively 
facilitate 
Code 
Compliance 
Building 
Permit 
System is 
strengthene
d and 
systems 
2.1.1 Establish the 
processes in municipalities 
for issuing code-compliant 
building permits.  
NBC desks 
established and 
functional in 3 
municipalities: 
Chautara,",10b495d541bde688ebfea7ce2d15dbd8f163ec818657ead3663acb6511bd9560.pdf,10b495d541bde688ebfea7ce2d15dbd8f163ec818657ead3663acb6511bd9560.pdf
"After a disaster, don't governments often send teams to help the affected areas rebuild and prepare for future emergencies, right?","JAPAN  27,000   
    
2.1.3 Provide support to 
enforce code-compliance. 
GOV 
JAPAN  8,000       
GOV 
JAPAN  7,500       
GOV 
JAPAN  5,000       
2.1.4 Provide technical 
support to formulate 
RSLUP, update building 
bye-laws and integrate into 
permit system 
GOV 
JAPAN  28,200","JAPAN 
FUND: 
Activity 
Result:  
Output 2.1 
Fundamenta
l 
institutional 
capacity of 
the target 
municipaliti
es to 
effectively 
facilitate 
Code 
Compliance 
Building 
Permit 
System is 
strengthene
d and 
systems 
2.1.1 Establish the 
processes in municipalities 
for issuing code-compliant 
building permits.  
NBC desks 
established and 
functional in 3 
municipalities: 
Chautara,",10b495d541bde688ebfea7ce2d15dbd8f163ec818657ead3663acb6511bd9560.pdf,10b495d541bde688ebfea7ce2d15dbd8f163ec818657ead3663acb6511bd9560.pdf
Do you think there's a point in the process where they check if people are actually using the safer building construction methods after the project?,"Achieve
ments of 
Targets 
in % 
Funding 
Source 
(code) 
Approved 
Budget 
Amount 
Spent 
Expenditure 
in % against 
approved 
budget 
Remarks if 
targets not 
fully 
achieved 
installed ( 
Atlas 
Activity 1) 
Output 2.2 
Increased 
awareness 
and 
demand-
creation 
leading to 
the 
population 
having 
improved 
understandi
ng and 
awareness 
of safer 
building 
construction 
in the target","Achieve
ments of 
Targets 
in % 
Funding 
Source 
(code) 
Approved 
Budget 
Amount 
Spent 
Expenditure 
in % against 
approved 
budget 
Remarks if 
targets not 
fully 
achieved 
Programme 
Support 
(ATLAS 
Activity 4) 
Programme Support Costs 
      ECHO                  
3,793        
      ECHO                  
6,075        
      ECHO                  
7,290",10b495d541bde688ebfea7ce2d15dbd8f163ec818657ead3663acb6511bd9560.pdf,10b495d541bde688ebfea7ce2d15dbd8f163ec818657ead3663acb6511bd9560.pdf
Are they setting up some kind of center or service to help with building construction in the affected areas?,"of safer 
building 
construction 
in the target 
municipaliti
es 
2.2.1 Establish weekly 
orientations in the 
municipality 
Weekly 
orientation 
conducted 
Weekly 
orientation 
conducted in all 
3 municipalities 
100% GOV 
JAPAN  4,500   
    
2.2.2 Establish Building 
construction support 
centre in each municipality 
3 centers 3 centers 
established 100% GOV 
JAPAN  40,000","JAPAN 
FUND: 
Activity 
Result:  
Output 2.1 
Fundamenta
l 
institutional 
capacity of 
the target 
municipaliti
es to 
effectively 
facilitate 
Code 
Compliance 
Building 
Permit 
System is 
strengthene
d and 
systems 
2.1.1 Establish the 
processes in municipalities 
for issuing code-compliant 
building permits.  
NBC desks 
established and 
functional in 3 
municipalities: 
Chautara,",10b495d541bde688ebfea7ce2d15dbd8f163ec818657ead3663acb6511bd9560.pdf,10b495d541bde688ebfea7ce2d15dbd8f163ec818657ead3663acb6511bd9560.pdf
What's the role of these technology demonstration units in helping with recovery from a big disaster?,"established 100% GOV 
JAPAN  40,000   
    
2.2.3 Construct a 
technology demonstration 
unit/ building construction 
technology support centre 
2 TDCs each in 3 
municipalities 
constructed 
6 TDCs (2 TDCs 
each in 3 
municipalities) 
almost 
completed 
80% GOV 
JAPAN  2,000 
      
2.2.4 Support Women’s 
groups and networks active 
engagement in housing 
reconstruction 
Women groups","reconstruction 
Women groups 
formed and 
orineted in three 
municipalities 
Women groups 
oriented 100% GOV 
JAPAN  4,000   
    
Output 2.3 
Pool of 
skilled 
human 
resources 
developed/ 
enhanced to 
support the 
safer 
2.3.1 Train engineers and 
sub-engineers on building 
codes implementation 
60 engineers 
trained 
30 engineers 
trained on 
StadPro 
100% GOV 
JAPAN  9,500",10b495d541bde688ebfea7ce2d15dbd8f163ec818657ead3663acb6511bd9560.pdf,10b495d541bde688ebfea7ce2d15dbd8f163ec818657ead3663acb6511bd9560.pdf
Do you guys have a program or system in place to identify and utilize people with specialized skills after a disaster?,"reconstruction 
Women groups 
formed and 
orineted in three 
municipalities 
Women groups 
oriented 100% GOV 
JAPAN  4,000   
    
Output 2.3 
Pool of 
skilled 
human 
resources 
developed/ 
enhanced to 
support the 
safer 
2.3.1 Train engineers and 
sub-engineers on building 
codes implementation 
60 engineers 
trained 
30 engineers 
trained on 
StadPro 
100% GOV 
JAPAN  9,500","established 100% GOV 
JAPAN  40,000   
    
2.2.3 Construct a 
technology demonstration 
unit/ building construction 
technology support centre 
2 TDCs each in 3 
municipalities 
constructed 
6 TDCs (2 TDCs 
each in 3 
municipalities) 
almost 
completed 
80% GOV 
JAPAN  2,000 
      
2.2.4 Support Women’s 
groups and networks active 
engagement in housing 
reconstruction 
Women groups",10b495d541bde688ebfea7ce2d15dbd8f163ec818657ead3663acb6511bd9560.pdf,10b495d541bde688ebfea7ce2d15dbd8f163ec818657ead3663acb6511bd9560.pdf
Are there local workers who've been prepared to help with things like building repair after a big incident?,"StadPro 
100% GOV 
JAPAN  9,500   
    
2.3.2 Train masons 
(women and men) in 
municipalities on safe 
construction and create a 
roster of trained masons 
270 masons 271 masons 
trained 100% GOV 
JAPAN  54,000","trained as ToT 
30 Engineers 
trained ToT for 
masons training 
100% GOV 
JAPAN  10,000   
    
Activity 
Result 2.4 
Reconstructi
on of 
damaged/de
stroyed 
houses 
undertaken 
in a risk  
informed  
resilient 
building.  
        GOV 
JAPAN  1,800   
    
          GOV 
JAPAN  22,200       
          GOV 
JAPAN  1,500       
  GMS       GOV 
JAPAN  18,576       
Sub-Total 
Output 
(Japan fund)",10b495d541bde688ebfea7ce2d15dbd8f163ec818657ead3663acb6511bd9560.pdf,10b495d541bde688ebfea7ce2d15dbd8f163ec818657ead3663acb6511bd9560.pdf
Do you know what specific steps were taken to repair damaged buildings in the affected areas?,"Achieve
ments of 
Targets 
in % 
Funding 
Source 
(code) 
Approved 
Budget 
Amount 
Spent 
Expenditure 
in % against 
approved 
budget 
Remarks if 
targets not 
fully 
achieved 
construction 
of both new 
buildings 
and existing 
damaged 
buildings in 
the target 
municipaliti
es 
2.3.3Train the trainers for 
Mason’s training 
30 engineers 
trained as ToT 
30 Engineers 
trained ToT for","Achieve
ments of 
Targets 
in % 
Funding 
Source 
(code) 
Approved 
Budget 
Amount 
Spent 
Expenditure 
in % against 
approved 
budget 
Remarks if 
targets not 
fully 
achieved 
  i) Training of building 
artisans and engineers in 
earthquake resilient 
random rubble masonry; ii) 
Preparation of Ready to 
Use Manual of Repair and 
Retrofitting of Masonry 
Building in Nepal",10b495d541bde688ebfea7ce2d15dbd8f163ec818657ead3663acb6511bd9560.pdf,10b495d541bde688ebfea7ce2d15dbd8f163ec818657ead3663acb6511bd9560.pdf
Was it something about how the government of Japan helped rebuild communities that were affected by a big event?,"trained as ToT 
30 Engineers 
trained ToT for 
masons training 
100% GOV 
JAPAN  10,000   
    
Activity 
Result 2.4 
Reconstructi
on of 
damaged/de
stroyed 
houses 
undertaken 
in a risk  
informed  
resilient 
building.  
        GOV 
JAPAN  1,800   
    
          GOV 
JAPAN  22,200       
          GOV 
JAPAN  1,500       
  GMS       GOV 
JAPAN  18,576       
Sub-Total 
Output 
(Japan fund)","StadPro 
100% GOV 
JAPAN  9,500   
    
2.3.2 Train masons 
(women and men) in 
municipalities on safe 
construction and create a 
roster of trained masons 
270 masons 271 masons 
trained 100% GOV 
JAPAN  54,000",10b495d541bde688ebfea7ce2d15dbd8f163ec818657ead3663acb6511bd9560.pdf,10b495d541bde688ebfea7ce2d15dbd8f163ec818657ead3663acb6511bd9560.pdf
What's the focus of those projects on helping people prepare for or respond to emergencies?,"Sub-Total 
Output 
(Japan fund) 
          250,266 250,26
6 100%   
CPAP Output 7.3:  Vulnerable populations have increased knowledge about disaster risk management and capacity for climate cha nge adaptation 
and mitigation of risks (Project ID: 84111) ATLAS Activity 3","ion 
3 outside 
KV initiated 
Project 
reports 
CPAP Output 7.3 Vulnerable populations have increased knowledge about disaster risk management and capacity for climate chang e adaptation and 
mitigation of risks  
National and local 
vulnerabilities 
arising from 
climate risks 
understood 
(ICRM in Dolakha  
and Surkhet) 
# CB EWS 
established in 
Dolakha and Surkhet 
0 CB EWS 
established in",10b495d541bde688ebfea7ce2d15dbd8f163ec818657ead3663acb6511bd9560.pdf,10b495d541bde688ebfea7ce2d15dbd8f163ec818657ead3663acb6511bd9560.pdf
Do you have to set up emergency systems in remote areas before a disaster strikes?,"Achieve
ments of 
Targets 
in % 
Funding 
Source 
(code) 
Approved 
Budget 
Amount 
Spent 
Expenditure 
in % against 
approved 
budget 
Remarks if 
targets not 
fully 
achieved 
Annual 
Targets:  
 
Installation 
of CB-EWS in 
Tsho Rolpa - 
linked with 
capacity 
building of 
local 
communitie
s and last 
mile 
connectivity 
(from local 
to district 
and national 
level).  
 
EWS 
Strategy for","Achieve
ments of 
Targets 
in % 
Funding 
Source 
(code) 
Approved 
Budget 
Amount 
Spent 
Expenditure 
in % against 
approved 
budget 
Remarks if 
targets not 
fully 
achieved 
  
Assessment of outcomes of 
EBPS in KMC and LSMC and 
Manual BPS in 3 
municipalities and earlier 6 
VDCs 
  Assessment 
carried out 100% TRAC 4,069",10b495d541bde688ebfea7ce2d15dbd8f163ec818657ead3663acb6511bd9560.pdf,10b495d541bde688ebfea7ce2d15dbd8f163ec818657ead3663acb6511bd9560.pdf
Is there some sort of national system for tracking weather-related information to help with decision-making?,"and national 
level).  
 
EWS 
Strategy for 
Nepal 
endorsed 
and EWS 
network 
strengthene
d 
 
Weather 
related 
forecast 
data into 
agricultural 
sector 
applied  
 
                  
Activity 3.1.3: Support 
national hydro-met 
agencies with monitoring, 
tracking and analysis of 
climate/weather 
data/information in 
collaboration with DHM, 
MoHA and DoA and other 
line agencies","MoHA and DoA and other 
line agencies  
1 Consultant to 
support 
application of 
weather related 
forecast data (3-
5 days) into 
agricultural 
sector (i.e. 
application 
sectoral EWS)  
 
EWS network 
strengthened 
3 days weather 
forecast system 
developed 
integrated in 
DHM website. 
Supported DHM 
with improved 
database and IT 
system of DHM. 
100% BCPR-
SWE 5,852",10b495d541bde688ebfea7ce2d15dbd8f163ec818657ead3663acb6511bd9560.pdf,10b495d541bde688ebfea7ce2d15dbd8f163ec818657ead3663acb6511bd9560.pdf
Do they have a way to use weather forecasts to help plan for potential problems in farming?,"MoHA and DoA and other 
line agencies  
1 Consultant to 
support 
application of 
weather related 
forecast data (3-
5 days) into 
agricultural 
sector (i.e. 
application 
sectoral EWS)  
 
EWS network 
strengthened 
3 days weather 
forecast system 
developed 
integrated in 
DHM website. 
Supported DHM 
with improved 
database and IT 
system of DHM. 
100% BCPR-
SWE 5,852","and national 
level).  
 
EWS 
Strategy for 
Nepal 
endorsed 
and EWS 
network 
strengthene
d 
 
Weather 
related 
forecast 
data into 
agricultural 
sector 
applied  
 
                  
Activity 3.1.3: Support 
national hydro-met 
agencies with monitoring, 
tracking and analysis of 
climate/weather 
data/information in 
collaboration with DHM, 
MoHA and DoA and other 
line agencies",10b495d541bde688ebfea7ce2d15dbd8f163ec818657ead3663acb6511bd9560.pdf,10b495d541bde688ebfea7ce2d15dbd8f163ec818657ead3663acb6511bd9560.pdf
How do communities typically prepare for potential disasters in areas where flooding is a concern?,"system of DHM. 
100% BCPR-
SWE 5,852   
    
                  
Activity 3.1.4: Assess and 
install a community based 
early warning system in 
one sub watershed and link 
with DEOC/REOC and 
NEOC- Surkhet 
Installation of 
telemetric 
stations in Sot 
Khola sub-
watershed, 
Surkhet (as per 
the assessment - 
see activity 
below) and 
Capacity 
Building 
Training for the 
Community 
(GESI","watersheds/sub-watersheds for resource allocation and interventions. Support to the Department of 
Hydrology and Meterology (DHM) was continued in 2016 which resulted in establishment of Community 
based Early Warning System in Maadi, Chitwan and Surkhet. Besides, other support such as Digital Elevation",10b495d541bde688ebfea7ce2d15dbd8f163ec818657ead3663acb6511bd9560.pdf,10b495d541bde688ebfea7ce2d15dbd8f163ec818657ead3663acb6511bd9560.pdf
Is this something to do with preparing a community for natural disasters in a certain region?,"Building 
Training for the 
Community 
(GESI 
integrated) 
Installation of 
telemetric 
stations in Sot 
Khola 
subwatershed, 
Surkhet done 
100% BCPR-
SWE 8,209","system of DHM. 
100% BCPR-
SWE 5,852   
    
                  
Activity 3.1.4: Assess and 
install a community based 
early warning system in 
one sub watershed and link 
with DEOC/REOC and 
NEOC- Surkhet 
Installation of 
telemetric 
stations in Sot 
Khola sub-
watershed, 
Surkhet (as per 
the assessment - 
see activity 
below) and 
Capacity 
Building 
Training for the 
Community 
(GESI",10b495d541bde688ebfea7ce2d15dbd8f163ec818657ead3663acb6511bd9560.pdf,10b495d541bde688ebfea7ce2d15dbd8f163ec818657ead3663acb6511bd9560.pdf
Does the budget for setting up the weather station count towards the overall budget for the larger project?,"Achieve
ments of 
Targets 
in % 
Funding 
Source 
(code) 
Approved 
Budget 
Amount 
Spent 
Expenditure 
in % against 
approved 
budget 
Remarks if 
targets not 
fully 
achieved 
Telemetric 
Weather 
station in 
Surkhet 
installed  
Total 
Budget/BCP
R-SWE 
          14,061 0.00 
    
Annual 
Targets:  
 
1 Integrated 
Watershed 
Managemen
t Plan as 
well as CR 
Assessment 
(Sot Khola, 
Surkhet)","Achieve
ments of 
Targets 
in % 
Funding 
Source 
(code) 
Approved 
Budget 
Amount 
Spent 
Expenditure 
in % against 
approved 
budget 
Remarks if 
targets not 
fully 
achieved 
Annual 
Targets:  
 
Installation 
of CB-EWS in 
Tsho Rolpa - 
linked with 
capacity 
building of 
local 
communitie
s and last 
mile 
connectivity 
(from local 
to district 
and national 
level).  
 
EWS 
Strategy for",10b495d541bde688ebfea7ce2d15dbd8f163ec818657ead3663acb6511bd9560.pdf,10b495d541bde688ebfea7ce2d15dbd8f163ec818657ead3663acb6511bd9560.pdf
What kind of actions do communities usually take to prepare for and withstand natural disasters?,"well as CR 
Assessment 
(Sot Khola, 
Surkhet) 
completed 
 
Small 
mitigation 
measures in 
2 districts 
Activity 3.3.2: Facilitate 
development and 
implementation of sector-
specific or community level 
CRM interventions to build 
resilience in collaboration 
with MoSTE, MoAD, 
MoFALD 
Small mitigation 
measures in 
Khare Suri and 
Sorung Khola 
sub-watersheds 
of Dolakha (10 
VDC) completed","sub-watersheds 
of Dolakha (10 
VDC) completed  
Small mitigation 
measures in 
Khare Suri and 
Sorung Khola 
sub-watersheds 
of Dolakha (10 
VDC) completed  
100% BCPR-
SWE 30,715   
    
Small mitigation 
measures in Sot 
Khola sub-
watersheds of 
Surkhet (3 VDC) 
completed  
Small mitigation 
measures in Sot 
Khola sub-
watersheds of 
Surkhet (3 VDC) 
completed  
100% BCPR-
SWE 28,057",10b495d541bde688ebfea7ce2d15dbd8f163ec818657ead3663acb6511bd9560.pdf,10b495d541bde688ebfea7ce2d15dbd8f163ec818657ead3663acb6511bd9560.pdf
,"sub-watersheds 
of Dolakha (10 
VDC) completed  
Small mitigation 
measures in 
Khare Suri and 
Sorung Khola 
sub-watersheds 
of Dolakha (10 
VDC) completed  
100% BCPR-
SWE 30,715   
    
Small mitigation 
measures in Sot 
Khola sub-
watersheds of 
Surkhet (3 VDC) 
completed  
Small mitigation 
measures in Sot 
Khola sub-
watersheds of 
Surkhet (3 VDC) 
completed  
100% BCPR-
SWE 28,057","Khare Suri and 
Sorung Khola 
sub-watersheds 
of Dolakha (10 
VDC) completed  
100% BCPR-
SWE 4,058   
    
CBDRM Offices 
in Dolakha 
institutionalized
/reformed and 
equipped  
CBDRM Offices 
in Dolakha 
institutionalized
/reformed and 
equipped  
  BCPR-
SWE 2,669   
    
    
Total Budget/BCPR-SWE         65,499 0     
  
Activity 3.4.3: Facilitate 
collaboration between 
administrative",10b495d541bde688ebfea7ce2d15dbd8f163ec818657ead3663acb6511bd9560.pdf,10b495d541bde688ebfea7ce2d15dbd8f163ec818657ead3663acb6511bd9560.pdf
Do you know what's expected to happen if we don't meet some of the goals mentioned in this plan?,"Achieve
ments of 
Targets 
in % 
Funding 
Source 
(code) 
Approved 
Budget 
Amount 
Spent 
Expenditure 
in % against 
approved 
budget 
Remarks if 
targets not 
fully 
achieved 
completed  
 
CRM issues 
integrated 
into the 
agricultural 
sector at 
local level 
with DADO 
in 2 districts 
 
Capacity of 
Communitie
s 
strengthene
d in 2 
districts  
Activity 3.3.3: Support 
formulation and","Achieve
ments of 
Targets 
in % 
Funding 
Source 
(code) 
Approved 
Budget 
Amount 
Spent 
Expenditure 
in % against 
approved 
budget 
Remarks if 
targets not 
fully 
achieved 
1.2 Support the creation of 
market linkages (In 
collaboration with DOA) 
including construction of 
collection/ information 
center 
1 Agriculture 
information and 
collection center 
in Maadi, 
Chitwan estd",10b495d541bde688ebfea7ce2d15dbd8f163ec818657ead3663acb6511bd9560.pdf,10b495d541bde688ebfea7ce2d15dbd8f163ec818657ead3663acb6511bd9560.pdf
How do communities usually get prepared for unexpected events in areas prone to disasters?,"Activity 3.3.3: Support 
formulation and 
organization of training 
and capacity development 
programs for district 
agencies and communities 
on CRM (GESI integrated) 
Capacity 
Building and 
Awareness 
Activities in 
Khare Suri and 
Sorung Khola 
sub-watersheds 
of Dolakha (10 
VDC) completed  
Capacity 
Building and 
Awareness 
Activities in  
Khare Suri and 
Sorung Khola 
sub-watersheds","well as CR 
Assessment 
(Sot Khola, 
Surkhet) 
completed 
 
Small 
mitigation 
measures in 
2 districts 
Activity 3.3.2: Facilitate 
development and 
implementation of sector-
specific or community level 
CRM interventions to build 
resilience in collaboration 
with MoSTE, MoAD, 
MoFALD 
Small mitigation 
measures in 
Khare Suri and 
Sorung Khola 
sub-watersheds 
of Dolakha (10 
VDC) completed",10b495d541bde688ebfea7ce2d15dbd8f163ec818657ead3663acb6511bd9560.pdf,10b495d541bde688ebfea7ce2d15dbd8f163ec818657ead3663acb6511bd9560.pdf
How does the community get involved in disaster planning and response in Dolakha?,"Khare Suri and 
Sorung Khola 
sub-watersheds 
of Dolakha (10 
VDC) completed  
100% BCPR-
SWE 4,058   
    
CBDRM Offices 
in Dolakha 
institutionalized
/reformed and 
equipped  
CBDRM Offices 
in Dolakha 
institutionalized
/reformed and 
equipped  
  BCPR-
SWE 2,669   
    
    
Total Budget/BCPR-SWE         65,499 0     
  
Activity 3.4.3: Facilitate 
collaboration between 
administrative","sub-watersheds 
of Dolakha (10 
VDC) completed  
Small mitigation 
measures in 
Khare Suri and 
Sorung Khola 
sub-watersheds 
of Dolakha (10 
VDC) completed  
100% BCPR-
SWE 30,715   
    
Small mitigation 
measures in Sot 
Khola sub-
watersheds of 
Surkhet (3 VDC) 
completed  
Small mitigation 
measures in Sot 
Khola sub-
watersheds of 
Surkhet (3 VDC) 
completed  
100% BCPR-
SWE 28,057",10b495d541bde688ebfea7ce2d15dbd8f163ec818657ead3663acb6511bd9560.pdf,10b495d541bde688ebfea7ce2d15dbd8f163ec818657ead3663acb6511bd9560.pdf
How do different government groups usually work together to prepare for and respond to emergencies?,"collaboration between 
administrative 
departments and sector-
specific agencies by 
developing 
guidelines/manuals/protoc
ols/mechanisms for 
information sharing, 
The PE 
programme has 
been reviewed 
and areas for 
integration of 
CRM identified 
jointly with 
DWIDP.  
    TRAC 2,500   
    
      TRAC 1,810","frameworks and capacity building initiatives of CDRMP contributed for improved institutional and 
legislative system in DRM in the country. Integration of D/CRM into periodic development plans including 
D/CRM monitoring framework developed by NPC further contributes in progressive national effort of 
DRM. Support to MoHA for operationalization of EOCs network across the country involve other",10b495d541bde688ebfea7ce2d15dbd8f163ec818657ead3663acb6511bd9560.pdf,10b495d541bde688ebfea7ce2d15dbd8f163ec818657ead3663acb6511bd9560.pdf
Do we have a plan in place to address potential disruptions caused by weather-related incidents?,"Achieve
ments of 
Targets 
in % 
Funding 
Source 
(code) 
Approved 
Budget 
Amount 
Spent 
Expenditure 
in % against 
approved 
budget 
Remarks if 
targets not 
fully 
achieved 
Climate Risk Management 
(DWIDP, DSCWM…. )  
DWIDP Training 
curricula 
updated and 
manuals for 
recommended 
sessions on 
Climate Risks is 
developed (GESI 
integrated) 
Prepared 
Training Module 
on Integrated","and projects supported by UN agencies in Nepal has been developed which is under finalization 
process. 
• A Training Module on Integrated Climate Risk Management Approach in Structural and Non-
Structural Measures for Department of Water Induced Disaster Management (DWIDM) officials has 
been prepared based on the training need assessment.",10b495d541bde688ebfea7ce2d15dbd8f163ec818657ead3663acb6511bd9560.pdf,10b495d541bde688ebfea7ce2d15dbd8f163ec818657ead3663acb6511bd9560.pdf
Does the government have a plan for how different agencies work together to deal with water-related emergencies?,"Prepared 
Training Module 
on Integrated 
CRM Approach 
in Structural and 
Non-Structural 
Measures for 
Department of 
Water Induced 
Disaster 
Management 
(DWIDM) 
officials 
100% TRAC 2,000   
    
Activity 3.4.4: Support 
formulation of national 
DRR-CCA frameworks by 
involving key national 
agencies (NPC, MoSTE, 
MoHA) and stakeholders 
National CRM 
framework 
developed (GESI 
integrated)","and projects supported by UN agencies in Nepal has been developed which is under finalization 
process. 
• A Training Module on Integrated Climate Risk Management Approach in Structural and Non-
Structural Measures for Department of Water Induced Disaster Management (DWIDM) officials has 
been prepared based on the training need assessment.",10b495d541bde688ebfea7ce2d15dbd8f163ec818657ead3663acb6511bd9560.pdf,10b495d541bde688ebfea7ce2d15dbd8f163ec818657ead3663acb6511bd9560.pdf
"How do organizations like the one in Nepal plan to respond to emergencies, in terms of coordinating efforts and communication?","framework 
developed (GESI 
integrated) 
    TRAC 4,000   
    
Activity 3.4.5: Support 
developing of a CRM 
Strategy for UNDP Nepal 
and enhance CRM capacity 
within UNDP  
UNDP CRM 
Strategy 
developed  
CRM strategy for 
UN agencies in 
Nepal has been 
developed. 
75% TRAC 3,925   
    
      TRAC 75       
Activity 3.4.6 ICRMP 
Publication   
The publications 
have been 
designed and are","CRM Strategy for 
UNDP Nepal  
    BCPR-
SWE 5,970       
Travel      BCPR-
SWE 3,380       
Stationaries, Vehicle 
Maintenance, rent      BCPR-
SWE 5,390   
    
Communication Cost / 
Publication / Printing      BCPR-
SWE 611   
    
Equipment 
(IT/Communication)      BCPR-
SWE 1,329       
  
    BCPR-
SWE 2,855       
    BCPR-
SWE 7,333       
    BCPR-
SWE 8,767",10b495d541bde688ebfea7ce2d15dbd8f163ec818657ead3663acb6511bd9560.pdf,10b495d541bde688ebfea7ce2d15dbd8f163ec818657ead3663acb6511bd9560.pdf
Is there a certain number of copies being produced or distributed in relation to this project?,"The publications 
have been 
designed and are 
being printed. 
  TRAC 3,154   
    
Activity 3.4.7 Watershed 
Classification tool 
finalization 
Tool developed 
Tool was 
developed under 
leadership of 
DSCWM 
100% 
TRAC 3,000       
TRAC 5,000       
TRAC 2,000       
TRAC 10,000","system of DHM. 
100% BCPR-
SWE 5,852   
    
                  
Activity 3.1.4: Assess and 
install a community based 
early warning system in 
one sub watershed and link 
with DEOC/REOC and 
NEOC- Surkhet 
Installation of 
telemetric 
stations in Sot 
Khola sub-
watershed, 
Surkhet (as per 
the assessment - 
see activity 
below) and 
Capacity 
Building 
Training for the 
Community 
(GESI",10b495d541bde688ebfea7ce2d15dbd8f163ec818657ead3663acb6511bd9560.pdf,10b495d541bde688ebfea7ce2d15dbd8f163ec818657ead3663acb6511bd9560.pdf
Do you need to have a certain level of funding to develop something like a mobile app for agriculture?,"Achieve
ments of 
Targets 
in % 
Funding 
Source 
(code) 
Approved 
Budget 
Amount 
Spent 
Expenditure 
in % against 
approved 
budget 
Remarks if 
targets not 
fully 
achieved 
Activity 3.4.8 Promotion of 
Mobile Apps for 
Agriculture Mobile Apps 
developed,  
Mobile App 
developed under 
leadersip of 
Dept. of 
Agriculture 
100% 
TRAC 2,000       
TRAC 3,000       
Activity 3.4.9 Support for","Achieve
ments of 
Targets 
in % 
Funding 
Source 
(code) 
Approved 
Budget 
Amount 
Spent 
Expenditure 
in % against 
approved 
budget 
Remarks if 
targets not 
fully 
achieved 
1.2 Support the creation of 
market linkages (In 
collaboration with DOA) 
including construction of 
collection/ information 
center 
1 Agriculture 
information and 
collection center 
in Maadi, 
Chitwan estd",10b495d541bde688ebfea7ce2d15dbd8f163ec818657ead3663acb6511bd9560.pdf,10b495d541bde688ebfea7ce2d15dbd8f163ec818657ead3663acb6511bd9560.pdf
Is there a program or system in place to give people early warnings about potential disasters?,"TRAC 3,000       
Activity 3.4.9 Support for 
DHM for Capacity Building TRAC 5,000   
    
3.4.10 Chandane Drinking 
Water Extension (Phase II) 
Support 
CBDRMC in 
Surkhet 
CBDRMC 
supported 1 TRAC 10,000   
    
3.4.11 Documentary on 
Early Warning System       TRAC 5,000   
    
3.4.12 Automatic Weather 
Station, Charikot       TRAC 10,000   
    
3.4.13 Support to CBOs of","3.4.13 Support to CBOs of 
Sotkhola Subwatershed, 
Surkhet for Water Source 
Protection and RVT 
Fencing 
  
The activities for 
drinking water 
source 
protection have 
been completed. 
100% TRAC 5,690   
    
3.4.14 Strengthening the 
capacity of Communities 
(CBO) Journalists, GoN 
agencies at all levels on 
Integrated Climate Risk 
Management 
      TRAC 8,000",10b495d541bde688ebfea7ce2d15dbd8f163ec818657ead3663acb6511bd9560.pdf,10b495d541bde688ebfea7ce2d15dbd8f163ec818657ead3663acb6511bd9560.pdf
How do communities get involved in protecting water sources?,"3.4.13 Support to CBOs of 
Sotkhola Subwatershed, 
Surkhet for Water Source 
Protection and RVT 
Fencing 
  
The activities for 
drinking water 
source 
protection have 
been completed. 
100% TRAC 5,690   
    
3.4.14 Strengthening the 
capacity of Communities 
(CBO) Journalists, GoN 
agencies at all levels on 
Integrated Climate Risk 
Management 
      TRAC 8,000","share the key achievement and lessons learnt. 16 CBOs developed their capacity to implement 
project interventions related to integrated climate risk management and livelihood promotion. A 
better linkage with local and district level agencies was found to be developed. As per the CBOs, 
Tanks constructed with project support, Lekhgaun 
Drinking Water Scheme, Lekhgaun, Surkhet",10b495d541bde688ebfea7ce2d15dbd8f163ec818657ead3663acb6511bd9560.pdf,10b495d541bde688ebfea7ce2d15dbd8f163ec818657ead3663acb6511bd9560.pdf
What's the total cost of this plan?,"Management 
      TRAC 8,000   
    
3.4.15 Finalization and 
printing of CRM Strategy       TRAC 1,000   
    
        TRAC 1,000       
Total 
Budget/TRA
C 
          88,154","framework 
developed (GESI 
integrated) 
    TRAC 4,000   
    
Activity 3.4.5: Support 
developing of a CRM 
Strategy for UNDP Nepal 
and enhance CRM capacity 
within UNDP  
UNDP CRM 
Strategy 
developed  
CRM strategy for 
UN agencies in 
Nepal has been 
developed. 
75% TRAC 3,925   
    
      TRAC 75       
Activity 3.4.6 ICRMP 
Publication   
The publications 
have been 
designed and are",10b495d541bde688ebfea7ce2d15dbd8f163ec818657ead3663acb6511bd9560.pdf,10b495d541bde688ebfea7ce2d15dbd8f163ec818657ead3663acb6511bd9560.pdf
How do emergency plans typically factor in climate-related risks?,"Achieve
ments of 
Targets 
in % 
Funding 
Source 
(code) 
Approved 
Budget 
Amount 
Spent 
Expenditure 
in % against 
approved 
budget 
Remarks if 
targets not 
fully 
achieved 
Activity 
Result 3.5:   
National and 
local 
vulnerabiliti
es arising 
from climate 
risks 
understood 
(ATLAS 
Activity 3) - 
Communicat
ion and M&E 
of ICRM 
Activity 3.5.2: Sharing 
Workshop on Lessons","Achieve
ments of 
Targets 
in % 
Funding 
Source 
(code) 
Approved 
Budget 
Amount 
Spent 
Expenditure 
in % against 
approved 
budget 
Remarks if 
targets not 
fully 
achieved 
Expected 
Result 3.1: 
Increase in 
the number 
of 
knowledge 
exchange 
events, 
exposure 
visits 
conducted 
to facilitated 
coordinatio
n between 
Korean 
experts, UN 
agencies, 
Government 
department
s;",10b495d541bde688ebfea7ce2d15dbd8f163ec818657ead3663acb6511bd9560.pdf,10b495d541bde688ebfea7ce2d15dbd8f163ec818657ead3663acb6511bd9560.pdf
Don't they have some kind of system in place to share knowledge and successes with other communities that might need help responding to emergencies?,"Activity 3.5.2: Sharing 
Workshop on Lessons 
learnt of ICRMP activities 
Experiences of 
ICRMP's 
achievements 
shared with 
national and 
district 
stakeholders 
Experience 
workshop 
organized 
100% BCPR-
SWE 4,988   
    
Annual 
Targets:  
 
Best 
practices 
and case 
studies 
documented 
and 
published 
 
Experiences 
of ICRMP's 
capacity 
shared with 
national and 
district 
stakeholder
s","7.3). 
This component mainly deals with enhancing capabilities of local communities, who are vulnerable to 
climate and disaster risks, for   their increased resilience to these risks.  As mentioned below, the first part 
deals with the progress on ""ICRM Initiatives"" implemented under funding from UNDP Bureau of Crisis",10b495d541bde688ebfea7ce2d15dbd8f163ec818657ead3663acb6511bd9560.pdf,10b495d541bde688ebfea7ce2d15dbd8f163ec818657ead3663acb6511bd9560.pdf
How does a community work together to handle emergency situations like natural disasters?,"national and 
district 
stakeholder
s 
 
Community 
of Practice 
Activity 3.5.3: Develop a 
Community of Practice 
(CoP) on CRM 
Community of 
Practice 
organized and 
proceedings 
published (lead 
by BPPC)  
    BCPR-
SWE 1,516","sharing events, etc. for 
community people and 
other stakeholders to learn 
about good practices.  
At least 4 visits/ 
events for 
community 
people and 
stakeholders 
conducted 
Exposure visits 
for 
LDRMCs/CBDR
MCs organized 
100% MOFATK
OREA 5,440   
    
3.4 Suport to GON in 
D/CRM mainstreaming and 
harmonisation of local level 
planning and 
implementation  
Support to 
develop DRR",10b495d541bde688ebfea7ce2d15dbd8f163ec818657ead3663acb6511bd9560.pdf,10b495d541bde688ebfea7ce2d15dbd8f163ec818657ead3663acb6511bd9560.pdf
"What's the process for evaluating how well we're meeting our goals, especially when things haven't gone as planned?","Achieve
ments of 
Targets 
in % 
Funding 
Source 
(code) 
Approved 
Budget 
Amount 
Spent 
Expenditure 
in % against 
approved 
budget 
Remarks if 
targets not 
fully 
achieved 
organized 
and 
proceedings 
published  
Total 
Budget/BCP
R-SWE 
          6,504   
    
          BCPR-
SWE 12,312       
  
Salary (Field level 
Consultant) 
Brochure ICRM; 
CRM Strategy for 
UNDP Nepal  
    BCPR-","Achieve
ments of 
Targets 
in % 
Funding 
Source 
(code) 
Approved 
Budget 
Amount 
Spent 
Expenditure 
in % against 
approved 
budget 
Remarks if 
targets not 
fully 
achieved 
      CBDM 
Asia  500       
      CBDM 
Asia  2,500       
      CBDM 
Asia  2,760       
    Subtotal        37,260       
  
Total for Output 
,00088408         193,364 120,03
7.55 62%",10b495d541bde688ebfea7ce2d15dbd8f163ec818657ead3663acb6511bd9560.pdf,10b495d541bde688ebfea7ce2d15dbd8f163ec818657ead3663acb6511bd9560.pdf
What's the plan for handling communications in a crisis situation like this?,"CRM Strategy for 
UNDP Nepal  
    BCPR-
SWE 5,970       
Travel      BCPR-
SWE 3,380       
Stationaries, Vehicle 
Maintenance, rent      BCPR-
SWE 5,390   
    
Communication Cost / 
Publication / Printing      BCPR-
SWE 611   
    
Equipment 
(IT/Communication)      BCPR-
SWE 1,329       
  
    BCPR-
SWE 2,855       
    BCPR-
SWE 7,333       
    BCPR-
SWE 8,767","framework 
developed (GESI 
integrated) 
    TRAC 4,000   
    
Activity 3.4.5: Support 
developing of a CRM 
Strategy for UNDP Nepal 
and enhance CRM capacity 
within UNDP  
UNDP CRM 
Strategy 
developed  
CRM strategy for 
UN agencies in 
Nepal has been 
developed. 
75% TRAC 3,925   
    
      TRAC 75       
Activity 3.4.6 ICRMP 
Publication   
The publications 
have been 
designed and are",10b495d541bde688ebfea7ce2d15dbd8f163ec818657ead3663acb6511bd9560.pdf,10b495d541bde688ebfea7ce2d15dbd8f163ec818657ead3663acb6511bd9560.pdf
Do they have some kind of system in place to get ready for disasters?,"Achieve
ments of 
Targets 
in % 
Funding 
Source 
(code) 
Approved 
Budget 
Amount 
Spent 
Expenditure 
in % against 
approved 
budget 
Remarks if 
targets not 
fully 
achieved 
 CPAP Output 7.4: National preparedness and emergency systems are able to effectively prepare for 
and respond to hazard related disaster  
        
Activity 
Result 5:  
Emergency 
facility 
provided 
and 
strengthene","Achieve
ments of 
Targets 
in % 
Funding 
Source 
(code) 
Approved 
Budget 
Amount 
Spent 
Expenditure 
in % against 
approved 
budget 
Remarks if 
targets not 
fully 
achieved 
Sub Total Activity Result 8         406,891 426,01
4.69 105%   
CPAP Output 7.2: Urban Populations are better able to prepare for and manage hazard   
  
                    
Activity 
Result 2.4 
Reconstructi
on of",10b495d541bde688ebfea7ce2d15dbd8f163ec818657ead3663acb6511bd9560.pdf,10b495d541bde688ebfea7ce2d15dbd8f163ec818657ead3663acb6511bd9560.pdf
Does this relate to some sort of plan for setting up backup centers during emergencies?,"Emergency 
facility 
provided 
and 
strengthene
d as per 
Flagship 
Area Two 
(ATLAS 
Activity 5) 
Activity 5.1: Deliver and set 
up equipment in 5 EOCs (1 
DEOCs and 4 MEOC 
conversion), (continuation 
from 2015) 
Converting 
MEOC in to 
DEOCs and their 
activation with 
communication 
equipment 
4 DEOCs 
(Rasuwa, 
Nuwakot, 
Gorkha and 
Solukhumbu) 
established 
replacing earlier 
4 MEOCs","Municipal Emergency Operation Centres (MEOCs) were 
converted into DEOCs, thus DEOC was established in four new 
districts: Gorkha, Rasuwa, Nuwakot and Solukhumbu. 
Installation of VHF Radio Base Stations in a total of 3 4 EOCs 
including all five REOCs and 2 9 DEOCs covering all five 
development regions. Likewise, the long pending Workshop on",10b495d541bde688ebfea7ce2d15dbd8f163ec818657ead3663acb6511bd9560.pdf,10b495d541bde688ebfea7ce2d15dbd8f163ec818657ead3663acb6511bd9560.pdf
,"established 
replacing earlier 
4 MEOCs 
100% DFID 9,334   
    
NEOC 
Strengthening Done, ongoing 100% 
Baidu 
Foundati
on 
3,000   
    
      DFID 325       
EOC 
strengthening 
34 EOCs 
(29DEOCs and 5 
REOCs) 
supported with 
VHF base 
stations, other 
EOCs also 
supported with 
equipment etc. 
100% 
DFID 27,664       
Baidu 
Foundati
on 
3,613   
    
Activity 5.3: Strengthen","on 
3,613   
    
Activity 5.3: Strengthen 
EOCS functioning through 
staff training and 
equipment and technical 
support 
DIMS Training 4 events 
organized  100% 
DFID 4,261       
Baidu 
Foundati
on 
4,000   
    
TRAC 11,000       
Strengthen 
Model DEOCs 
4 DEOCs (Jhapa, 
Chitwan, Banke, 
Kailali) 
strengthened 
80% 
DFID 12,188       
Baidu 
Foundati
on 
4,000",10b495d541bde688ebfea7ce2d15dbd8f163ec818657ead3663acb6511bd9560.pdf,10b495d541bde688ebfea7ce2d15dbd8f163ec818657ead3663acb6511bd9560.pdf
Do you have any information on how local teams are prepared for emergencies?,"on 
3,613   
    
Activity 5.3: Strengthen 
EOCS functioning through 
staff training and 
equipment and technical 
support 
DIMS Training 4 events 
organized  100% 
DFID 4,261       
Baidu 
Foundati
on 
4,000   
    
TRAC 11,000       
Strengthen 
Model DEOCs 
4 DEOCs (Jhapa, 
Chitwan, Banke, 
Kailali) 
strengthened 
80% 
DFID 12,188       
Baidu 
Foundati
on 
4,000","established 
replacing earlier 
4 MEOCs 
100% DFID 9,334   
    
NEOC 
Strengthening Done, ongoing 100% 
Baidu 
Foundati
on 
3,000   
    
      DFID 325       
EOC 
strengthening 
34 EOCs 
(29DEOCs and 5 
REOCs) 
supported with 
VHF base 
stations, other 
EOCs also 
supported with 
equipment etc. 
100% 
DFID 27,664       
Baidu 
Foundati
on 
3,613   
    
Activity 5.3: Strengthen",10b495d541bde688ebfea7ce2d15dbd8f163ec818657ead3663acb6511bd9560.pdf,10b495d541bde688ebfea7ce2d15dbd8f163ec818657ead3663acb6511bd9560.pdf
"What's the process for evaluating how well a disaster management team is doing, especially when it comes to meeting their goals?","Achieve
ments of 
Targets 
in % 
Funding 
Source 
(code) 
Approved 
Budget 
Amount 
Spent 
Expenditure 
in % against 
approved 
budget 
Remarks if 
targets not 
fully 
achieved 
National 
Consultative 
Workshop on 
EOC Network 
Strengthening 
    
DFID 1,623       
DFID 3,352       
Baidu 
Foundati
on 
2,500   
    
ACDO Workshop 
on disaster 
Preparedness 
and EOC 
Management 
2 events of","Achieve
ments of 
Targets 
in % 
Funding 
Source 
(code) 
Approved 
Budget 
Amount 
Spent 
Expenditure 
in % against 
approved 
budget 
Remarks if 
targets not 
fully 
achieved 
 CPAP Output 7.4: National preparedness and emergency systems are able to effectively prepare for 
and respond to hazard related disaster  
        
Activity 
Result 5:  
Emergency 
facility 
provided 
and 
strengthene",10b495d541bde688ebfea7ce2d15dbd8f163ec818657ead3663acb6511bd9560.pdf,10b495d541bde688ebfea7ce2d15dbd8f163ec818657ead3663acb6511bd9560.pdf
What kind of groups or teams are involved in helping plan for and respond to emergencies in these workshops?,"Preparedness 
and EOC 
Management 
2 events of 
workshop on 
preparedness 
and EOC 
management 
organized for 
ACDOs 
100% 
DFID 5,073       
Baidu 
Foundati
on 
13,500   
    
Programme 
Support Cost 
    DFID 974       
    DFID 620       
    DFID 1,435       
    DFID 5,245       
    DFID 5,420       
    DFID 2,430       
    TRAC 10,581       
    TRAC 73       
    TRAC 1,857","on 
3,613   
    
Activity 5.3: Strengthen 
EOCS functioning through 
staff training and 
equipment and technical 
support 
DIMS Training 4 events 
organized  100% 
DFID 4,261       
Baidu 
Foundati
on 
4,000   
    
TRAC 11,000       
Strengthen 
Model DEOCs 
4 DEOCs (Jhapa, 
Chitwan, Banke, 
Kailali) 
strengthened 
80% 
DFID 12,188       
Baidu 
Foundati
on 
4,000",10b495d541bde688ebfea7ce2d15dbd8f163ec818657ead3663acb6511bd9560.pdf,10b495d541bde688ebfea7ce2d15dbd8f163ec818657ead3663acb6511bd9560.pdf
How effective was the assessment of outcomes in those municipalities and VDCs compared to their initial targets?,"Achieve
ments of 
Targets 
in % 
Funding 
Source 
(code) 
Approved 
Budget 
Amount 
Spent 
Expenditure 
in % against 
approved 
budget 
Remarks if 
targets not 
fully 
achieved 
  
Assessment of outcomes of 
EBPS in KMC and LSMC and 
Manual BPS in 3 
municipalities and earlier 6 
VDCs 
  Assessment 
carried out 100% TRAC 4,069","Achieve
ments of 
Targets 
in % 
Funding 
Source 
(code) 
Approved 
Budget 
Amount 
Spent 
Expenditure 
in % against 
approved 
budget 
Remarks if 
targets not 
fully 
achieved 
    TRAC 3,911       
    TRAC 1,784       
    TRAC 8,375       
    TRAC 3,272       
    TRAC 6,541       
    TRAC 3,447       
    TRAC 8,178       
    TRAC 40,692       
    TRAC 6,010       
    TRAC 2,883",10b495d541bde688ebfea7ce2d15dbd8f163ec818657ead3663acb6511bd9560.pdf,10b495d541bde688ebfea7ce2d15dbd8f163ec818657ead3663acb6511bd9560.pdf
How do communities typically start rebuilding after a disaster?,"Sub Total Activity Result 5         142,139 139,37
9.77 98%   
                    
Policy 
Framework 
and key 
capacities 
for Early 
Recovery 
strengthene
d  (ATLAS 
Activity 5) 
Disseminate and roll out 
the National ER 
Framework 
ER Cluster 
Strengthening 
ER Cluster 
strengthened, 80% 
Baidu 
Foundati
on 
1,000   
    
Baidu 
Foundati
on 
4,300","Progress up 
to 2015 
 2016 
Milestone 
2016 
Progress 
Cumulative 
progress 
up to 2016 
Means of 
verification 
other 
accessories 
National ER 
systems 
strengthened 
National ER 
Framework 
developed 
No NERF 
(Jan 2015) 
National ER 
Framework in 
place 
Draft Preparation 
of National 
ER 
Framework 
Framework 
finalized 
National ER 
Framework 
prepared 
with 
MoFALD 
Document",10b495d541bde688ebfea7ce2d15dbd8f163ec818657ead3663acb6511bd9560.pdf,10b495d541bde688ebfea7ce2d15dbd8f163ec818657ead3663acb6511bd9560.pdf
Is there something specific that's looked at when trying to figure out the effectiveness of disaster management efforts?,"Baidu 
Foundati
on 
4,300   
    
        
Baidu 
Foundati
on 
3,264   
    
Sub Total Activity Result 6         8,564 227 3%   
Sub total of Output ID 77652         150,703 141,58
8.97 94%   
CPAP Output 7.3:  Vulnerable populations have increased knowledge about disaster risk management and capacity for climate change 
adaptation and mitigation of risks","Sub-Total 
Output 
(Japan fund) 
          250,266 250,26
6 100%   
CPAP Output 7.3:  Vulnerable populations have increased knowledge about disaster risk management and capacity for climate cha nge adaptation 
and mitigation of risks (Project ID: 84111) ATLAS Activity 3",10b495d541bde688ebfea7ce2d15dbd8f163ec818657ead3663acb6511bd9560.pdf,10b495d541bde688ebfea7ce2d15dbd8f163ec818657ead3663acb6511bd9560.pdf
How do households that are at risk of natural disasters typically try to protect themselves financially?,"adaptation and mitigation of risks   
ATLAS ACTIVITY 1:  Income and food security in high -risk households in 2 selected sub-watersheds currently facing environment degradation and 
at high risk from natural disasters  increased. 
  
1.1 Provide financial 
support to selected 
promising enterprises/ 
IGAs (Fish pond 
construction, Mushroom 
cultivation, etc.)  
Financial 
support 
provided to","focusing on the thematic sectors as Livelihood Promotion, Bioengineering and Natural Resource 
Management have been implemented in three sub-watersheds namely Khare-Suri khola and 
Sorungkhola sub-watersheds in Dolakha district and Sot-khola sub-watershed in Surkhet district. 
Key progresses include: 
o Local Disaster Risk Management Committees 
and Community Based Disaster Risk",10b495d541bde688ebfea7ce2d15dbd8f163ec818657ead3663acb6511bd9560.pdf,10b495d541bde688ebfea7ce2d15dbd8f163ec818657ead3663acb6511bd9560.pdf
How do organizations like the one mentioned typically prioritize who gets support during disaster recovery efforts?,"Financial 
support 
provided to 
selected 50 
farmers (At least 
20 women) 
Farmers 
supported in 
Chitwan and 
Sindhupalchowk 
100% MOFATK
OREA 7,440","supported 
100% 
MOFATK
OREA 4,865   
    
4 Groups trained 
on fruit 
cultivation (50% 
of them are 
women) 
MOFATK
OREA 4,360   
    
2.5 Support/ Establish 
community nurseries in 
collaboration with DFO in 
Sindhupalchowk  
at least 25,000 
plants produced 
through 
community 
nursery - in 
districts 
Community 
nursery 
supported 
100% MOFATK
OREA 1,911   
    
2.6 Promote 
environmentally",10b495d541bde688ebfea7ce2d15dbd8f163ec818657ead3663acb6511bd9560.pdf,10b495d541bde688ebfea7ce2d15dbd8f163ec818657ead3663acb6511bd9560.pdf
What happens when a project like this doesn't meet its goals - is there any follow-up or consequences?,"Achieve
ments of 
Targets 
in % 
Funding 
Source 
(code) 
Approved 
Budget 
Amount 
Spent 
Expenditure 
in % against 
approved 
budget 
Remarks if 
targets not 
fully 
achieved 
1.2 Support the creation of 
market linkages (In 
collaboration with DOA) 
including construction of 
collection/ information 
center 
1 Agriculture 
information and 
collection center 
in Maadi, 
Chitwan estd","Achieve
ments of 
Targets 
in % 
Funding 
Source 
(code) 
Approved 
Budget 
Amount 
Spent 
Expenditure 
in % against 
approved 
budget 
Remarks if 
targets not 
fully 
achieved 
4.3 Support to create 
market linkage and develop 
community infrastructures 
in coordination with DADO, 
Sindhupalchowk 
      MOFATK
OREA 3,000   
    
CO overhead       MOFATK
OREA 8,000",10b495d541bde688ebfea7ce2d15dbd8f163ec818657ead3663acb6511bd9560.pdf,10b495d541bde688ebfea7ce2d15dbd8f163ec818657ead3663acb6511bd9560.pdf
What kind of organization typically oversees the distribution of resources during a disaster?,"collection center 
in Maadi, 
Chitwan estd 
and linked to 
market 
Collection 
Center 
established in 
Maadi, Chitwan 
100% 
MOFATK
OREA 750       
MOFATK
OREA 3,500       
MOFATK
OREA 5,262   
    
1.3 Distribute climate 
resilient seed varieties to 
selected farmers & support 
/ practice for crop 
insurance  
1000 Farmers 
50 Quintal 
Climate reslient 
seeds 
distributed to 
farmers","Climate reslient 
seeds 
distributed to 
farmers 
100% MOFATK
OREA 4,220   
    
1.4 Establish community 
climate resilient seed banks 
1 community 
seed banks 
construction  
Seed bank 
established in 
Maadi 
100% 
MOFATK
OREA 4,556       
MOFATK
OREA 5,197       
MOFATK
OREA 5,000       
1.5 Promotion of home 
gardens 
at least 100 HHs 
have home 
gardens (50% of 
them are women",10b495d541bde688ebfea7ce2d15dbd8f163ec818657ead3663acb6511bd9560.pdf,10b495d541bde688ebfea7ce2d15dbd8f163ec818657ead3663acb6511bd9560.pdf
Do people in rural areas often have their own stores of seeds to help them recover from bad harvests?,"Climate reslient 
seeds 
distributed to 
farmers 
100% MOFATK
OREA 4,220   
    
1.4 Establish community 
climate resilient seed banks 
1 community 
seed banks 
construction  
Seed bank 
established in 
Maadi 
100% 
MOFATK
OREA 4,556       
MOFATK
OREA 5,197       
MOFATK
OREA 5,000       
1.5 Promotion of home 
gardens 
at least 100 HHs 
have home 
gardens (50% of 
them are women","collection center 
in Maadi, 
Chitwan estd 
and linked to 
market 
Collection 
Center 
established in 
Maadi, Chitwan 
100% 
MOFATK
OREA 750       
MOFATK
OREA 3,500       
MOFATK
OREA 5,262   
    
1.3 Distribute climate 
resilient seed varieties to 
selected farmers & support 
/ practice for crop 
insurance  
1000 Farmers 
50 Quintal 
Climate reslient 
seeds 
distributed to 
farmers",10b495d541bde688ebfea7ce2d15dbd8f163ec818657ead3663acb6511bd9560.pdf,10b495d541bde688ebfea7ce2d15dbd8f163ec818657ead3663acb6511bd9560.pdf
Are these types of community gardens typically supported by government programs?,"have home 
gardens (50% of 
them are women 
beneficiaries) 
Home gardens 
supported  1% 
MOFATK
OREA 921   
    
Material and 
goods 
MOFATK
OREA 14,925","Climate reslient 
seeds 
distributed to 
farmers 
100% MOFATK
OREA 4,220   
    
1.4 Establish community 
climate resilient seed banks 
1 community 
seed banks 
construction  
Seed bank 
established in 
Maadi 
100% 
MOFATK
OREA 4,556       
MOFATK
OREA 5,197       
MOFATK
OREA 5,000       
1.5 Promotion of home 
gardens 
at least 100 HHs 
have home 
gardens (50% of 
them are women",10b495d541bde688ebfea7ce2d15dbd8f163ec818657ead3663acb6511bd9560.pdf,10b495d541bde688ebfea7ce2d15dbd8f163ec818657ead3663acb6511bd9560.pdf
What kind of measures are being put in place to help communities prepare for and deal with things like floods and landslides?,"Achieve
ments of 
Targets 
in % 
Funding 
Source 
(code) 
Approved 
Budget 
Amount 
Spent 
Expenditure 
in % against 
approved 
budget 
Remarks if 
targets not 
fully 
achieved 
1.6 Support the 
communities to construct 
small structural mitigation 
measures for hydro-met-
hazards such as landslides, 
floods, etc. in Chitwan and 
Sindhupalchowk (Bio-
engineering, River training,","Achieve
ments of 
Targets 
in % 
Funding 
Source 
(code) 
Approved 
Budget 
Amount 
Spent 
Expenditure 
in % against 
approved 
budget 
Remarks if 
targets not 
fully 
achieved 
 Output ID,     :  Disaster reduction and relief capacity building at community levels 
enhanced through research, collaboration and exchange of knowledge and experiences 
across Nepal, China and Bangladesh",10b495d541bde688ebfea7ce2d15dbd8f163ec818657ead3663acb6511bd9560.pdf,10b495d541bde688ebfea7ce2d15dbd8f163ec818657ead3663acb6511bd9560.pdf
What's a typical first step in preparing for a disaster like a landslide or flood in an area like the mountains?,"engineering, River training, 
Landslide protection 
measures, community 
infrastructures) 
mitigation 
measures at six 
places including 
structures and 
bio-engineering 
works 
Bio-engineering 
activities carried 
out in Chitwan 
and 
Sindhupalchowk 
100% MOFATK
OREA 21,818   
    
1.7 Installation of 
Community Based EWS in 
Riu Khola subwatershed, 
Maadi (Chitwan) and 
Hydro-met Stations in","promoting activities, restoration of community small infrastructures and bio-engineering structures 
in these four districts. Last mile connectivity to safeguard lives from sudden hydro-meteorological 
disasters has been strengthened by linking DEOCs of Sindhupalchowk, Dolakha, Surkhet and 
Chitwan with six  Early Warning System ( EWS) stations established in Maadi , Chitwan,",10b495d541bde688ebfea7ce2d15dbd8f163ec818657ead3663acb6511bd9560.pdf,10b495d541bde688ebfea7ce2d15dbd8f163ec818657ead3663acb6511bd9560.pdf
Do they usually set up shelters in areas prone to disasters before the actual disaster hits?,"Maadi (Chitwan) and 
Hydro-met Stations in 
Sindhupalchowk, including 
evacuation routes and 
shelters) and relevant 
agencies for last mile 
connectivity -  linking this 
initiative with DHM 
(telemetric) and MoHA 
(EOCS)  
CB-EWS (Riu 
Khola sub-
watershed, 
Maadi) 
establishment 
initiated   
5 stations 
established in 
Maadi, Chitwan 
100% 
MOFATK
OREA 19,580       
MOFATK
OREA 1,502","promoting activities, restoration of community small infrastructures and bio-engineering structures 
in these four districts. Last mile connectivity to safeguard lives from sudden hydro-meteorological 
disasters has been strengthened by linking DEOCs of Sindhupalchowk, Dolakha, Surkhet and 
Chitwan with six  Early Warning System ( EWS) stations established in Maadi , Chitwan,",10b495d541bde688ebfea7ce2d15dbd8f163ec818657ead3663acb6511bd9560.pdf,10b495d541bde688ebfea7ce2d15dbd8f163ec818657ead3663acb6511bd9560.pdf
Do they have a system in place to help them prepare for and respond to different types of disasters?,"OREA 19,580       
MOFATK
OREA 1,502       
MOFATK
OREA 30,000   
    
MOFATK
OREA 13,011   
    
1.8 CRM tools development 
and sharing workshop with 
Department of Soil 
Conservation and 
Watershed Management ( 
DSCWM) 
1.8 Climate Risk 
Management 
tool (software) 
for data 
assessment and 
analysis of 
multi-hazards 
risk analysis. 
This tool will be 
handed over to 
Workshop","OREA 6,000   
    
3.6 Support NPC to 
sensitize sub-national and 
national stakeholders in 
mainstreaming 
disaster/climate risks in 
local level 
planning/implementation 
1 Regional 
(Eastern) and 1 
national 
workshop 
organized to 
sensitive GoN 
Officials 
2 workshops 
organized 100% MOFATK
OREA 10,000   
    
3.7 Support government 
institutions, communities, 
(i) Agri Apps",10b495d541bde688ebfea7ce2d15dbd8f163ec818657ead3663acb6511bd9560.pdf,10b495d541bde688ebfea7ce2d15dbd8f163ec818657ead3663acb6511bd9560.pdf
"Does this tool have to do with disaster relief efforts in some way, maybe?","This tool will be 
handed over to 
Workshop 
organized under 
leadership of 
DoSCWM 
100% 
MOFATK
OREA 5,000       
MOFATK
OREA 2,500","Apps,tools and equipment) 
DSCO/DDC of 
Sinhupachowk/
Chitwan 
supported for 
plan preparation 
MOFATK
OREA 2,890   
    
3.8 Revisit and compile 
best practices, lessons 
learned and existing tools 
and implementations plans 
on environmental 
sustainability, poverty and 
hunger reduction and 
D/CRM to develop an 
integrated plan 
Good practices 
and lessons 
learnt compiled 
from 2 dist 
Video",10b495d541bde688ebfea7ce2d15dbd8f163ec818657ead3663acb6511bd9560.pdf,10b495d541bde688ebfea7ce2d15dbd8f163ec818657ead3663acb6511bd9560.pdf
How does the funding for a certain activity get allocated if the targets for spending it aren't fully met?,"Achieve
ments of 
Targets 
in % 
Funding 
Source 
(code) 
Approved 
Budget 
Amount 
Spent 
Expenditure 
in % against 
approved 
budget 
Remarks if 
targets not 
fully 
achieved 
the DSCO & DDC 
to use for ICRM 
activties based 
on 
vulnerability/ 
priority of su-
watershed. A 
sharing 
workshop will 
be organized to 
orient the 
concerend 
stakeholders on 
its application 
and use.","Achieve
ments of 
Targets 
in % 
Funding 
Source 
(code) 
Approved 
Budget 
Amount 
Spent 
Expenditure 
in % against 
approved 
budget 
Remarks if 
targets not 
fully 
achieved 
National 
Consultative 
Workshop on 
EOC Network 
Strengthening 
    
DFID 1,623       
DFID 3,352       
Baidu 
Foundati
on 
2,500   
    
ACDO Workshop 
on disaster 
Preparedness 
and EOC 
Management 
2 events of",10b495d541bde688ebfea7ce2d15dbd8f163ec818657ead3663acb6511bd9560.pdf,10b495d541bde688ebfea7ce2d15dbd8f163ec818657ead3663acb6511bd9560.pdf
Do we have any specific protocols in place for tracking and maintaining natural resources in disaster-prone regions?,"stakeholders on 
its application 
and use.  
1.9 Travel, field 
observation    Regular 100% MOFATK
OREA 124       
CO overhead        MOFATK
OREA 10,000       
Sub Total Activity Result 1         155,306 0     
ATLAS ACTIVITY 2: The percentage of land covered by forests and wetlands in target areas sustained and increased through the use of proven","30 hectares of 
lands) 
Plantation and 
wetland 
restoration 
activities carried 
out 
100% 
MOFATK
OREA 1,807   
    
2.2 To increase forest areas 
with forest trees species 
plantation 
  MOFATK
OREA 4,500   
    
2.3 Restore wetlands for 
enhancement of services 
At least 3 
wetlands 
MOFATK
OREA 129",10b495d541bde688ebfea7ce2d15dbd8f163ec818657ead3663acb6511bd9560.pdf,10b495d541bde688ebfea7ce2d15dbd8f163ec818657ead3663acb6511bd9560.pdf
How does restoring forest areas actually help people living in poor communities?,"environmentally sustainable practices to contribute to livelihood improvement of poor and vulnerable communities.  
 
Expected 
Result 2.1: 
Maintenanc
e and or 
increase in 
the 
percentage 
of land 
covered by 
forests 
2.1 Support stakeholders 
and local communities to 
improve/ restore forest 
cover 
forest cover 
improved in 2 
districts (at least 
30 hectares of 
lands) 
Plantation and","Agriculture and 
Cooperatives, Minist ry of 
Health and Population, 
Ministry of Forests and 
Soil Conservation and 
Ministry of Environment 
no 
allocation 
5% 4.85% Continues 
support to NPC 
for D/CRM 
mainstreaming 
in Development 
planning 
A regional 
workshop held 
in Biratnagar, 
National 
workshop hel d 
in Kathmandu. 
14th 3-year plan 
contributed 
through “Risk 
Informed",10b495d541bde688ebfea7ce2d15dbd8f163ec818657ead3663acb6511bd9560.pdf,10b495d541bde688ebfea7ce2d15dbd8f163ec818657ead3663acb6511bd9560.pdf
What happens when they restore those wetlands?,"30 hectares of 
lands) 
Plantation and 
wetland 
restoration 
activities carried 
out 
100% 
MOFATK
OREA 1,807   
    
2.2 To increase forest areas 
with forest trees species 
plantation 
  MOFATK
OREA 4,500   
    
2.3 Restore wetlands for 
enhancement of services 
At least 3 
wetlands 
MOFATK
OREA 129","stakeholders on 
its application 
and use.  
1.9 Travel, field 
observation    Regular 100% MOFATK
OREA 124       
CO overhead        MOFATK
OREA 10,000       
Sub Total Activity Result 1         155,306 0     
ATLAS ACTIVITY 2: The percentage of land covered by forests and wetlands in target areas sustained and increased through the use of proven",10b495d541bde688ebfea7ce2d15dbd8f163ec818657ead3663acb6511bd9560.pdf,10b495d541bde688ebfea7ce2d15dbd8f163ec818657ead3663acb6511bd9560.pdf
What happens if households aren't able to use alternative energy sources like biogas and bio-briquettes?,"Achieve
ments of 
Targets 
in % 
Funding 
Source 
(code) 
Approved 
Budget 
Amount 
Spent 
Expenditure 
in % against 
approved 
budget 
Remarks if 
targets not 
fully 
achieved 
through 
conservatio
n and 
plantation 
efforts 
 
Expected 
Result 2.2: 
Increase in 
the number 
of 
households 
using 
biogas, 
improved 
cooking 
stoves and 
bio-
briquettes 
to decrease 
their 
dependence","Achieve
ments of 
Targets 
in % 
Funding 
Source 
(code) 
Approved 
Budget 
Amount 
Spent 
Expenditure 
in % against 
approved 
budget 
Remarks if 
targets not 
fully 
achieved 
2.7 Promote and support 
improved sanitation and 
alternative sources of 
energy (such as biogas 
attached toilet, 
biobriquettes, solar etc) jn 
collaboration with 
MoSTE/AEPC 
At least 20 
household 
supported for",10b495d541bde688ebfea7ce2d15dbd8f163ec818657ead3663acb6511bd9560.pdf,10b495d541bde688ebfea7ce2d15dbd8f163ec818657ead3663acb6511bd9560.pdf
,"bio-
briquettes 
to decrease 
their 
dependence 
of forests 
protected in 2 
districts 
2.4 Distribute agro-forestry 
saplings (fruits) including 
5% overhead to the CBO 
grantees 
at least 2000 
saplings/seedlin
gs distributed to 
(at least 450 
HHs [30% are 
women headed 
HHs]) 
communities - in 
2 districts 
Fruit saplings 
and other 
seedlings 
supported 
100% 
MOFATK
OREA 4,865","environmentally sustainable practices to contribute to livelihood improvement of poor and vulnerable communities.  
 
Expected 
Result 2.1: 
Maintenanc
e and or 
increase in 
the 
percentage 
of land 
covered by 
forests 
2.1 Support stakeholders 
and local communities to 
improve/ restore forest 
cover 
forest cover 
improved in 2 
districts (at least 
30 hectares of 
lands) 
Plantation and",10b495d541bde688ebfea7ce2d15dbd8f163ec818657ead3663acb6511bd9560.pdf,10b495d541bde688ebfea7ce2d15dbd8f163ec818657ead3663acb6511bd9560.pdf
What role does establishing community nurseries play in a recovery or disaster relief effort?,"supported 
100% 
MOFATK
OREA 4,865   
    
4 Groups trained 
on fruit 
cultivation (50% 
of them are 
women) 
MOFATK
OREA 4,360   
    
2.5 Support/ Establish 
community nurseries in 
collaboration with DFO in 
Sindhupalchowk  
at least 25,000 
plants produced 
through 
community 
nursery - in 
districts 
Community 
nursery 
supported 
100% MOFATK
OREA 1,911   
    
2.6 Promote 
environmentally","6.3 Supprt to strengthen 
community/ DFO/ DSCO 
nursery to avail the plants 
for greenary. 
  2 Nurseries 
supported 100% MOFATK
OREA 5,000   
    
CO overhead       MOFATK
OREA 9,200       
Sub Total Activity Result 6         138,090 0     
Programme Support (ATLAS Activity 3)                 
Central 
based staffs 
Sr. Project Officer  Regular     MOFATK
OREA 16,250",10b495d541bde688ebfea7ce2d15dbd8f163ec818657ead3663acb6511bd9560.pdf,10b495d541bde688ebfea7ce2d15dbd8f163ec818657ead3663acb6511bd9560.pdf
Does it have something to do with managing resources or animals in a way that helps the environment?,"OREA 1,911   
    
2.6 Promote 
environmentally 
sustainable livestock 
management (forage seeds, 
feeding trough, shed 
improvement and grass 
cutter) including goat 
keeping, swine raising and 
laying birds raising in 
Chitwan 
at least 90 
households 
(30% are 
women headed 
hhs) initiated 
environmentally 
sustainable 
livestock 
management  
IGAs: goat 
raising, bee-
keeping, etc.","IGAs: goat 
raising, bee-
keeping, etc. 
supported 
100% MOFATK
OREA 4,316",10b495d541bde688ebfea7ce2d15dbd8f163ec818657ead3663acb6511bd9560.pdf,10b495d541bde688ebfea7ce2d15dbd8f163ec818657ead3663acb6511bd9560.pdf
What's the deal with the MOFATK and OREA numbers on this list?,"IGAs: goat 
raising, bee-
keeping, etc. 
supported 
100% MOFATK
OREA 4,316","OREA 3,720       
  
Operation and 
maintenance of vehicles 
and other equipment 
      MOFATK
OREA 7,000",10b495d541bde688ebfea7ce2d15dbd8f163ec818657ead3663acb6511bd9560.pdf,10b495d541bde688ebfea7ce2d15dbd8f163ec818657ead3663acb6511bd9560.pdf
Do you know what kind of projects or initiatives would fall under this kind of funding and goal achievement?,"Achieve
ments of 
Targets 
in % 
Funding 
Source 
(code) 
Approved 
Budget 
Amount 
Spent 
Expenditure 
in % against 
approved 
budget 
Remarks if 
targets not 
fully 
achieved 
2.7 Promote and support 
improved sanitation and 
alternative sources of 
energy (such as biogas 
attached toilet, 
biobriquettes, solar etc) jn 
collaboration with 
MoSTE/AEPC 
At least 20 
household 
supported for","Achieve
ments of 
Targets 
in % 
Funding 
Source 
(code) 
Approved 
Budget 
Amount 
Spent 
Expenditure 
in % against 
approved 
budget 
Remarks if 
targets not 
fully 
achieved 
through 
conservatio
n and 
plantation 
efforts 
 
Expected 
Result 2.2: 
Increase in 
the number 
of 
households 
using 
biogas, 
improved 
cooking 
stoves and 
bio-
briquettes 
to decrease 
their 
dependence",10b495d541bde688ebfea7ce2d15dbd8f163ec818657ead3663acb6511bd9560.pdf,10b495d541bde688ebfea7ce2d15dbd8f163ec818657ead3663acb6511bd9560.pdf
Do people in disaster areas ever get help with more efficient ways to cook their food?,"At least 20 
household 
supported for 
improved 
sanitation/alter
native energy 
Alternative 
energy 
promoting 
activities 
supported 
100% MOFATK
OREA 905   
    
2.8 Promote and support 
the use of energy saving 
devices (improved cooking 
stoves, back boiler, filter 
etc) 
At least 50 
additional 
household use 
energy saving 
devices 
65 HHs of 
Giranchaur 
supported with","devices 
65 HHs of 
Giranchaur 
supported with 
ICS, filter, solar 
100% MOFATK
OREA 8,000   
    
2.9 Support to revise and 
prepare community forest 
operation plan 
at least 10 
community 
forest operation 
plan revised/ 
prepared in 
Sindhupalchowk 
17 CFUG 
OPs/constitutio
ns revised 
100% MOFATK
OREA 6,600   
    
2.10 Training workshop for 
the MCG grantees       MOFATK
OREA 2,640",10b495d541bde688ebfea7ce2d15dbd8f163ec818657ead3663acb6511bd9560.pdf,10b495d541bde688ebfea7ce2d15dbd8f163ec818657ead3663acb6511bd9560.pdf
Were any of these efforts specifically focused on helping households or communities recover from something major like a natural disaster?,"devices 
65 HHs of 
Giranchaur 
supported with 
ICS, filter, solar 
100% MOFATK
OREA 8,000   
    
2.9 Support to revise and 
prepare community forest 
operation plan 
at least 10 
community 
forest operation 
plan revised/ 
prepared in 
Sindhupalchowk 
17 CFUG 
OPs/constitutio
ns revised 
100% MOFATK
OREA 6,600   
    
2.10 Training workshop for 
the MCG grantees       MOFATK
OREA 2,640","At least 20 
household 
supported for 
improved 
sanitation/alter
native energy 
Alternative 
energy 
promoting 
activities 
supported 
100% MOFATK
OREA 905   
    
2.8 Promote and support 
the use of energy saving 
devices (improved cooking 
stoves, back boiler, filter 
etc) 
At least 50 
additional 
household use 
energy saving 
devices 
65 HHs of 
Giranchaur 
supported with",10b495d541bde688ebfea7ce2d15dbd8f163ec818657ead3663acb6511bd9560.pdf,10b495d541bde688ebfea7ce2d15dbd8f163ec818657ead3663acb6511bd9560.pdf
Does the government have some kind of plan in place to deal with natural disasters like floods and storms?,"the MCG grantees       MOFATK
OREA 2,640       
Travel, observation at field 
level       MOFATK
OREA 79       
CO overhead cost        MOFATK
OREA 4,000       
Sub Total Activity Result 2          44,112 0     
CPAP Output 7.1: Government officials at all levels have capacity to lead and implement systems and policies to effectively m anage disaster risks  
and adapt to climate change","CO overhead       MOFATK
OREA 8,000       
Sub Total Activity Result 4         109,575 0     
Activity  5 (ATLAS Activity 6) Livelihood of earthquake affected communities enhanced  
  
  
5.1 Support in Carrying out  
bio-engineering activties in 
Sindhukhola and Reukhola 
sub-wartershed 
technical inputs 
to MCG activities 
Works carried 
out through 
MCG 
100% MOFATK
OREA 2,290",10b495d541bde688ebfea7ce2d15dbd8f163ec818657ead3663acb6511bd9560.pdf,10b495d541bde688ebfea7ce2d15dbd8f163ec818657ead3663acb6511bd9560.pdf
How does the government and international organizations work together to protect the environment?,"and adapt to climate change 
  
ACTIVITY 3 (ATLAS Activity 4):  Active knowledge exchange between Korean experts, UN agencies and Government departments prom oted to fast 
track action on MDG Target 7 to “Integrate the principles of sustainable development into country policies and program s and reverse the loss of 
environmental resources.”","Achieve
ments of 
Targets 
in % 
Funding 
Source 
(code) 
Approved 
Budget 
Amount 
Spent 
Expenditure 
in % against 
approved 
budget 
Remarks if 
targets not 
fully 
achieved 
Activity 
Result 3.5:   
National and 
local 
vulnerabiliti
es arising 
from climate 
risks 
understood 
(ATLAS 
Activity 3) - 
Communicat
ion and M&E 
of ICRM 
Activity 3.5.2: Sharing 
Workshop on Lessons",10b495d541bde688ebfea7ce2d15dbd8f163ec818657ead3663acb6511bd9560.pdf,10b495d541bde688ebfea7ce2d15dbd8f163ec818657ead3663acb6511bd9560.pdf
Do they have some kind of reporting system to track how successful their projects are?,"Achieve
ments of 
Targets 
in % 
Funding 
Source 
(code) 
Approved 
Budget 
Amount 
Spent 
Expenditure 
in % against 
approved 
budget 
Remarks if 
targets not 
fully 
achieved 
Expected 
Result 3.1: 
Increase in 
the number 
of 
knowledge 
exchange 
events, 
exposure 
visits 
conducted 
to facilitated 
coordinatio
n between 
Korean 
experts, UN 
agencies, 
Government 
department
s;","Achieve
ments of 
Targets 
in % 
Funding 
Source 
(code) 
Approved 
Budget 
Amount 
Spent 
Expenditure 
in % against 
approved 
budget 
Remarks if 
targets not 
fully 
achieved 
fires at the 
district and 
regional 
levels 
among 
Government 
authorities, 
security 
forces, local 
NGOs, 
INGOs.   
                         
Expected 
Results 3.3: 
Increase in 
the number 
of Korean 
volunteers",10b495d541bde688ebfea7ce2d15dbd8f163ec818657ead3663acb6511bd9560.pdf,10b495d541bde688ebfea7ce2d15dbd8f163ec818657ead3663acb6511bd9560.pdf
How do emergency response teams typically work together to address disasters in areas with limited resources and infrastructure?,"agencies, 
Government 
department
s; 
     
 Expected 
Result 3.2: 
Improved 
humanitaria
n 
coordinatio
n and 
cooperation 
in response 
to floods, 
landslides, 
earthquakes 
and 
accidental 
3.1 Create opportunities for 
research, technology and 
knowledge transfer 
between Korean and 
Nepalese research and 
academic institutes 
(students, researchers, etc.) 
1 LoA with IAAS 
for thesis","Increase in 
the number 
of Korean 
volunteers 
working on 
integrated 
poverty 
reduction, 
environmen
tal 
sustainabilit
y, D/CRM 
projects in 
Nepal 
 
Expected 
Results 3.4: 
Increase in 
the 
partnership 
media to address poverty, 
environment and D/CRM 
related issues (like; 
institutional development 
innovatives interventions, 
Promotion of Agri 
Apps,tools and equipment) 
DSCO/DDC of",10b495d541bde688ebfea7ce2d15dbd8f163ec818657ead3663acb6511bd9560.pdf,10b495d541bde688ebfea7ce2d15dbd8f163ec818657ead3663acb6511bd9560.pdf
,"1 LoA with IAAS 
for thesis 
support to 8 
M.Sc. Students, 
Organize at least 
2 knowledge 
sharing events 
8 research 
through IAAS 
carried out 
100% MOFATK
OREA 8,700   
    
3.2 Strengthen DEOC - 
Chitwan & Sindhupalchowk 
2 DEOC 
strengthened 
2 EOCs 
strengthened 100% MOFATK
OREA 11,000       
3.3 Organize in-country 
exposure visits, knowledge 
sharing events, etc. for","grantees and line agencies, 
local stakeholders of 
Sindhupalchok, Chitwan) 
2 sharing events 
organized 
Progress sharing 
worskhops 
carried out 
100% MOFATK
OREA 10,000",10b495d541bde688ebfea7ce2d15dbd8f163ec818657ead3663acb6511bd9560.pdf,10b495d541bde688ebfea7ce2d15dbd8f163ec818657ead3663acb6511bd9560.pdf
Do they have a way to communicate with different groups in the community to help them prepare for emergencies?,"sharing events, etc. for 
community people and 
other stakeholders to learn 
about good practices.  
At least 4 visits/ 
events for 
community 
people and 
stakeholders 
conducted 
Exposure visits 
for 
LDRMCs/CBDR
MCs organized 
100% MOFATK
OREA 5,440   
    
3.4 Suport to GON in 
D/CRM mainstreaming and 
harmonisation of local level 
planning and 
implementation  
Support to 
develop DRR","and lessons 
learnt compiled 
from 2 dist 
Video 
documentary 
and Photo story 
done 
100% 
MOFATK
OREA 4,520       
MOFATK
OREA 5,000   
    
3.9 Organize coordination 
meetings and interactions 
for collaboration among 
concerned line agencies 
and stakeholders on 
project activities 
At least 10 
interaction 
meetings (i.e. 
DPCC, DDRC) 
conducted at 
National/ 
District/ VDC 
level 
Meetings",10b495d541bde688ebfea7ce2d15dbd8f163ec818657ead3663acb6511bd9560.pdf,10b495d541bde688ebfea7ce2d15dbd8f163ec818657ead3663acb6511bd9560.pdf
Is there something about having people in charge who understand how to deal with natural disasters and climate change?,"implementation  
Support to 
develop DRR 
mainstreaming 
guidelines and 
harmonized CC  
Mainstreaming 
guideline 
drafted 
100% MOFATK
OREA 12,000   
    
3.5Organize Focal Point 
capacity development 
Training (CC & DRM)  
1 CC and DRM 
Focal Point 
Training on CC 
and DRM 
integration 
conducted 
Orientation 
training 
organized 
100% MOFATK
OREA 6,000   
    
3.6 Support NPC to","sharing events, etc. for 
community people and 
other stakeholders to learn 
about good practices.  
At least 4 visits/ 
events for 
community 
people and 
stakeholders 
conducted 
Exposure visits 
for 
LDRMCs/CBDR
MCs organized 
100% MOFATK
OREA 5,440   
    
3.4 Suport to GON in 
D/CRM mainstreaming and 
harmonisation of local level 
planning and 
implementation  
Support to 
develop DRR",10b495d541bde688ebfea7ce2d15dbd8f163ec818657ead3663acb6511bd9560.pdf,10b495d541bde688ebfea7ce2d15dbd8f163ec818657ead3663acb6511bd9560.pdf
What kind of role do government officials play in planning for disasters and emergencies at a local level?,"OREA 6,000   
    
3.6 Support NPC to 
sensitize sub-national and 
national stakeholders in 
mainstreaming 
disaster/climate risks in 
local level 
planning/implementation 
1 Regional 
(Eastern) and 1 
national 
workshop 
organized to 
sensitive GoN 
Officials 
2 workshops 
organized 100% MOFATK
OREA 10,000   
    
3.7 Support government 
institutions, communities, 
(i) Agri Apps","episode) and on 30th Nov, 2016 (second episode). 
Technical support to the National Planning Commission  (NPC) on mainstreaming disaster risk 
reduction in national level planning and implementation process led to a study on ""Risk informed 
planning"" ensuring issues of disaster and climate risk management are well addressed in the",10b495d541bde688ebfea7ce2d15dbd8f163ec818657ead3663acb6511bd9560.pdf,10b495d541bde688ebfea7ce2d15dbd8f163ec818657ead3663acb6511bd9560.pdf
How do these apps help during a disaster or emergency?,"institutions, communities, 
(i) Agri Apps 
developed, (ii) 
Agri App 
developed 100% MOFATK
OREA 10,000","2015) 
Community 
infrastructures 
constructed 
100% MOFATK
OREA 2,575   
    
4.2 Rehabilitation of  
community infrastructure 
(Drinking Water System, 
road connectivity, school 
buildings etc) 
rehabilitation of 
prioritized 
infrastructures  
Infrastructures 
restored 100% MOFATK
OREA 96,000",10b495d541bde688ebfea7ce2d15dbd8f163ec818657ead3663acb6511bd9560.pdf,10b495d541bde688ebfea7ce2d15dbd8f163ec818657ead3663acb6511bd9560.pdf
Do they have a system for tracking how well different groups are working together during a disaster?,"Achieve
ments of 
Targets 
in % 
Funding 
Source 
(code) 
Approved 
Budget 
Amount 
Spent 
Expenditure 
in % against 
approved 
budget 
Remarks if 
targets not 
fully 
achieved 
fires at the 
district and 
regional 
levels 
among 
Government 
authorities, 
security 
forces, local 
NGOs, 
INGOs.   
                         
Expected 
Results 3.3: 
Increase in 
the number 
of Korean 
volunteers","Achieve
ments of 
Targets 
in % 
Funding 
Source 
(code) 
Approved 
Budget 
Amount 
Spent 
Expenditure 
in % against 
approved 
budget 
Remarks if 
targets not 
fully 
achieved 
Expected 
Result 3.1: 
Increase in 
the number 
of 
knowledge 
exchange 
events, 
exposure 
visits 
conducted 
to facilitated 
coordinatio
n between 
Korean 
experts, UN 
agencies, 
Government 
department
s;",10b495d541bde688ebfea7ce2d15dbd8f163ec818657ead3663acb6511bd9560.pdf,10b495d541bde688ebfea7ce2d15dbd8f163ec818657ead3663acb6511bd9560.pdf
Do you think there's a certain way they're trying to involve the community in addressing poverty and environmental issues?,"Increase in 
the number 
of Korean 
volunteers 
working on 
integrated 
poverty 
reduction, 
environmen
tal 
sustainabilit
y, D/CRM 
projects in 
Nepal 
 
Expected 
Results 3.4: 
Increase in 
the 
partnership 
media to address poverty, 
environment and D/CRM 
related issues (like; 
institutional development 
innovatives interventions, 
Promotion of Agri 
Apps,tools and equipment) 
DSCO/DDC of","agencies, 
Government 
department
s; 
     
 Expected 
Result 3.2: 
Improved 
humanitaria
n 
coordinatio
n and 
cooperation 
in response 
to floods, 
landslides, 
earthquakes 
and 
accidental 
3.1 Create opportunities for 
research, technology and 
knowledge transfer 
between Korean and 
Nepalese research and 
academic institutes 
(students, researchers, etc.) 
1 LoA with IAAS 
for thesis",10b495d541bde688ebfea7ce2d15dbd8f163ec818657ead3663acb6511bd9560.pdf,10b495d541bde688ebfea7ce2d15dbd8f163ec818657ead3663acb6511bd9560.pdf
"Do you think it's normal for disaster management to involve gathering data and information from past experiences, like watching videos or talking to people in affected areas?","Apps,tools and equipment) 
DSCO/DDC of 
Sinhupachowk/
Chitwan 
supported for 
plan preparation 
MOFATK
OREA 2,890   
    
3.8 Revisit and compile 
best practices, lessons 
learned and existing tools 
and implementations plans 
on environmental 
sustainability, poverty and 
hunger reduction and 
D/CRM to develop an 
integrated plan 
Good practices 
and lessons 
learnt compiled 
from 2 dist 
Video","This tool will be 
handed over to 
Workshop 
organized under 
leadership of 
DoSCWM 
100% 
MOFATK
OREA 5,000       
MOFATK
OREA 2,500",10b495d541bde688ebfea7ce2d15dbd8f163ec818657ead3663acb6511bd9560.pdf,10b495d541bde688ebfea7ce2d15dbd8f163ec818657ead3663acb6511bd9560.pdf
Do they have a certain number of regular meetings with other groups to make sure everything is going smoothly?,"and lessons 
learnt compiled 
from 2 dist 
Video 
documentary 
and Photo story 
done 
100% 
MOFATK
OREA 4,520       
MOFATK
OREA 5,000   
    
3.9 Organize coordination 
meetings and interactions 
for collaboration among 
concerned line agencies 
and stakeholders on 
project activities 
At least 10 
interaction 
meetings (i.e. 
DPCC, DDRC) 
conducted at 
National/ 
District/ VDC 
level 
Meetings","National/ 
District/ VDC 
level 
Meetings 
supported/facili
tated 
75% MOFATK
OREA 5,000   
    
3.10 Involve Korean and 
national volunteers on 
project implementation 
(NUNV, KMCO, etc.) 
1 volunteer 
supports 
programme 
activities 
UN Volunteers 
mobilized 100% MOFATK
OREA 35,000   
    
3.11 Progress made under 
MCG activties 
reviewed/shared (MCG 
grantees and line agencies,",10b495d541bde688ebfea7ce2d15dbd8f163ec818657ead3663acb6511bd9560.pdf,10b495d541bde688ebfea7ce2d15dbd8f163ec818657ead3663acb6511bd9560.pdf
Do volunteers play a major role in implementing the relief efforts for this project?,"National/ 
District/ VDC 
level 
Meetings 
supported/facili
tated 
75% MOFATK
OREA 5,000   
    
3.10 Involve Korean and 
national volunteers on 
project implementation 
(NUNV, KMCO, etc.) 
1 volunteer 
supports 
programme 
activities 
UN Volunteers 
mobilized 100% MOFATK
OREA 35,000   
    
3.11 Progress made under 
MCG activties 
reviewed/shared (MCG 
grantees and line agencies,","and lessons 
learnt compiled 
from 2 dist 
Video 
documentary 
and Photo story 
done 
100% 
MOFATK
OREA 4,520       
MOFATK
OREA 5,000   
    
3.9 Organize coordination 
meetings and interactions 
for collaboration among 
concerned line agencies 
and stakeholders on 
project activities 
At least 10 
interaction 
meetings (i.e. 
DPCC, DDRC) 
conducted at 
National/ 
District/ VDC 
level 
Meetings",10b495d541bde688ebfea7ce2d15dbd8f163ec818657ead3663acb6511bd9560.pdf,10b495d541bde688ebfea7ce2d15dbd8f163ec818657ead3663acb6511bd9560.pdf
Do participants get together to discuss their progress with each other or with some sort of organization after a disaster?,"grantees and line agencies, 
local stakeholders of 
Sindhupalchok, Chitwan) 
2 sharing events 
organized 
Progress sharing 
worskhops 
carried out 
100% MOFATK
OREA 10,000","National/ 
District/ VDC 
level 
Meetings 
supported/facili
tated 
75% MOFATK
OREA 5,000   
    
3.10 Involve Korean and 
national volunteers on 
project implementation 
(NUNV, KMCO, etc.) 
1 volunteer 
supports 
programme 
activities 
UN Volunteers 
mobilized 100% MOFATK
OREA 35,000   
    
3.11 Progress made under 
MCG activties 
reviewed/shared (MCG 
grantees and line agencies,",10b495d541bde688ebfea7ce2d15dbd8f163ec818657ead3663acb6511bd9560.pdf,10b495d541bde688ebfea7ce2d15dbd8f163ec818657ead3663acb6511bd9560.pdf
Does having a clear plan in place help with managing the impact of emergencies?,"Achieve
ments of 
Targets 
in % 
Funding 
Source 
(code) 
Approved 
Budget 
Amount 
Spent 
Expenditure 
in % against 
approved 
budget 
Remarks if 
targets not 
fully 
achieved 
and 
involvement 
of Korean 
developmen
t partner to 
help GoN to 
develop and 
strengthen 
national and 
sub-national 
policies and 
programme
s on 
environmen
tal 
sustainabilit
y 
3.12 Conduct/review","Achieve
ments of 
Targets 
in % 
Funding 
Source 
(code) 
Approved 
Budget 
Amount 
Spent 
Expenditure 
in % against 
approved 
budget 
Remarks if 
targets not 
fully 
achieved 
Expected 
Result 3.1: 
Increase in 
the number 
of 
knowledge 
exchange 
events, 
exposure 
visits 
conducted 
to facilitated 
coordinatio
n between 
Korean 
experts, UN 
agencies, 
Government 
department
s;",10b495d541bde688ebfea7ce2d15dbd8f163ec818657ead3663acb6511bd9560.pdf,10b495d541bde688ebfea7ce2d15dbd8f163ec818657ead3663acb6511bd9560.pdf
What's the point of tracking all these different numbers and totals in disaster management planning?,"tal 
sustainabilit
y 
3.12 Conduct/review 
project achievements and 
share with staekeholders 
Assessment/revi
ew 
Results review 
of the project 
carried out 
100% 
MOFATK
OREA 5,000       
MOFATK
OREA 5,000       
MOFATK
OREA 1,000       
MOFATK
OREA 293       
CO overhead        MOFATK
OREA 10,500   
    
Sub Total Activity Result 3          147,343 0","6.3 Supprt to strengthen 
community/ DFO/ DSCO 
nursery to avail the plants 
for greenary. 
  2 Nurseries 
supported 100% MOFATK
OREA 5,000   
    
CO overhead       MOFATK
OREA 9,200       
Sub Total Activity Result 6         138,090 0     
Programme Support (ATLAS Activity 3)                 
Central 
based staffs 
Sr. Project Officer  Regular     MOFATK
OREA 16,250",10b495d541bde688ebfea7ce2d15dbd8f163ec818657ead3663acb6511bd9560.pdf,10b495d541bde688ebfea7ce2d15dbd8f163ec818657ead3663acb6511bd9560.pdf
"So after a disaster, what kind of things are usually focused on getting back up and running first?","ACTIVITY 4  (ATLAS Activity 5): Community infrastructures such as drinking water facilities, small irrigation, access roads r ehabilitated 
  
  
4.1 Support to the 
construction of community 
infrastructures in Sindhu-
Khola and Reu-khola sub-
watershed 
Technical 
support to 
construct 
specific 
community 
infrastructures 
(IC assigned in 
2015) 
Community 
infrastructures 
constructed","engineering, River training, 
Landslide protection 
measures, community 
infrastructures) 
mitigation 
measures at six 
places including 
structures and 
bio-engineering 
works 
Bio-engineering 
activities carried 
out in Chitwan 
and 
Sindhupalchowk 
100% MOFATK
OREA 21,818   
    
1.7 Installation of 
Community Based EWS in 
Riu Khola subwatershed, 
Maadi (Chitwan) and 
Hydro-met Stations in",10b495d541bde688ebfea7ce2d15dbd8f163ec818657ead3663acb6511bd9560.pdf,10b495d541bde688ebfea7ce2d15dbd8f163ec818657ead3663acb6511bd9560.pdf
"When it comes to rebuilding after a disaster, what's normally the first priority for restoring essential services and infrastructure in a community?","2015) 
Community 
infrastructures 
constructed 
100% MOFATK
OREA 2,575   
    
4.2 Rehabilitation of  
community infrastructure 
(Drinking Water System, 
road connectivity, school 
buildings etc) 
rehabilitation of 
prioritized 
infrastructures  
Infrastructures 
restored 100% MOFATK
OREA 96,000","Travel        MOFATK
OREA 13,000       
Communication  (Phone, 
Internet)       MOFATK
OREA 3,500       
        MOFATK
OREA 845       
Sundry (Sanitary and 
others)       MOFATK
OREA 1,000       
Sub Total Project Management          245,760       
Total for Output, 00088411         932,300
.0 
928,44
6.24 99.58%",10b495d541bde688ebfea7ce2d15dbd8f163ec818657ead3663acb6511bd9560.pdf,10b495d541bde688ebfea7ce2d15dbd8f163ec818657ead3663acb6511bd9560.pdf
How do they track whether a project is using its money effectively?,"Achieve
ments of 
Targets 
in % 
Funding 
Source 
(code) 
Approved 
Budget 
Amount 
Spent 
Expenditure 
in % against 
approved 
budget 
Remarks if 
targets not 
fully 
achieved 
4.3 Support to create 
market linkage and develop 
community infrastructures 
in coordination with DADO, 
Sindhupalchowk 
      MOFATK
OREA 3,000   
    
CO overhead       MOFATK
OREA 8,000","Achieve
ments of 
Targets 
in % 
Funding 
Source 
(code) 
Approved 
Budget 
Amount 
Spent 
Expenditure 
in % against 
approved 
budget 
Remarks if 
targets not 
fully 
achieved 
Rental and security       MOFATK
OREA 34,000       
CO overhead        MOFATK
OREA 19,000       
Direct project cost        MOFATK
OREA 100,000       
        MOFATK
OREA 1,000",10b495d541bde688ebfea7ce2d15dbd8f163ec818657ead3663acb6511bd9560.pdf,10b495d541bde688ebfea7ce2d15dbd8f163ec818657ead3663acb6511bd9560.pdf
What kinds of projects or activities are often used to help communities recover after a big disaster like an earthquake?,"CO overhead       MOFATK
OREA 8,000       
Sub Total Activity Result 4         109,575 0     
Activity  5 (ATLAS Activity 6) Livelihood of earthquake affected communities enhanced  
  
  
5.1 Support in Carrying out  
bio-engineering activties in 
Sindhukhola and Reukhola 
sub-wartershed 
technical inputs 
to MCG activities 
Works carried 
out through 
MCG 
100% MOFATK
OREA 2,290","out through 
MCG 
100% MOFATK
OREA 2,290   
    
5.2 Provide grants for the 
earthquake affected 
communities for farm and 
non farm activities  
Grant to CBOs 
through MCG 
10 CBOs in 
Sindhupalchowk 
supported 
100% MOFATK
OREA 75,000   
    
        MOFATK
OREA 8,414       
CO overhead       MOFATK
OREA 6,410       
Sub Total Activity Result 5         92,114 0",10b495d541bde688ebfea7ce2d15dbd8f163ec818657ead3663acb6511bd9560.pdf,10b495d541bde688ebfea7ce2d15dbd8f163ec818657ead3663acb6511bd9560.pdf
"Does this plan have any provisions for directly supporting individuals who were affected by the disaster, rather than just organizations?","out through 
MCG 
100% MOFATK
OREA 2,290   
    
5.2 Provide grants for the 
earthquake affected 
communities for farm and 
non farm activities  
Grant to CBOs 
through MCG 
10 CBOs in 
Sindhupalchowk 
supported 
100% MOFATK
OREA 75,000   
    
        MOFATK
OREA 8,414       
CO overhead       MOFATK
OREA 6,410       
Sub Total Activity Result 5         92,114 0","CO overhead       MOFATK
OREA 8,000       
Sub Total Activity Result 4         109,575 0     
Activity  5 (ATLAS Activity 6) Livelihood of earthquake affected communities enhanced  
  
  
5.1 Support in Carrying out  
bio-engineering activties in 
Sindhukhola and Reukhola 
sub-wartershed 
technical inputs 
to MCG activities 
Works carried 
out through 
MCG 
100% MOFATK
OREA 2,290",10b495d541bde688ebfea7ce2d15dbd8f163ec818657ead3663acb6511bd9560.pdf,10b495d541bde688ebfea7ce2d15dbd8f163ec818657ead3663acb6511bd9560.pdf
How do people usually prepare areas that are damaged by big events like earthquakes before the rainy season?,"Sub Total Activity Result 5         92,114 0     
Activity  6 (ATLAS Activity 7) Construction of bio-engineering activities and plantation in earthquake affected areas to prepare for monsoon  
   
  
6.1  Carry out Bio -
engineering, mitigation 
structrues, plantation 
works in the barren land, 
farm lands and soil erosion 
prone areas 
MCG: Bio-
engineering, 
mitigation 
measures  
Done 1 MOFATK","CO overhead       MOFATK
OREA 8,000       
Sub Total Activity Result 4         109,575 0     
Activity  5 (ATLAS Activity 6) Livelihood of earthquake affected communities enhanced  
  
  
5.1 Support in Carrying out  
bio-engineering activties in 
Sindhukhola and Reukhola 
sub-wartershed 
technical inputs 
to MCG activities 
Works carried 
out through 
MCG 
100% MOFATK
OREA 2,290",10b495d541bde688ebfea7ce2d15dbd8f163ec818657ead3663acb6511bd9560.pdf,10b495d541bde688ebfea7ce2d15dbd8f163ec818657ead3663acb6511bd9560.pdf
What steps are taken to minimize the impact of animals on the forest area and local communities?,"Achieve
ments of 
Targets 
in % 
Funding 
Source 
(code) 
Approved 
Budget 
Amount 
Spent 
Expenditure 
in % against 
approved 
budget 
Remarks if 
targets not 
fully 
achieved 
6.2  Expand Mesh Wire  
Fencing to prevent human 
wildlife conflict and 
biodiversity and forest area 
protection, Haibung 
  Fencing done 100% MOFATK
OREA 15,890   
    
6.3 Supprt to strengthen 
community/ DFO/ DSCO","Achieve
ments of 
Targets 
in % 
Funding 
Source 
(code) 
Approved 
Budget 
Amount 
Spent 
Expenditure 
in % against 
approved 
budget 
Remarks if 
targets not 
fully 
achieved 
4.3 Support to create 
market linkage and develop 
community infrastructures 
in coordination with DADO, 
Sindhupalchowk 
      MOFATK
OREA 3,000   
    
CO overhead       MOFATK
OREA 8,000",10b495d541bde688ebfea7ce2d15dbd8f163ec818657ead3663acb6511bd9560.pdf,10b495d541bde688ebfea7ce2d15dbd8f163ec818657ead3663acb6511bd9560.pdf
Does the nursery that got support have any role in helping the community after disasters?,"6.3 Supprt to strengthen 
community/ DFO/ DSCO 
nursery to avail the plants 
for greenary. 
  2 Nurseries 
supported 100% MOFATK
OREA 5,000   
    
CO overhead       MOFATK
OREA 9,200       
Sub Total Activity Result 6         138,090 0     
Programme Support (ATLAS Activity 3)                 
Central 
based staffs 
Sr. Project Officer  Regular     MOFATK
OREA 16,250","supported 
100% 
MOFATK
OREA 4,865   
    
4 Groups trained 
on fruit 
cultivation (50% 
of them are 
women) 
MOFATK
OREA 4,360   
    
2.5 Support/ Establish 
community nurseries in 
collaboration with DFO in 
Sindhupalchowk  
at least 25,000 
plants produced 
through 
community 
nursery - in 
districts 
Community 
nursery 
supported 
100% MOFATK
OREA 1,911   
    
2.6 Promote 
environmentally",10b495d541bde688ebfea7ce2d15dbd8f163ec818657ead3663acb6511bd9560.pdf,10b495d541bde688ebfea7ce2d15dbd8f163ec818657ead3663acb6511bd9560.pdf
Do they have any sort of organizational chart or hierarchy for disaster response roles within that system?,"OREA 16,250   
    
Environment and CRM  
Officer ( SB4 II) Regular     MOFATK
OREA 11,650   
    
Livelihood Officer ( SB4 II) Regular     MOFATK
OREA 11,650   
    
Project Assistant (SB 3 II) Regular     MOFATK
OREA 6,990   
    
Admin/Finance Assistant ( 
SB 3 I) Regular     MOFATK
OREA 6,500       
Driver ( SB1 II) Regular     MOFATK
OREA 3,720       
  
Operation and","Travel        MOFATK
OREA 13,000       
Communication  (Phone, 
Internet)       MOFATK
OREA 3,500       
        MOFATK
OREA 845       
Sundry (Sanitary and 
others)       MOFATK
OREA 1,000       
Sub Total Project Management          245,760       
Total for Output, 00088411         932,300
.0 
928,44
6.24 99.58%",10b495d541bde688ebfea7ce2d15dbd8f163ec818657ead3663acb6511bd9560.pdf,10b495d541bde688ebfea7ce2d15dbd8f163ec818657ead3663acb6511bd9560.pdf
"Doesn't there used to be some kind of protocol for managing resources during an emergency situation, like making sure people have the right tools or equipment?","OREA 3,720       
  
Operation and 
maintenance of vehicles 
and other equipment 
      MOFATK
OREA 7,000","Travel        MOFATK
OREA 13,000       
Communication  (Phone, 
Internet)       MOFATK
OREA 3,500       
        MOFATK
OREA 845       
Sundry (Sanitary and 
others)       MOFATK
OREA 1,000       
Sub Total Project Management          245,760       
Total for Output, 00088411         932,300
.0 
928,44
6.24 99.58%",10b495d541bde688ebfea7ce2d15dbd8f163ec818657ead3663acb6511bd9560.pdf,10b495d541bde688ebfea7ce2d15dbd8f163ec818657ead3663acb6511bd9560.pdf
Is there a certain threshold for how much of the approved budget can be spent before it's considered a concern?,"Achieve
ments of 
Targets 
in % 
Funding 
Source 
(code) 
Approved 
Budget 
Amount 
Spent 
Expenditure 
in % against 
approved 
budget 
Remarks if 
targets not 
fully 
achieved 
Rental and security       MOFATK
OREA 34,000       
CO overhead        MOFATK
OREA 19,000       
Direct project cost        MOFATK
OREA 100,000       
        MOFATK
OREA 1,000","Achieve
ments of 
Targets 
in % 
Funding 
Source 
(code) 
Approved 
Budget 
Amount 
Spent 
Expenditure 
in % against 
approved 
budget 
Remarks if 
targets not 
fully 
achieved 
4.3 Support to create 
market linkage and develop 
community infrastructures 
in coordination with DADO, 
Sindhupalchowk 
      MOFATK
OREA 3,000   
    
CO overhead       MOFATK
OREA 8,000",10b495d541bde688ebfea7ce2d15dbd8f163ec818657ead3663acb6511bd9560.pdf,10b495d541bde688ebfea7ce2d15dbd8f163ec818657ead3663acb6511bd9560.pdf
Do office supplies and furniture typically have a separate budget category in emergency situations?,"MOFATK
OREA 1,000       
Field level Meeting cost        MOFATK
OREA 500       
Stationeries, other office 
Supplies, toner       MOFATK
OREA 3,925       
Office equipment 
(facsimiles, telephone sets, 
display led TV etc) 
      MOFATK
OREA 2,500   
    
        MOFATK
OREA 2,230       
Electricity and Water 
supply       MOFATK
OREA 500       
Travel        MOFATK
OREA 13,000","Travel        MOFATK
OREA 13,000       
Communication  (Phone, 
Internet)       MOFATK
OREA 3,500       
        MOFATK
OREA 845       
Sundry (Sanitary and 
others)       MOFATK
OREA 1,000       
Sub Total Project Management          245,760       
Total for Output, 00088411         932,300
.0 
928,44
6.24 99.58%",10b495d541bde688ebfea7ce2d15dbd8f163ec818657ead3663acb6511bd9560.pdf,10b495d541bde688ebfea7ce2d15dbd8f163ec818657ead3663acb6511bd9560.pdf
Does the budget for a disaster relief project usually list categories like communication and sundry items?,"Travel        MOFATK
OREA 13,000       
Communication  (Phone, 
Internet)       MOFATK
OREA 3,500       
        MOFATK
OREA 845       
Sundry (Sanitary and 
others)       MOFATK
OREA 1,000       
Sub Total Project Management          245,760       
Total for Output, 00088411         932,300
.0 
928,44
6.24 99.58%","MOFATK
OREA 1,000       
Field level Meeting cost        MOFATK
OREA 500       
Stationeries, other office 
Supplies, toner       MOFATK
OREA 3,925       
Office equipment 
(facsimiles, telephone sets, 
display led TV etc) 
      MOFATK
OREA 2,500   
    
        MOFATK
OREA 2,230       
Electricity and Water 
supply       MOFATK
OREA 500       
Travel        MOFATK
OREA 13,000",10b495d541bde688ebfea7ce2d15dbd8f163ec818657ead3663acb6511bd9560.pdf,10b495d541bde688ebfea7ce2d15dbd8f163ec818657ead3663acb6511bd9560.pdf
Does something involving community disaster preparation get mentioned in the report somewhere?,"Achieve
ments of 
Targets 
in % 
Funding 
Source 
(code) 
Approved 
Budget 
Amount 
Spent 
Expenditure 
in % against 
approved 
budget 
Remarks if 
targets not 
fully 
achieved 
 Output ID,     :  Disaster reduction and relief capacity building at community levels 
enhanced through research, collaboration and exchange of knowledge and experiences 
across Nepal, China and Bangladesh","Achieve
ments of 
Targets 
in % 
Funding 
Source 
(code) 
Approved 
Budget 
Amount 
Spent 
Expenditure 
in % against 
approved 
budget 
Remarks if 
targets not 
fully 
achieved 
based DRR 
enhanced 
among 
practitioner
s and 
communitie
s 
share with 
district 
stakeholders 
2.2 Document and share 
with communities in China 
and Bangladesh community 
engagement in safer 
construction practices",10b495d541bde688ebfea7ce2d15dbd8f163ec818657ead3663acb6511bd9560.pdf,10b495d541bde688ebfea7ce2d15dbd8f163ec818657ead3663acb6511bd9560.pdf
Was there a natural disaster in Asia that led to a shared learning experience among countries?,"across Nepal, China and Bangladesh 
    
      
Output 1: 
Mutual 
understandi
ng of the 
internationa
l 
developmen
t practices 
on disaster 
managemen
t improved 
between 
China, UK 
and other 
developing 
countries in 
Asia  
1.1  Undertake regional 
learning and sharing event 
based on response to 25 
April Earthquake and its 
aftershocks and their 
implications with an","of UNDP Nepal 
December, 2016 ANNUAL PROGRESS REPORT 
 
vii | P a g e  
 
  
EOC : Emergency Operations Center 
EPRER : Emergency Preparedness, Response and Early Recovery 
EQ : Earthquake 
ER : Early Recovery 
EWS : Early Warning Systems 
F5 : Flagship 5 
FTMDGSDG : Fast Tracking Millennium Development Goals and Safeguarding 
Development Gains 
GESI : Gender Equality and Social Inclusion",10b495d541bde688ebfea7ce2d15dbd8f163ec818657ead3663acb6511bd9560.pdf,10b495d541bde688ebfea7ce2d15dbd8f163ec818657ead3663acb6511bd9560.pdf
Does the Sendai Framework have anything to do with how countries respond to major earthquakes?,"aftershocks and their 
implications with an 
emphasis on priorities 
identified in Sendai 
Framework for DRR. 
Conduct a study 
on EQ 2015, 
Prepare Video 
Documentary on 
EQ 2015, 
Support MoHA 
for development 
of DRR Policy 
and Action Plan 
Study on 
""Gorkha EQ 
2072: Response 
and Learning"" 
conducted, book 
printed. Video 
Documentary 
developed. DRR 
Policy and 
Action Plan 
preparation","Documentary have also been developed and aired by Nepal Television on 
15th October, 2016 (first episode) and on 30th Nov, 2016 (second episode).  
In the context of the Sendai Framework 2015-2030, National DRR Policy and 
Strategic Action Plan formulation has also begun under leadership of the 
Ministry of Home Affairs (MoHA) and in consultation with DRR stakeholders",10b495d541bde688ebfea7ce2d15dbd8f163ec818657ead3663acb6511bd9560.pdf,10b495d541bde688ebfea7ce2d15dbd8f163ec818657ead3663acb6511bd9560.pdf
,"Policy and 
Action Plan 
preparation 
started 
80% 
CBDM 
Asia  5,000       
CBDM 
Asia  9,084       
CBDM 
Asia  737       
CBDM 
Asia  6,319       
CBDM 
Asia  15,000       
CBDM 
Asia  10,000       
CBDM 
Asia  9,188       
CBDM 
Asia  1,500       
1.2 Promote learning and 
sharing on implementation 
of risk sensitive land use 
planning and e-BPS 
(Electronic Building Permit","planning and e-BPS 
(Electronic Building Permit 
System) for safer 
construction 
Carry out study 
on eBPS and 
RSLUP 
Documentation 
on e-BPS and 
RSLUP done 
100% 
CBDM 
Asia  5,000       
CBDM 
Asia  2,500       
CBDM 
Asia  5,146 
      
  Subtotal         69,474       
Output 2: 
Exchanges 
of practice 
on 
community-
2.1 Conduct participatory 
risk assessment/ mapping",10b495d541bde688ebfea7ce2d15dbd8f163ec818657ead3663acb6511bd9560.pdf,10b495d541bde688ebfea7ce2d15dbd8f163ec818657ead3663acb6511bd9560.pdf
Are communities supposed to be involved in figuring out what kinds of hazards they might be at risk for?,"planning and e-BPS 
(Electronic Building Permit 
System) for safer 
construction 
Carry out study 
on eBPS and 
RSLUP 
Documentation 
on e-BPS and 
RSLUP done 
100% 
CBDM 
Asia  5,000       
CBDM 
Asia  2,500       
CBDM 
Asia  5,146 
      
  Subtotal         69,474       
Output 2: 
Exchanges 
of practice 
on 
community-
2.1 Conduct participatory 
risk assessment/ mapping","initiated under CBDMA II in 2016: 
• Electronic Building Permit System (e-BPS) learning documentation has been completed, which is 
based on the intervention and experience with KMC, LSMC and Kirtipur Municipality. 
• Learning on the process of Risk Sensitive Land Use Plan development and implementation by 
Kathmandu Valley Development Authority/MoUD has been documented.",10b495d541bde688ebfea7ce2d15dbd8f163ec818657ead3663acb6511bd9560.pdf,10b495d541bde688ebfea7ce2d15dbd8f163ec818657ead3663acb6511bd9560.pdf
Are these meetings part of some sort of larger plan to help communities prepare for emergencies?,"risk assessment/ mapping 
at pilot communities and 
share experience with 
China and Bangladesh 
Identifiy pilot 
communities 
and conduct 
Risk 
assessments and 
Pilot 
communities 
identified, 
inception 
meetings done. 
50% 
CBDM 
Asia  3,000       
CBDM 
Asia  1,400","platform"" in Nepal (to be 
Carry out Risks 
Assessment of 
pilot 
communities 
Risk 
Assessments for 
pilot 
80% 
CBDM 
Asia  4,000       
CBDM 
Asia  2,000",10b495d541bde688ebfea7ce2d15dbd8f163ec818657ead3663acb6511bd9560.pdf,10b495d541bde688ebfea7ce2d15dbd8f163ec818657ead3663acb6511bd9560.pdf
Does the budget for disaster relief efforts get spent in a way that's transparent and shared with the people who need it?,"Achieve
ments of 
Targets 
in % 
Funding 
Source 
(code) 
Approved 
Budget 
Amount 
Spent 
Expenditure 
in % against 
approved 
budget 
Remarks if 
targets not 
fully 
achieved 
based DRR 
enhanced 
among 
practitioner
s and 
communitie
s 
share with 
district 
stakeholders 
2.2 Document and share 
with communities in China 
and Bangladesh community 
engagement in safer 
construction practices","Achieve
ments of 
Targets 
in % 
Funding 
Source 
(code) 
Approved 
Budget 
Amount 
Spent 
Expenditure 
in % against 
approved 
budget 
Remarks if 
targets not 
fully 
achieved 
 Output ID,     :  Disaster reduction and relief capacity building at community levels 
enhanced through research, collaboration and exchange of knowledge and experiences 
across Nepal, China and Bangladesh",10b495d541bde688ebfea7ce2d15dbd8f163ec818657ead3663acb6511bd9560.pdf,10b495d541bde688ebfea7ce2d15dbd8f163ec818657ead3663acb6511bd9560.pdf
Do they use some kind of app to check if buildings are being built in a way that will help them withstand major earthquakes?,"engagement in safer 
construction practices 
through counselling 
centres and reconstruction 
resource centres   
Raise awareness 
on EQ safer 
construction, 
Develop App to 
monitor NBC 
compliance 
construction,  
MTC campaigns 
organized in 
Sindhupalchowk
, Safer 
construction 
monitoring App 
prepared, 
75% 
CBDM 
Asia  4,000       
CBDM 
Asia  1,000       
CBDM 
Asia  1,800       
CBDM","2016:  
• Awareness raising on earthquake and safe construction practices in EQ affected districts, Gorkha, 
Sindhupalchowk and Dolakha have been effective to motivate local people for adoption of safe 
construction practices for reconstruction. It has also created enabled environment for project 
implementation. 
• Implementation of project activities under MCG through LDRMCs/CBDRMCs/Women",10b495d541bde688ebfea7ce2d15dbd8f163ec818657ead3663acb6511bd9560.pdf,10b495d541bde688ebfea7ce2d15dbd8f163ec818657ead3663acb6511bd9560.pdf
What's the point of mapping building vulnerability in certain parts of Asia?,"Asia  1,000       
CBDM 
Asia  1,800       
CBDM 
Asia  4,920       
CBDM 
Asia  243       
2.3 Demonstrate, document 
and showcase the use of 
technology for the creation 
of building inventory in 
Kathmandu Valley and 
share with China and 
Bangladesh 
prepare and 
demonstrate 
building 
vulnerability 
profiling 
 inventory 
creation 
technology 
started 
50% 
CBDM 
Asia  1,000       
CBDM","• Building Inventory Creation Technology and Demonstration (Rapid Vulnerability Assessment of 
Buildings in Kathmandu valley) is being piloted in ward number 29 of Kathmandu Metropolitan City. 
A mobile based app has been developed and is in the process of testing.  
• Mobile based App for NBC compliance monitoring has been developed and is being piloted in the",10b495d541bde688ebfea7ce2d15dbd8f163ec818657ead3663acb6511bd9560.pdf,10b495d541bde688ebfea7ce2d15dbd8f163ec818657ead3663acb6511bd9560.pdf
Do they use some kind of system to track the number and severity of disasters in different regions?,"started 
50% 
CBDM 
Asia  1,000       
CBDM 
Asia  600       
CBDM 
Asia  1,000       
CBDM 
Asia  2,500       
CBDM 
Asia  5,000       
CBDM 
Asia  2,000       
CBDM 
Asia  1,500       
CBDM 
Asia  2,397       
  Subtotal         32,360       
OUTPUT 4. 
Information 
platforms 
set up for 
4.1 Support NDRCC's 
implementation in 
developing ""information 
platform"" in Nepal (to be","Asia  1,000       
CBDM 
Asia  1,800       
CBDM 
Asia  4,920       
CBDM 
Asia  243       
2.3 Demonstrate, document 
and showcase the use of 
technology for the creation 
of building inventory in 
Kathmandu Valley and 
share with China and 
Bangladesh 
prepare and 
demonstrate 
building 
vulnerability 
profiling 
 inventory 
creation 
technology 
started 
50% 
CBDM 
Asia  1,000       
CBDM",10b495d541bde688ebfea7ce2d15dbd8f163ec818657ead3663acb6511bd9560.pdf,10b495d541bde688ebfea7ce2d15dbd8f163ec818657ead3663acb6511bd9560.pdf
Do they have some kind of early warning system in place for communities in Nepal?,"platform"" in Nepal (to be 
Carry out Risks 
Assessment of 
pilot 
communities 
Risk 
Assessments for 
pilot 
80% 
CBDM 
Asia  4,000       
CBDM 
Asia  2,000","risk assessment/ mapping 
at pilot communities and 
share experience with 
China and Bangladesh 
Identifiy pilot 
communities 
and conduct 
Risk 
assessments and 
Pilot 
communities 
identified, 
inception 
meetings done. 
50% 
CBDM 
Asia  3,000       
CBDM 
Asia  1,400",10b495d541bde688ebfea7ce2d15dbd8f163ec818657ead3663acb6511bd9560.pdf,10b495d541bde688ebfea7ce2d15dbd8f163ec818657ead3663acb6511bd9560.pdf
Does anyone have a system in place to share information about disasters with communities beforehand?,"Achieve
ments of 
Targets 
in % 
Funding 
Source 
(code) 
Approved 
Budget 
Amount 
Spent 
Expenditure 
in % against 
approved 
budget 
Remarks if 
targets not 
fully 
achieved 
disseminati
on of CBDRR 
elaborated based on inputs 
from NDRCC) 
communities 
done 
CBDM 
Asia  4,000       
4.2 Promote and share 
Disaster Information 
Management System 
(DIMS) for CBDRR as a","Achieve
ments of 
Targets 
in % 
Funding 
Source 
(code) 
Approved 
Budget 
Amount 
Spent 
Expenditure 
in % against 
approved 
budget 
Remarks if 
targets not 
fully 
achieved 
 Output ID,     :  Disaster reduction and relief capacity building at community levels 
enhanced through research, collaboration and exchange of knowledge and experiences 
across Nepal, China and Bangladesh",10b495d541bde688ebfea7ce2d15dbd8f163ec818657ead3663acb6511bd9560.pdf,10b495d541bde688ebfea7ce2d15dbd8f163ec818657ead3663acb6511bd9560.pdf
Do you have any information on how districts can prepare for emergencies if they're not already equipped to handle them?,"Management System 
(DIMS) for CBDRR as a 
decision-making tool for 
enhancing preparedness 
and effective response   
Promote DIMS 
in pilot districts 
Initial 
discussions held 25% 
CBDM 
Asia  2,500       
CBDM 
Asia  4,000       
CBDM 
Asia  4,000       
CBDM 
Asia  2,250       
CBDM 
Asia  2,400       
4.3 Demonstrate and  share 
with China and Bangladesh 
the methodology for","Achieve
ments of 
Targets 
in % 
Funding 
Source 
(code) 
Approved 
Budget 
Amount 
Spent 
Expenditure 
in % against 
approved 
budget 
Remarks if 
targets not 
fully 
achieved 
disseminati
on of CBDRR 
elaborated based on inputs 
from NDRCC) 
communities 
done 
CBDM 
Asia  4,000       
4.2 Promote and share 
Disaster Information 
Management System 
(DIMS) for CBDRR as a",10b495d541bde688ebfea7ce2d15dbd8f163ec818657ead3663acb6511bd9560.pdf,10b495d541bde688ebfea7ce2d15dbd8f163ec818657ead3663acb6511bd9560.pdf
Are there specific centers or systems in place that help communities prepare for and respond to disasters based on weather forecasts?,"with China and Bangladesh 
the methodology for 
linking forecast provider 
(DHM) and CBDRR 
communities through 
Emergency Operation 
Centres (EOCs) to 
formulate warnings for at-
risk communities based on 
localized forecasts 
Establish CB 
EWS 
ToR finalized, 
Procurement 
initiation 
30% 
CBDM 
Asia  3,600       
CBDM 
Asia  3,000       
CBDM 
Asia  16,000       
CBDM 
Asia  2,500       
CBDM","beneficiaries: at-risk communities from disaster and climate risks and Government institutions, officials and 
others working in D/CRM sectors. In 2016, some additional districts were added to address the post EQ 2015 
context. District Emergency Operation Centers (DEOCs) were added in Gorkha, Nuwakot, Rasuwa an d",10b495d541bde688ebfea7ce2d15dbd8f163ec818657ead3663acb6511bd9560.pdf,10b495d541bde688ebfea7ce2d15dbd8f163ec818657ead3663acb6511bd9560.pdf
,"Achieve
ments of 
Targets 
in % 
Funding 
Source 
(code) 
Approved 
Budget 
Amount 
Spent 
Expenditure 
in % against 
approved 
budget 
Remarks if 
targets not 
fully 
achieved 
      CBDM 
Asia  500       
      CBDM 
Asia  2,500       
      CBDM 
Asia  2,760       
    Subtotal        37,260       
  
Total for Output 
,00088408         193,364 120,03
7.55 62%","Achieve
ments of 
Targets 
in % 
Funding 
Source 
(code) 
Approved 
Budget 
Amount 
Spent 
Expenditure 
in % against 
approved 
budget 
Remarks if 
targets not 
fully 
achieved 
    TRAC 3,911       
    TRAC 1,784       
    TRAC 8,375       
    TRAC 3,272       
    TRAC 6,541       
    TRAC 3,447       
    TRAC 8,178       
    TRAC 40,692       
    TRAC 6,010       
    TRAC 2,883",10b495d541bde688ebfea7ce2d15dbd8f163ec818657ead3663acb6511bd9560.pdf,10b495d541bde688ebfea7ce2d15dbd8f163ec818657ead3663acb6511bd9560.pdf
,",00088408         193,364 120,03
7.55 62%   
CPAP Output 7.3:  Vulnerable populations have increased knowledge about disaster risk 
management and capacity for climate change adaptation and mitigation of risks (Project 
ID: 88413)           
Result 1. 
Communitie
s in 5 VDCs 
in each 
district 
formulate 
VDC level 
Reconstructi
on Action 
Plans 
(ATLAS 
Activity 1) 
1.1 Community","Sub-Total 
Output 
(Japan fund) 
          250,266 250,26
6 100%   
CPAP Output 7.3:  Vulnerable populations have increased knowledge about disaster risk management and capacity for climate cha nge adaptation 
and mitigation of risks (Project ID: 84111) ATLAS Activity 3",10b495d541bde688ebfea7ce2d15dbd8f163ec818657ead3663acb6511bd9560.pdf,10b495d541bde688ebfea7ce2d15dbd8f163ec818657ead3663acb6511bd9560.pdf
Do people in affected areas get actively involved in the planning and response efforts?,"Plans 
(ATLAS 
Activity 1) 
1.1 Community 
mobilization in each VDC at 
ward level to ensure 
participation of affected 
households, village leaders, 
particularly poor and 
vulnerable households, 
women groups.   
This has been 
completed in 
each of 5 VDCs 
of two districts 
50% ECHO 720       
ECHO 2,000       
ECHO 200       
ECHO 6,500   
    
1.2:Carry out community","stakeholders. At VDC level, inception consultations were organized. 
A total of 647 local people (194 women)  were oriented about the 
project through VDC level meetings and 4,277 people (1498 women, 
549 Dalits, 2139 Janajatis) were oriented about the project activities 
and approach through ward level consultations in all the 10 VDCs in 
two districts.",10b495d541bde688ebfea7ce2d15dbd8f163ec818657ead3663acb6511bd9560.pdf,10b495d541bde688ebfea7ce2d15dbd8f163ec818657ead3663acb6511bd9560.pdf
How do communities typically get involved in planning after a disaster like this?,"ECHO 6,500   
    
1.2:Carry out community 
consultation meetings at 
VDC level to formulate an 
inclusive reconstruction 
plan at VDC level.  
  Community 
consultation 
meeting has 
been conducted 
in all 5 VDCs of 
Sindhupalchowk 
and the 
preliminary data 
of RAP has been 
collected but in 
case of Dolakha 
(5VDC) this has 
been remained 
75% ECHO 6,000       
  ECHO 3,000","activities implementation in 2016. Besides its own resources (TRAC, CPR TTF), DFID, GoJ, ECHO, RoK-UNDP, 
Baidu Foundation, CDBMA/DFID were the principal par tners that provided financial resources for project 
implementation.  ECHO funding was new one mobilized in 2016 for supporting National Reconstruction 
Authority in safer reconstructions in 10 VDCs of Sindhupalchowk and Dolakha.",10b495d541bde688ebfea7ce2d15dbd8f163ec818657ead3663acb6511bd9560.pdf,10b495d541bde688ebfea7ce2d15dbd8f163ec818657ead3663acb6511bd9560.pdf
What's the point of creating houses that can withstand disasters if we're not going to fund them properly?,"Achieve
ments of 
Targets 
in % 
Funding 
Source 
(code) 
Approved 
Budget 
Amount 
Spent 
Expenditure 
in % against 
approved 
budget 
Remarks if 
targets not 
fully 
achieved 
  Sub- Total         25,488       
Result 2 : 
Demonstrati
on of 40 
affordable, 
disaster-
resistant 
houses 
appropriate 
to their local 
context 
providing a 
menu of 
design and 
technology 
options 
enabling","Achieve
ments of 
Targets 
in % 
Funding 
Source 
(code) 
Approved 
Budget 
Amount 
Spent 
Expenditure 
in % against 
approved 
budget 
Remarks if 
targets not 
fully 
achieved 
installed ( 
Atlas 
Activity 1) 
Output 2.2 
Increased 
awareness 
and 
demand-
creation 
leading to 
the 
population 
having 
improved 
understandi
ng and 
awareness 
of safer 
building 
construction 
in the target",10b495d541bde688ebfea7ce2d15dbd8f163ec818657ead3663acb6511bd9560.pdf,10b495d541bde688ebfea7ce2d15dbd8f163ec818657ead3663acb6511bd9560.pdf
How do people usually decide what kind of help they need during a disaster?,"design and 
technology 
options 
enabling 
affected 
households 
to make an 
informed 
choice and 
Training of 
450 local 
artisans on 
locally 
appropriate 
construction 
technologies. 
(ATLAS 
Actiity 2) 
2.1: Consultation meeting 
at ward level in each VDC 
to identify a) most 
appropriate technology 
option based on local 
contexts and available 
resources; b) site for 
demonstration","have. In 2016, consultations at ward and VDC level were 
initiated. VDC secretaries of the project VDCs and district 
stakeholders were consulted to share importance of RAP and to 
gather feedback for moving forward in a participatory way.  
Technology Demonstration Houses (TDH) : One of the main 
objectives of this project is to provide EQ affected people locally",10b495d541bde688ebfea7ce2d15dbd8f163ec818657ead3663acb6511bd9560.pdf,10b495d541bde688ebfea7ce2d15dbd8f163ec818657ead3663acb6511bd9560.pdf
How do they decide which areas and communities need help with rebuilding after a disaster?,"resources; b) site for 
demonstration   
Out of 40,  in 12 
wards (8 from 
Sindhupalchowk 
and 4 from 
Dolakha)  
appropriate 
technology has 
been identified 40% 
ECHO 100       
ECHO 4,800   
    
2.2:Site assessment/ plan, 
identification of local 
masons, preparation of 
construction plan through 
community consultations 
  
construction 
plan of  2 TDH) 
from 
Sindhupalchowk 
has been","plan of  2 TDH) 
from 
Sindhupalchowk 
has been 
prepared  whilst 
local masons in 
all of the 10 
VDCs has been 
identified 40% 
ECHO 640       
ECHO 1,280 
      
2.3: On-site construction of 
demonstration houses 
  
construction 
plan of  2 TDH) 
from 
Sindhupalchowk 
has been 
prepared  whilst 
local masons in 
all of the 10 
VDCs has been 
identified 25% 
ECHO",10b495d541bde688ebfea7ce2d15dbd8f163ec818657ead3663acb6511bd9560.pdf,10b495d541bde688ebfea7ce2d15dbd8f163ec818657ead3663acb6511bd9560.pdf
Do they have a system in place to work with local workers on rebuilding these houses?,"plan of  2 TDH) 
from 
Sindhupalchowk 
has been 
prepared  whilst 
local masons in 
all of the 10 
VDCs has been 
identified 40% 
ECHO 640       
ECHO 1,280 
      
2.3: On-site construction of 
demonstration houses 
  
construction 
plan of  2 TDH) 
from 
Sindhupalchowk 
has been 
prepared  whilst 
local masons in 
all of the 10 
VDCs has been 
identified 25% 
ECHO","resources; b) site for 
demonstration   
Out of 40,  in 12 
wards (8 from 
Sindhupalchowk 
and 4 from 
Dolakha)  
appropriate 
technology has 
been identified 40% 
ECHO 100       
ECHO 4,800   
    
2.2:Site assessment/ plan, 
identification of local 
masons, preparation of 
construction plan through 
community consultations 
  
construction 
plan of  2 TDH) 
from 
Sindhupalchowk 
has been",10b495d541bde688ebfea7ce2d15dbd8f163ec818657ead3663acb6511bd9560.pdf,10b495d541bde688ebfea7ce2d15dbd8f163ec818657ead3663acb6511bd9560.pdf
Is there a certain percentage of households that need to be oriented at the beginning of a project before construction starts?,"identified 25% 
ECHO                     
400        
ECHO                
50,820        
ECHO                     
500    
    
2.4. Orientation of 
households of each ward 
on their respective 
demonstration site at key 
stages of the construction   
Initial discussion 
done 
10% 
ECHO                  
1,800","resources; b) site for 
demonstration   
Out of 40,  in 12 
wards (8 from 
Sindhupalchowk 
and 4 from 
Dolakha)  
appropriate 
technology has 
been identified 40% 
ECHO 100       
ECHO 4,800   
    
2.2:Site assessment/ plan, 
identification of local 
masons, preparation of 
construction plan through 
community consultations 
  
construction 
plan of  2 TDH) 
from 
Sindhupalchowk 
has been",10b495d541bde688ebfea7ce2d15dbd8f163ec818657ead3663acb6511bd9560.pdf,10b495d541bde688ebfea7ce2d15dbd8f163ec818657ead3663acb6511bd9560.pdf
Do you know what kind of process they used to assess how effectively they were using the funds they were given?,"Achieve
ments of 
Targets 
in % 
Funding 
Source 
(code) 
Approved 
Budget 
Amount 
Spent 
Expenditure 
in % against 
approved 
budget 
Remarks if 
targets not 
fully 
achieved 
2.5: Identification of local 
artisans in each ward of the 
10 VDCs   
Initial discussion 
done 
10% 
ECHO                       
80        
ECHO                       
50        
2.6: Organizing training","Achieve
ments of 
Targets 
in % 
Funding 
Source 
(code) 
Approved 
Budget 
Amount 
Spent 
Expenditure 
in % against 
approved 
budget 
Remarks if 
targets not 
fully 
achieved 
Programme 
Support 
(ATLAS 
Activity 4) 
Programme Support Costs 
      ECHO                  
3,793        
      ECHO                  
6,075        
      ECHO                  
7,290",10b495d541bde688ebfea7ce2d15dbd8f163ec818657ead3663acb6511bd9560.pdf,10b495d541bde688ebfea7ce2d15dbd8f163ec818657ead3663acb6511bd9560.pdf
Do they have a plan in place to make sure everyone working on construction projects knows what to do in case of an emergency?,"50        
2.6: Organizing training 
event at key stages of 
construction for identified 
artisans of the respective 
wards at demonstration 
sites   
In total 450 local 
artisans has 
been identified 
from 10 VDCs 
25% 
ECHO                  
1,600        
ECHO                  
4,345  
      
  Sub- Total         66,415       
Result 3. 
Ten Awas 
Nirman 
Saathi 
(trained 
masons with","trained 
# Awareness 
raising to all 
VDCs in 
Sindhupalchowk
, Large no. of 
population 
aware on safer 
construction, at 
least 500 
engineers 
trained on post 
damage 
assessment, 60 
masons trained. 
577 
engineers 
trained, 66 
masons 
trained, 
awareness 
raising done 
in 32 VDCs. 
To raise 
awareness 
for house - 
owners of 
Gorkha, 
Dolakha and 
Sindhupalch
owk through 
Mobile 
Clinics",10b495d541bde688ebfea7ce2d15dbd8f163ec818657ead3663acb6511bd9560.pdf,10b495d541bde688ebfea7ce2d15dbd8f163ec818657ead3663acb6511bd9560.pdf
,"Ten Awas 
Nirman 
Saathi 
(trained 
masons with 
social skills) 
and two 
Mobile 
Clinics reach 
out to 
affected 
households 
to facilitate 
their 
construction 
plans to be 
consistent 
with build 
back better 
principles  
(ATLAS 
Activity 3) 
3.1: Selection, orientation 
and deployment of Awas 
Nirman Saathis (trained 
masons with social skills) 
to 10 VDCs   
10 ANS has been 
selected,","through Mobile Van Technological Clinics (MTC) and house-to-house campaigns by project's Aawas Nirman 
Saathi (trained masons). Local youths have also been trained as ""masons"" from the EQ affected districts to 
contribute for safer reconstructions towards building resilient communities. 
 
7.10 Innovation",10b495d541bde688ebfea7ce2d15dbd8f163ec818657ead3663acb6511bd9560.pdf,10b495d541bde688ebfea7ce2d15dbd8f163ec818657ead3663acb6511bd9560.pdf
Do these volunteers go back to the same areas a few times to check on how things are going?,"to 10 VDCs   
10 ANS has been 
selected, 
oriented and 
deployed 
1 
ECHO                     
480        
ECHO                     
150        
ECHO                  
1,200        
3.2: Periodic field visits by 
Awas Nirmaan Saathi 
(ANS) to households and 
sites in respective VDCs to 
provide guidance and 
facilitation support for 
reconstruction. 
  
ANSs mobilized, 
started their 
work","activities implementation in 2016. Besides its own resources (TRAC, CPR TTF), DFID, GoJ, ECHO, RoK-UNDP, 
Baidu Foundation, CDBMA/DFID were the principal par tners that provided financial resources for project 
implementation.  ECHO funding was new one mobilized in 2016 for supporting National Reconstruction 
Authority in safer reconstructions in 10 VDCs of Sindhupalchowk and Dolakha.",10b495d541bde688ebfea7ce2d15dbd8f163ec818657ead3663acb6511bd9560.pdf,10b495d541bde688ebfea7ce2d15dbd8f163ec818657ead3663acb6511bd9560.pdf
How does the amount of money spent on a project compare to the original budget that was approved for it?,"Achieve
ments of 
Targets 
in % 
Funding 
Source 
(code) 
Approved 
Budget 
Amount 
Spent 
Expenditure 
in % against 
approved 
budget 
Remarks if 
targets not 
fully 
achieved 
Programme 
Support 
(ATLAS 
Activity 4) 
Programme Support Costs 
      ECHO                  
3,793        
      ECHO                  
6,075        
      ECHO                  
7,290","Achieve
ments of 
Targets 
in % 
Funding 
Source 
(code) 
Approved 
Budget 
Amount 
Spent 
Expenditure 
in % against 
approved 
budget 
Remarks if 
targets not 
fully 
achieved 
          DFID 34       
Sub Total Activity Result 7         31,001 29,702
.99 96%   
Activity 
Result 8:  
Managemen
t, M&E and 
support 
services 
(ATLAS 
Activity 8) 
Activity 8.1: Oversight 
planning as well as the",10b495d541bde688ebfea7ce2d15dbd8f163ec818657ead3663acb6511bd9560.pdf,10b495d541bde688ebfea7ce2d15dbd8f163ec818657ead3663acb6511bd9560.pdf
Are they talking about a process for preparing for emergencies or something like that?,"85 | P a g e  
 
  
14. ANNEXES 
 
Annex 1:  Photo Gallery- Activities in 2016  
 
 
 
 
 
 
 
 
 
 
 
 
 
 
 
 
  
District consultation for DRR-CCA mainstreaming Guideline, 
Dolakha 
Participants of DRR Focal Points Orientation","fourteenth periodic plan 2016/17 -2018/019. Consolidation of learning, issues, gaps and way 
forward for effective mainstreaming of DRR in the planning process was achieved through  a 
Mainstreaming Guideline on DRR-CCA drafted based on a regional level DRR mainstreaming 
workshop held in Biratnaga r for eastern region stakeholders  (fourth in series - one for central",10b495d541bde688ebfea7ce2d15dbd8f163ec818657ead3663acb6511bd9560.pdf,10b495d541bde688ebfea7ce2d15dbd8f163ec818657ead3663acb6511bd9560.pdf
Is there a particular area or place that's being prioritized for some kind of emergency planning or response?,"Participants of DRR Focal Points Orientation 
UNDP DCD Ms. Sophie Kemkhadze addressing e-BPS Launch, 
Kirtipur Municipality 
 Melamchi municipality declared for NBC implementation","ity 
outside 
KV 
6 urbanizing 
VDCs and 3 
municipalitie
s, and 
KMC/LSMC 
in KV. 3 
municipalitie
s outside KV 
 
6 VDCs, 3 
municipalities 
and in KMC 
and LSM C. 3 
municipalities 
outside KV 
  
Further 
strengthening 
in KV. NBC 
implementation 
started in 3 
municipalities. 
Support to 3 
municipalities 
outside KV 
Kirtipur and 
LSMC launched 
e-BPS. 
Chautara, 
Melamchi and 
Panchkhal",10b495d541bde688ebfea7ce2d15dbd8f163ec818657ead3663acb6511bd9560.pdf,10b495d541bde688ebfea7ce2d15dbd8f163ec818657ead3663acb6511bd9560.pdf
How do the local communities usually get involved in deciding who receives help after a disaster?,"86 | P a g e  
 
  
  
Consultation with local people on beneficiary selection, 
Fasku, Dolakha 
Ward level consultation, Irkhu, Sindhupalchowk 
Participants of ACDO workshop on EPRER, Pokhara","Sindhupalchowk districts. In addition, CDRMP implemented some of applicable recommendations received 
from the two interventions: (i) Evaluation of the partnership with Nepal Administrative Staff College (NASC), 
Local Development Training  Academy (LDTA) and Tribhuvan University Central Department of",10b495d541bde688ebfea7ce2d15dbd8f163ec818657ead3663acb6511bd9560.pdf,10b495d541bde688ebfea7ce2d15dbd8f163ec818657ead3663acb6511bd9560.pdf
How does the emergency response system in Nepal connect with the public in real-time during a disaster?,"Participants of ACDO workshop on EPRER, Pokhara 
 Realtime data from EWS Maadi, Chitwan - linked with DHM website","MoHA and DoA and other 
line agencies  
1 Consultant to 
support 
application of 
weather related 
forecast data (3-
5 days) into 
agricultural 
sector (i.e. 
application 
sectoral EWS)  
 
EWS network 
strengthened 
3 days weather 
forecast system 
developed 
integrated in 
DHM website. 
Supported DHM 
with improved 
database and IT 
system of DHM. 
100% BCPR-
SWE 5,852",10b495d541bde688ebfea7ce2d15dbd8f163ec818657ead3663acb6511bd9560.pdf,10b495d541bde688ebfea7ce2d15dbd8f163ec818657ead3663acb6511bd9560.pdf
Is there a system in place to alert people in a specific area before a big event or disaster happens?,"87 | P a g e  
 
  
 
 
 
 
 
 
 
 
 
  
 
Community based Early Warning System, Riu-khola, Maadi, 
Chitwan 
Masons in practical session of safer construction training, 
Maadi, Chitwan 
Community based Early Warning System, Riu-khola, Maadi,","based organizations, one training on institutional 
development and documentation and 1 exposure 
visit was organized in which about 100 individuals 
and local actors benefitted. 
o For community based early warning system in 
Maadi, Chitwan, 5 Automatic hydrological and 
meteorological stations were established at 
different locations: Bankatta, Chharchare,",10b495d541bde688ebfea7ce2d15dbd8f163ec818657ead3663acb6511bd9560.pdf,10b495d541bde688ebfea7ce2d15dbd8f163ec818657ead3663acb6511bd9560.pdf
"What's this ""NBC"" thing, how does it relate to emergency situations?","Chitwan 
Weekly orientation on NBC implementation, Melamchi 
municipalty, Sindhupalchowk","The key progress made in 2016 under MDGTFI (with funding support from RoK-UNDP) project in 
Chitwan and Sindhupalchowk are mentioned below: 
• The activities under this sub-component also includes both, national level and community level. At 
community level, activities were carried out through 6 CBOs in Chitwan and 10 CBOs in 
Sindhupalchowk district under MCG modality.",10b495d541bde688ebfea7ce2d15dbd8f163ec818657ead3663acb6511bd9560.pdf,10b495d541bde688ebfea7ce2d15dbd8f163ec818657ead3663acb6511bd9560.pdf
Is this list related to some kind of plan or system to help communities deal with emergency situations?,"88 | P a g e  
 
  
 
A woman involved in vegetable cultivation, Maadi, 
Chitwan 
Plastic pond, Maadi, Chitwan 
Early Warning System- announcement, Maadi, Chitwan 
Solar panel support in Giranchaur, Sindhupalchowk","preparation of five LDRMPs in Sindhupalchowk initiated. 
Community based early warning system in Maadi, Chitwan  has been strengthened through  5 
Automatic hydrological and meteorological stations set up  at Bank atta, Chharchare, Kalyanpur, 
Govindabasti and Thori. One EWS station has been installed in Sot-khola sub-watershed of Surkhet.",10b495d541bde688ebfea7ce2d15dbd8f163ec818657ead3663acb6511bd9560.pdf,10b495d541bde688ebfea7ce2d15dbd8f163ec818657ead3663acb6511bd9560.pdf
Do you think there's a connection between the biogas plant and disaster management or emergency preparedness somehow?,"91 | P a g e  
 
  
 
Annex 3: Stories on Women Empowerment 
 
 
Changes brought in women's daily lives due to Biogas Plant Installation 
 
SURKHET- Tulsi Jaisi, president of the Biogas plant users’","biogas plants in rural areas and it helped many rural households with low income make biogas 
technology affordable and accessible to a great extent. Today, other farmer s like Jaisi are satisfied 
for their decision to build plants, as they can reap more benefits than they imagined. “The biogas 
technology has brought so many positive changes in our lives. Certainly, all the families who own",10b495d541bde688ebfea7ce2d15dbd8f163ec818657ead3663acb6511bd9560.pdf,10b495d541bde688ebfea7ce2d15dbd8f163ec818657ead3663acb6511bd9560.pdf
"Doesn't burning all those firewoods for cooking pose some kind of health risk, especially to people who spend a lot of time around it?","group is the first one to install biogas plant in her village 
Sirichaur, Kunathari VDC Surkhet. She used to cook in a 
traditional stove that required a lot of firewood and extra 
effort. The smoke and soot produced by burning firewood  
caused eye and throat problems to her and her family 
memebers .  But time has changed now and the daily cooking","decided to transfer to the other wards i.e. Belchaur 5, Kunathari. She shows her satisfaction that the 
biogas users group is planning to collect seed money for maintenance training for their use. 
“I was planning to construct an improved cooking stove but I 
changed my mind when I came to know that Masina CFUG is 
coordinating to construct biogas plants in my village. It was",10b495d541bde688ebfea7ce2d15dbd8f163ec818657ead3663acb6511bd9560.pdf,10b495d541bde688ebfea7ce2d15dbd8f163ec818657ead3663acb6511bd9560.pdf
Does installing a system like that help with emergency situations or disasters?,"chores have become much easier after the installation of 
biogas plant. Her kitchen has a cl ean cooking system which 
requires no firewood and this has resulted in improvement in 
her family’s health as no smoke is produced while cooking. Tulsi says she guide her children in their 
homework at the same time she is busy in cooking. She says “I am very glad that we took initiative","biogas plants feel the same”  says Jaisi. She used to spend several hours to collect firewood every 
Saturday in the near forest.  But now, due to biogas, her family does not need to spend money on 
firewood because biogas suffices the fuel requirement for cooking. “The neighbors often visit us and 
get impressed by knowing how easy it is to save money, reduce cooking time and hence enable women",10b495d541bde688ebfea7ce2d15dbd8f163ec818657ead3663acb6511bd9560.pdf,10b495d541bde688ebfea7ce2d15dbd8f163ec818657ead3663acb6511bd9560.pdf
Does the biogas system have something to do with helping the community be prepared for extreme weather events?,"for installing the biogas in our village and now our living standard has improved”.  
The local community based organization Shree Masina Community Forest Users Group (CFUG) has 
implemented Climate Risk Management and Livelih ood 
Promotion Project in this village. Under this project, it has 
completed the construction of 8 biogas plants in Sirichaur","decided to transfer to the other wards i.e. Belchaur 5, Kunathari. She shows her satisfaction that the 
biogas users group is planning to collect seed money for maintenance training for their use. 
“I was planning to construct an improved cooking stove but I 
changed my mind when I came to know that Masina CFUG is 
coordinating to construct biogas plants in my village. It was",10b495d541bde688ebfea7ce2d15dbd8f163ec818657ead3663acb6511bd9560.pdf,10b495d541bde688ebfea7ce2d15dbd8f163ec818657ead3663acb6511bd9560.pdf
How did they help build biogas plants in this particular region?,"and 12 biogas plants in Belchaur each with 6 cubic meter 
capacity. In Sajgaire , the community consists of 20 
households, of which 1 4 are Janajatis  and 6 are 
Bahun/Chhetri). Total no. of beneficiaries population are 
104 (Female: 60,Male :44) base d on ethnicity.  Twenty 
Biogas plants have been constructed with the support of 
UNDP/CDRMP.During the period of construction Masina","as we’ve already started 12 biogas plants construction in Belchaur with the support of UNDP/CDRMP. 
In addition, the Community Forest Users Groups (CFUGs) are also helping to construct 21 more biogas 
plants in Belchaur on their own expenses. They are also coordinating with other organizations to 
develop Belchaur as a Namuna Village in Biogas plant. In Belchaur, there has already been 33 HHs",10b495d541bde688ebfea7ce2d15dbd8f163ec818657ead3663acb6511bd9560.pdf,10b495d541bde688ebfea7ce2d15dbd8f163ec818657ead3663acb6511bd9560.pdf
How does the program help the families with building something in a way that's assisted by the government?,"CFUG had also coordinated with K.P Business Pvt.  Ltd, 
Birendranagar (one technical, fitting materials and cooking stoves under government subsidy), 
Shree Aampani CFUG, Kunathari, Shree Salleri CFUG for further support to make the program a big 
success.  
The programme provided technical and financial support as well as subsidy to the families to build","decided to transfer to the other wards i.e. Belchaur 5, Kunathari. She shows her satisfaction that the 
biogas users group is planning to collect seed money for maintenance training for their use. 
“I was planning to construct an improved cooking stove but I 
changed my mind when I came to know that Masina CFUG is 
coordinating to construct biogas plants in my village. It was",10b495d541bde688ebfea7ce2d15dbd8f163ec818657ead3663acb6511bd9560.pdf,10b495d541bde688ebfea7ce2d15dbd8f163ec818657ead3663acb6511bd9560.pdf
Does the biogas technology make a big difference in the daily lives of people living in rural areas?,"biogas plants in rural areas and it helped many rural households with low income make biogas 
technology affordable and accessible to a great extent. Today, other farmer s like Jaisi are satisfied 
for their decision to build plants, as they can reap more benefits than they imagined. “The biogas 
technology has brought so many positive changes in our lives. Certainly, all the families who own","biogas plants feel the same”  says Jaisi. She used to spend several hours to collect firewood every 
Saturday in the near forest.  But now, due to biogas, her family does not need to spend money on 
firewood because biogas suffices the fuel requirement for cooking. “The neighbors often visit us and 
get impressed by knowing how easy it is to save money, reduce cooking time and hence enable women",10b495d541bde688ebfea7ce2d15dbd8f163ec818657ead3663acb6511bd9560.pdf,10b495d541bde688ebfea7ce2d15dbd8f163ec818657ead3663acb6511bd9560.pdf
Does making it easier to find alternative fuel sources help reduce some of the challenges people in these communities face?,"biogas plants feel the same”  says Jaisi. She used to spend several hours to collect firewood every 
Saturday in the near forest.  But now, due to biogas, her family does not need to spend money on 
firewood because biogas suffices the fuel requirement for cooking. “The neighbors often visit us and 
get impressed by knowing how easy it is to save money, reduce cooking time and hence enable women","biogas plants in rural areas and it helped many rural households with low income make biogas 
technology affordable and accessible to a great extent. Today, other farmer s like Jaisi are satisfied 
for their decision to build plants, as they can reap more benefits than they imagined. “The biogas 
technology has brought so many positive changes in our lives. Certainly, all the families who own",10b495d541bde688ebfea7ce2d15dbd8f163ec818657ead3663acb6511bd9560.pdf,10b495d541bde688ebfea7ce2d15dbd8f163ec818657ead3663acb6511bd9560.pdf
Do you think people's health improves because of this system?,"to take up other activities and increase overall health situation by reducing smoke and soot in the 
kitchen. It eliminates health hazards caused by indoor air pollution. We have completed 8 biogas plants","biogas plants in rural areas and it helped many rural households with low income make biogas 
technology affordable and accessible to a great extent. Today, other farmer s like Jaisi are satisfied 
for their decision to build plants, as they can reap more benefits than they imagined. “The biogas 
technology has brought so many positive changes in our lives. Certainly, all the families who own",10b495d541bde688ebfea7ce2d15dbd8f163ec818657ead3663acb6511bd9560.pdf,10b495d541bde688ebfea7ce2d15dbd8f163ec818657ead3663acb6511bd9560.pdf
How did the people in Sirichaur work together to save costs on their construction project?,"92 | P a g e  
 
  
in sirichaur by helping each other during the construction 
work. That is how we saved labor cost” explains Jaisi smiling 
with pride. She says that they were the same people who","that the biogas would not be beneficial for them. Jaisi still 
remembers those days of their hardwork and team building 
among the 8 beneficiaries in Sirichaur. At that time, she was little upset because she had tried to 
convince the remaining 12 beneficiaries to construct biogas plant but she couldn’t. The users group",10b495d541bde688ebfea7ce2d15dbd8f163ec818657ead3663acb6511bd9560.pdf,10b495d541bde688ebfea7ce2d15dbd8f163ec818657ead3663acb6511bd9560.pdf
Wouldn't having to transport all the materials by hand end up delaying the whole project?,"had agreed to initiate t he construction but finally they 
changed their mind as 
they considered that 
they had to carry all 
the required materials 
like cement, fitting 
materials from 
Baddichaur, Kunathari 
and sands from Sotkhola river by themselves due to the lack of 
transportation. This would take 2-3 hours. They also suspected","could reach about 2,000 HHs in 54 VDCs of Sindhupalchowk. 
Similarly, technological research and demonstration for 
supporting reconstruction in the EQ affected districts, piloting 
of four different initiatives namely (i) construction of 
prototype for GI contained stone masonry building, (ii) 
construction of prototype for Compressed Stabilized Earthen",10b495d541bde688ebfea7ce2d15dbd8f163ec818657ead3663acb6511bd9560.pdf,10b495d541bde688ebfea7ce2d15dbd8f163ec818657ead3663acb6511bd9560.pdf
Did they end up building the biogas plants with the other group?,"that the biogas would not be beneficial for them. Jaisi still 
remembers those days of their hardwork and team building 
among the 8 beneficiaries in Sirichaur. At that time, she was little upset because she had tried to 
convince the remaining 12 beneficiaries to construct biogas plant but she couldn’t. The users group","biogas plants in rural areas and it helped many rural households with low income make biogas 
technology affordable and accessible to a great extent. Today, other farmer s like Jaisi are satisfied 
for their decision to build plants, as they can reap more benefits than they imagined. “The biogas 
technology has brought so many positive changes in our lives. Certainly, all the families who own",10b495d541bde688ebfea7ce2d15dbd8f163ec818657ead3663acb6511bd9560.pdf,10b495d541bde688ebfea7ce2d15dbd8f163ec818657ead3663acb6511bd9560.pdf
Is there something about improving homes with cooking that they're focusing on in this group?,"decided to transfer to the other wards i.e. Belchaur 5, Kunathari. She shows her satisfaction that the 
biogas users group is planning to collect seed money for maintenance training for their use. 
“I was planning to construct an improved cooking stove but I 
changed my mind when I came to know that Masina CFUG is 
coordinating to construct biogas plants in my village. It was","for installing the biogas in our village and now our living standard has improved”.  
The local community based organization Shree Masina Community Forest Users Group (CFUG) has 
implemented Climate Risk Management and Livelih ood 
Promotion Project in this village. Under this project, it has 
completed the construction of 8 biogas plants in Sirichaur",10b495d541bde688ebfea7ce2d15dbd8f163ec818657ead3663acb6511bd9560.pdf,10b495d541bde688ebfea7ce2d15dbd8f163ec818657ead3663acb6511bd9560.pdf
Does using that digested slurry for fertilizers really make a big difference in farm production?,"like I found a diamond  while searching for coal”  says Bal 
Kumari Jaisai “I’m glad that I had used the slurry and the 
production has improved this year”  says Jaisai she also 
explains how the digested slurry, discharged from her biogas 
plant proved to be far more effective than th e chemical 
fertilizers. Many farmers 
have realized the","fertilizers. Many farmers 
have realized the 
difference brought by the use of bio-slurry as fertilizer and they 
have are gradually reducing the use of chemical fertilizers like 
Urea, Diammonium Phosphate (DAP) and Potash.  
“Environmentally, when we use biogas as energy resource, it 
contributes to clean environment. Organic wastes are",10b495d541bde688ebfea7ce2d15dbd8f163ec818657ead3663acb6511bd9560.pdf,10b495d541bde688ebfea7ce2d15dbd8f163ec818657ead3663acb6511bd9560.pdf
Does using certain types of waste to fertilize soil help the environment somehow?,"fertilizers. Many farmers 
have realized the 
difference brought by the use of bio-slurry as fertilizer and they 
have are gradually reducing the use of chemical fertilizers like 
Urea, Diammonium Phosphate (DAP) and Potash.  
“Environmentally, when we use biogas as energy resource, it 
contributes to clean environment. Organic wastes are","transformed into high -quality enriched bio -manure/fertilizer 
that reduces deforestation and improves biodiversity. The by -
product of the biogas plant is high-quality manure that improves 
soil condition” says Manoj Pandey, Secretary of Shree Masina CFUG, Kunathari.  
“We are planning to develop Belchaur village as a Namuna (model) Village in Biogas Plant installation",10b495d541bde688ebfea7ce2d15dbd8f163ec818657ead3663acb6511bd9560.pdf,10b495d541bde688ebfea7ce2d15dbd8f163ec818657ead3663acb6511bd9560.pdf
Does the biogas plant help to protect the environment in a way that also benefits the local community?,"transformed into high -quality enriched bio -manure/fertilizer 
that reduces deforestation and improves biodiversity. The by -
product of the biogas plant is high-quality manure that improves 
soil condition” says Manoj Pandey, Secretary of Shree Masina CFUG, Kunathari.  
“We are planning to develop Belchaur village as a Namuna (model) Village in Biogas Plant installation","as we’ve already started 12 biogas plants construction in Belchaur with the support of UNDP/CDRMP. 
In addition, the Community Forest Users Groups (CFUGs) are also helping to construct 21 more biogas 
plants in Belchaur on their own expenses. They are also coordinating with other organizations to 
develop Belchaur as a Namuna Village in Biogas plant. In Belchaur, there has already been 33 HHs",10b495d541bde688ebfea7ce2d15dbd8f163ec818657ead3663acb6511bd9560.pdf,10b495d541bde688ebfea7ce2d15dbd8f163ec818657ead3663acb6511bd9560.pdf
What role did the Community Forest Users Groups play in the overall project in Belchaur?,"as we’ve already started 12 biogas plants construction in Belchaur with the support of UNDP/CDRMP. 
In addition, the Community Forest Users Groups (CFUGs) are also helping to construct 21 more biogas 
plants in Belchaur on their own expenses. They are also coordinating with other organizations to 
develop Belchaur as a Namuna Village in Biogas plant. In Belchaur, there has already been 33 HHs","transformed into high -quality enriched bio -manure/fertilizer 
that reduces deforestation and improves biodiversity. The by -
product of the biogas plant is high-quality manure that improves 
soil condition” says Manoj Pandey, Secretary of Shree Masina CFUG, Kunathari.  
“We are planning to develop Belchaur village as a Namuna (model) Village in Biogas Plant installation",10b495d541bde688ebfea7ce2d15dbd8f163ec818657ead3663acb6511bd9560.pdf,10b495d541bde688ebfea7ce2d15dbd8f163ec818657ead3663acb6511bd9560.pdf
Who is involved in setting up those gas-generating facilities?,who have constructed biogas plants” says Chandra Gautam ( President of Masina CFUG).,"decided to transfer to the other wards i.e. Belchaur 5, Kunathari. She shows her satisfaction that the 
biogas users group is planning to collect seed money for maintenance training for their use. 
“I was planning to construct an improved cooking stove but I 
changed my mind when I came to know that Masina CFUG is 
coordinating to construct biogas plants in my village. It was",10b495d541bde688ebfea7ce2d15dbd8f163ec818657ead3663acb6511bd9560.pdf,10b495d541bde688ebfea7ce2d15dbd8f163ec818657ead3663acb6511bd9560.pdf
